id,name,inn,region,period,revenue,net_profit,ebit
10848301,"ООО ""СТС""",8603235783,ХАНТЫ-МАНСИЙСКИЙ АВТОНОМНЫЙ ОКРУГ - ЮГРА,2024,0.0,0.0,0.0
10848301,"ООО ""СТС""",8603235783,ХАНТЫ-МАНСИЙСКИЙ АВТОНОМНЫЙ ОКРУГ - ЮГРА,2023,0.0,0.0,0.0
10848301,"ООО ""СТС""",8603235783,ХАНТЫ-МАНСИЙСКИЙ АВТОНОМНЫЙ ОКРУГ - ЮГРА,2022,0.0,0.0,0.0
10848301,"ООО ""СТС""",8603235783,ХАНТЫ-МАНСИЙСКИЙ АВТОНОМНЫЙ ОКРУГ - ЮГРА,2021,0.0,0.0,0.0
822169,"ООО ""СКИТ""",4718041353,ЛЕНИНГРАДСКАЯ,2023,0.0,0.0,0.0
822169,"ООО ""СКИТ""",4718041353,ЛЕНИНГРАДСКАЯ,2022,0.0,0.0,0.0
822169,"ООО ""СКИТ""",4718041353,ЛЕНИНГРАДСКАЯ,2021,0.0,0.0,0.0
12050281,"ООО ""ТОБИ""",9729336213,МОСКВА,2023,2033.0,0.0,0.0
12050281,"ООО ""ТОБИ""",9729336213,МОСКВА,2022,0.0,0.0,0.0
11701964,"ООО ""БАЛТСТРОЙ""",3906407841,КАЛИНИНГРАДСКАЯ,2023,173.0,44.0,36.0
11701964,"ООО ""БАЛТСТРОЙ""",3906407841,КАЛИНИНГРАДСКАЯ,2022,720.0,73.0,66.0
11701964,"ООО ""БАЛТСТРОЙ""",3906407841,КАЛИНИНГРАДСКАЯ,2021,0.0,0.0,0.0
11787844,"ООО ""СПАК""",7714482190,МОСКВА,2023,0.0,-357.0,-357.0
11787844,"ООО ""СПАК""",7714482190,МОСКВА,2022,457.0,184.0,211.0
8826434,"ООО ""ЮБК-СПЕЦМОНТАЖ""",9103004194,КРЫМ,2022,0.0,0.0,0.0
8826434,"ООО ""ЮБК-СПЕЦМОНТАЖ""",9103004194,КРЫМ,2021,0.0,0.0,0.0
11973192,"ООО ""КАРДСТРОЙ""",7707476069,МОСКВА,2022,3120.0,0.0,0.0
12126371,"ООО ""МЕГА-СТРОЙ136""",3662304140,ВОРОНЕЖСКАЯ,2023,1981.0,26.0,19.0
12254922,"ООО ""БОЛЬШОЙ АХУН""",2366043708,КРАСНОДАРСКИЙ,2023,0.0,0.0,0.0
12463098,"ООО ""ДЕКРОВУД""",7751314758,МОСКВА,2024,0.0,-7.0,-7.0
11925422,"ООО ""СТРОЙКОЛОС""",7743389735,МОСКВА,2024,55845.0,67.0,84.0
11925422,"ООО ""СТРОЙКОЛОС""",7743389735,МОСКВА,2023,210956.0,331.0,414.0
11925422,"ООО ""СТРОЙКОЛОС""",7743389735,МОСКВА,2022,16654.0,87.0,109.0
11879212,"ООО ""ПРОМЕТЕЙ""",7716967850,МОСКВА,2022,113105.0,71.0,59.0
7529265,"ООО ""АЛЬЯНС""",8620020812,ХАНТЫ-МАНСИЙСКИЙ АВТОНОМНЫЙ ОКРУГ - ЮГРА,2023,1466.0,195.0,175.0
7529265,"ООО ""АЛЬЯНС""",8620020812,ХАНТЫ-МАНСИЙСКИЙ АВТОНОМНЫЙ ОКРУГ - ЮГРА,2022,5152.0,-19.0,-112.0
7529265,"ООО ""АЛЬЯНС""",8620020812,ХАНТЫ-МАНСИЙСКИЙ АВТОНОМНЫЙ ОКРУГ - ЮГРА,2021,0.0,-6866.0,-6866.0
11945420,"ООО ""ЭКВАТОР""",9723168273,МОСКВА,2022,23158.0,122.0,142.0
12139778,"ООО ""ПРОМСТРОЙТРЕСТ""",2100005768,ЧУВАШСКАЯ РЕСПУБЛИКА -,2023,0.0,0.0,0.0
11094100,"ООО ""РЕСТРОЙ""",274948164,БАШКОРТОСТАН,2021,340.0,1.0,19.0
11852161,"ООО ""МОС ПРОМ СТ""",9706024112,МОСКВА,2022,8023.0,40.0,30.0
1768099,"ООО ""КВАРТИРНЫЙ ВОПРОС""",6450065305,САРАТОВСКАЯ,2024,0.0,0.0,0.0
1768099,"ООО ""КВАРТИРНЫЙ ВОПРОС""",6450065305,САРАТОВСКАЯ,2023,0.0,0.0,0.0
1768099,"ООО ""КВАРТИРНЫЙ ВОПРОС""",6450065305,САРАТОВСКАЯ,2022,0.0,0.0,0.0
1768099,"ООО ""КВАРТИРНЫЙ ВОПРОС""",6450065305,САРАТОВСКАЯ,2021,0.0,0.0,0.0
10077617,"ООО ""СК СТЕЙБЛ""",7720367164,МОСКВА,2023,0.0,0.0,0.0
10077617,"ООО ""СК СТЕЙБЛ""",7720367164,МОСКВА,2022,0.0,0.0,0.0
10077617,"ООО ""СК СТЕЙБЛ""",7720367164,МОСКВА,2021,0.0,0.0,0.0
12116585,"ООО ""КОМПАС""",9718220217,МОСКВА,2023,5066.0,16.0,20.0
8470633,"ООО ""БЕТОНСЕРВИС""",5501256997,ОМСКАЯ,2023,0.0,0.0,0.0
8470633,"ООО ""БЕТОНСЕРВИС""",5501256997,ОМСКАЯ,2022,0.0,0.0,0.0
8470633,"ООО ""БЕТОНСЕРВИС""",5501256997,ОМСКАЯ,2021,75.0,7.0,5.0
6582910,"ООО ""РЕМСТРОЙКОМПЛЕКТ""",7604048745,ЯРОСЛАВСКАЯ,2022,0.0,0.0,0.0
6582910,"ООО ""РЕМСТРОЙКОМПЛЕКТ""",7604048745,ЯРОСЛАВСКАЯ,2021,0.0,0.0,0.0
11326203,"ООО ""ДИМАКСТРОЙ""",7733355350,МОСКВА,2021,6663.0,1.0,1.0
10716217,"ООО ""АРГУС""",9718105670,САНКТ-ПЕТЕРБУРГ,2023,383279.0,2243.0,2804.0
10716217,"ООО ""АРГУС""",9718105670,САНКТ-ПЕТЕРБУРГ,2022,250766.0,4538.0,5676.0
10716217,"ООО ""АРГУС""",9718105670,САНКТ-ПЕТЕРБУРГ,2021,554.0,-51.0,-51.0
11093635,"ООО ""ЛИДЕРС""",6168107932,РОСТОВСКАЯ,2022,0.0,0.0,0.0
11093635,"ООО ""ЛИДЕРС""",6168107932,РОСТОВСКАЯ,2021,0.0,0.0,0.0
9731518,"ООО ""ВОДНЫЙ МИР""",1435307448,САХА (ЯКУТИЯ),2023,0.0,0.0,0.0
9731518,"ООО ""ВОДНЫЙ МИР""",1435307448,САХА (ЯКУТИЯ),2022,0.0,0.0,0.0
9731518,"ООО ""ВОДНЫЙ МИР""",1435307448,САХА (ЯКУТИЯ),2021,0.0,0.0,0.0
8210116,"ООО ""МЕГАСТРОЙ""",5038102392,ВЛАДИМИРСКАЯ,2023,0.0,0.0,0.0
8210116,"ООО ""МЕГАСТРОЙ""",5038102392,ВЛАДИМИРСКАЯ,2022,0.0,0.0,0.0
8210116,"ООО ""МЕГАСТРОЙ""",5038102392,ВЛАДИМИРСКАЯ,2021,0.0,0.0,0.0
11847685,"ООО ""РИГА""",7735194891,МОСКВА,2022,12188.0,104.0,78.0
6076624,"ООО ""ОТДЕЛСЕРВИС""",6231051243,РЯЗАНСКАЯ,2023,0.0,1438.0,1453.0
6076624,"ООО ""ОТДЕЛСЕРВИС""",6231051243,РЯЗАНСКАЯ,2022,40189.0,21744.0,21864.0
6076624,"ООО ""ОТДЕЛСЕРВИС""",6231051243,РЯЗАНСКАЯ,2021,63864.0,16756.0,17204.0
11927839,"ООО ""ДРАМ""",2540271256,ПРИМОРСКИЙ,2022,5516.0,30.0,38.0
9041248,"ООО ""КАПИТАЛСТРОЙ""",9204546891,СЕВАСТОПОЛЬ,2023,0.0,0.0,0.0
9041248,"ООО ""КАПИТАЛСТРОЙ""",9204546891,СЕВАСТОПОЛЬ,2022,0.0,0.0,0.0
9041248,"ООО ""КАПИТАЛСТРОЙ""",9204546891,СЕВАСТОПОЛЬ,2021,0.0,0.0,0.0
11687144,"ООО ""ПАРТНЁР""",5404222294,НОВОСИБИРСКАЯ,2021,0.0,0.0,0.0
955189,"ООО ""ТЕМП""",411123489,АЛТАЙ,2023,0.0,40.0,37.0
955189,"ООО ""ТЕМП""",411123489,АЛТАЙ,2022,0.0,0.0,0.0
955189,"ООО ""ТЕМП""",411123489,АЛТАЙ,2021,0.0,45.0,45.0
11736704,"ООО ""СИСТЕМА""",2311328052,КРАСНОДАРСКИЙ,2023,0.0,-1.0,-1.0
11736704,"ООО ""СИСТЕМА""",2311328052,КРАСНОДАРСКИЙ,2022,100.0,93.0,99.0
10386598,"ООО ""АЗБУКА КАПИТАЛА""",7604332139,ЯРОСЛАВСКАЯ,2022,0.0,0.0,0.0
10386598,"ООО ""АЗБУКА КАПИТАЛА""",7604332139,ЯРОСЛАВСКАЯ,2021,0.0,0.0,0.0
10924888,"ООО ""РЕМСЕРВИС""",3702213277,ИВАНОВСКАЯ,2023,0.0,0.0,0.0
10924888,"ООО ""РЕМСЕРВИС""",3702213277,ИВАНОВСКАЯ,2022,10505.0,344.0,258.0
10924888,"ООО ""РЕМСЕРВИС""",3702213277,ИВАНОВСКАЯ,2021,27571.0,891.0,668.0
12095654,"ООО ""КВАРТАЛ""",9727024787,МОСКВА,2023,10944.0,62.0,77.0
10826554,"ООО ""КОНТРАСТ""",9203545197,СЕВАСТОПОЛЬ,2023,2656.0,8.0,6.0
10826554,"ООО ""КОНТРАСТ""",9203545197,СЕВАСТОПОЛЬ,2022,0.0,0.0,0.0
10826554,"ООО ""КОНТРАСТ""",9203545197,СЕВАСТОПОЛЬ,2021,0.0,0.0,0.0
11568782,"ООО ""НАВИГАТОРЪ""",7707451642,МОСКВА,2022,0.0,0.0,0.0
11568782,"ООО ""НАВИГАТОРЪ""",7707451642,МОСКВА,2021,18130.0,64.0,56.0
2466193,"ООО ""ДЕЛЬТА""",1632013990,ТАТАРСТАН,2023,42443.0,26.0,33.0
2466193,"ООО ""ДЕЛЬТА""",1632013990,ТАТАРСТАН,2022,0.0,0.0,0.0
2466193,"ООО ""ДЕЛЬТА""",1632013990,ТАТАРСТАН,2021,0.0,0.0,0.0
7448576,"ООО ""МАСТЕРСТРОЙ""",277122866,БАШКОРТОСТАН,2022,0.0,0.0,0.0
7448576,"ООО ""МАСТЕРСТРОЙ""",277122866,БАШКОРТОСТАН,2021,0.0,0.0,0.0
11229889,"ООО ""СК ГАРАНТ СТРОЙ""",9729293344,МОСКВА,2022,0.0,-22.0,-18.0
11229889,"ООО ""СК ГАРАНТ СТРОЙ""",9729293344,МОСКВА,2021,0.0,-15.0,-13.0
10998069,"ООО ""ДОСТРОЙ""",6678101208,СВЕРДЛОВСКАЯ,2024,0.0,0.0,0.0
10998069,"ООО ""ДОСТРОЙ""",6678101208,СВЕРДЛОВСКАЯ,2023,0.0,0.0,0.0
10998069,"ООО ""ДОСТРОЙ""",6678101208,СВЕРДЛОВСКАЯ,2022,0.0,-14.0,-14.0
10998069,"ООО ""ДОСТРОЙ""",6678101208,СВЕРДЛОВСКАЯ,2021,0.0,0.0,0.0
11642307,"ООО ""БК-СТРОЙ""",7714474584,МОСКВА,2024,64676.0,1080.0,810.0
11642307,"ООО ""БК-СТРОЙ""",7714474584,МОСКВА,2023,156985.0,3176.0,2439.0
11642307,"ООО ""БК-СТРОЙ""",7714474584,МОСКВА,2022,181399.0,2598.0,1948.0
11642307,"ООО ""БК-СТРОЙ""",7714474584,МОСКВА,2021,6922.0,163.0,123.0
9968046,"ООО ""КРОВСТАВ""",3663123563,ВОРОНЕЖСКАЯ,2024,12416.0,724.0,866.0
9968046,"ООО ""КРОВСТАВ""",3663123563,ВОРОНЕЖСКАЯ,2023,2815.0,221.0,242.0
9968046,"ООО ""КРОВСТАВ""",3663123563,ВОРОНЕЖСКАЯ,2022,7127.0,482.0,564.0
9968046,"ООО ""КРОВСТАВ""",3663123563,ВОРОНЕЖСКАЯ,2021,5600.0,485.0,543.0
12605148,"ООО ""СТРОЙПАСС""",7100060366,ТУЛЬСКАЯ,2024,0.0,0.0,0.0
7455136,"ООО ""ПРОМЫШЛЕННОЕ ПРОЕКТИРОВАНИЕ""",3662180939,ВОРОНЕЖСКАЯ,2022,52467.0,57.0,43.0
7455136,"ООО ""ПРОМЫШЛЕННОЕ ПРОЕКТИРОВАНИЕ""",3662180939,ВОРОНЕЖСКАЯ,2021,63468.0,26.0,19.0
12075476,"ООО ""АНА СТРОЙ""",4800002413,ЛИПЕЦКАЯ,2024,2627.0,0.0,26.0
12075476,"ООО ""АНА СТРОЙ""",4800002413,ЛИПЕЦКАЯ,2023,227.0,22.0,25.0
9614895,"ООО ""ГЕРМЕС""",7719437610,МОСКВА,2023,171.0,3.0,5.0
9614895,"ООО ""ГЕРМЕС""",7719437610,МОСКВА,2021,2118.0,-280.0,-301.0
11864196,"ООО ""ЮЖНЫЙ КВАРТАЛ""",2130232574,ЧУВАШСКАЯ РЕСПУБЛИКА -,2022,0.0,0.0,0.0
745084,"ООО ""ПАРТНЁР-НЕВА""",7816489614,САНКТ-ПЕТЕРБУРГ,2022,178.0,2.0,13.0
745084,"ООО ""ПАРТНЁР-НЕВА""",7816489614,САНКТ-ПЕТЕРБУРГ,2021,158.0,19.0,28.0
12045695,"ООО СК ""ИНТЕРСТРОЙ""",7751240859,МОСКВА,2023,9434.0,90.0,68.0
12045695,"ООО СК ""ИНТЕРСТРОЙ""",7751240859,МОСКВА,2022,0.0,0.0,0.0
11136811,"ООО ""РСК""",5827001909,ПЕНЗЕНСКАЯ,2021,16095.0,1683.0,1883.0
10178471,"ЖСК ""СТРОЙ-ГОРОД""",546024588,ДАГЕСТАН,2023,0.0,0.0,0.0
10178471,"ЖСК ""СТРОЙ-ГОРОД""",546024588,ДАГЕСТАН,2022,0.0,0.0,0.0
10178471,"ЖСК ""СТРОЙ-ГОРОД""",546024588,ДАГЕСТАН,2021,0.0,0.0,0.0
11685209,"ООО ""ГРАДСТРОЙ""",5501274604,ОМСКАЯ,2024,1694.0,0.0,0.0
11685209,"ООО ""ГРАДСТРОЙ""",5501274604,ОМСКАЯ,2023,2442.0,-17.0,-21.0
11685209,"ООО ""ГРАДСТРОЙ""",5501274604,ОМСКАЯ,2022,40673.0,275.0,193.0
11524484,"ООО СТРОЙСТАНДАРТ""",9721118301,МОСКВА,2024,216180.0,262.0,2622.0
11524484,"ООО СТРОЙСТАНДАРТ""",9721118301,МОСКВА,2023,285997.0,13937.0,11157.0
11524484,"ООО СТРОЙСТАНДАРТ""",9721118301,МОСКВА,2022,72950.0,30325.0,31323.0
11524484,"ООО СТРОЙСТАНДАРТ""",9721118301,МОСКВА,2021,2449.0,200.0,251.0
12291441,"ООО ""СЗ ""СОЗВЕЗДИЕ""",8603250051,ХАНТЫ-МАНСИЙСКИЙ АВТОНОМНЫЙ ОКРУГ - ЮГРА,2024,0.0,-158.0,-158.0
11889145,"ООО ""МЕЙКДРИМ""",9715422800,МОСКВА,2024,25914.0,2163.0,2567.0
11889145,"ООО ""МЕЙКДРИМ""",9715422800,МОСКВА,2023,2283.0,78.0,-136.0
11889145,"ООО ""МЕЙКДРИМ""",9715422800,МОСКВА,2022,0.0,0.0,0.0
11817662,"ООО ""ССВ""",2821005228,АМУРСКАЯ,2023,0.0,0.0,0.0
9415368,"ООО ""БИГ КОМ""",1417009720,САХА /ЯКУТИЯ/,2024,4108.0,3944.0,4108.0
5590614,"ООО ""ХИМЗАЩИТА-ПРОМО""",3442063299,ВОЛГОГРАДСКАЯ,2024,0.0,0.0,0.0
5590614,"ООО ""ХИМЗАЩИТА-ПРОМО""",3442063299,ВОЛГОГРАДСКАЯ,2023,3946112.0,0.0,0.0
5590614,"ООО ""ХИМЗАЩИТА-ПРОМО""",3442063299,ВОЛГОГРАДСКАЯ,2022,17576.0,0.0,0.0
5590614,"ООО ""ХИМЗАЩИТА-ПРОМО""",3442063299,ВОЛГОГРАДСКАЯ,2021,0.0,0.0,0.0
12189817,"ООО ""ПТС""",9728097435,КРЫМ,2024,0.0,-111.0,-111.0
12189817,"ООО ""ПТС""",9728097435,КРЫМ,2023,0.0,-21.0,-21.0
9928397,"ООО ""ПСС""",3257046179,БРЯНСКАЯ,2023,0.0,-2256.0,-2256.0
9928397,"ООО ""ПСС""",3257046179,БРЯНСКАЯ,2022,0.0,-1332.0,-1332.0
11399947,"ООО ""ИНЖСТРОЙ""",9729300104,МОСКВА,2024,63676.0,-10721.0,-9593.0
11399947,"ООО ""ИНЖСТРОЙ""",9729300104,МОСКВА,2023,653828.0,21.0,163.0
11399947,"ООО ""ИНЖСТРОЙ""",9729300104,МОСКВА,2022,726949.0,6497.0,8249.0
11399947,"ООО ""ИНЖСТРОЙ""",9729300104,МОСКВА,2021,231429.0,3222.0,4031.0
11926187,"ООО ""СТОК""",9726019745,МОСКВА,2024,188831.0,20.0,22.0
11926187,"ООО ""СТОК""",9726019745,МОСКВА,2023,145036.0,18.0,18.0
11926187,"ООО ""СТОК""",9726019745,МОСКВА,2022,9374.0,1.0,1.0
10197725,"ООО ""ПВС""",2452044790,КРАСНОЯРСКИЙ,2024,3082.0,-810.0,-773.0
10197725,"ООО ""ПВС""",2452044790,КРАСНОЯРСКИЙ,2023,1504.0,-1772.0,-1757.0
10197725,"ООО ""ПВС""",2452044790,КРАСНОЯРСКИЙ,2022,9636.0,5362.0,5374.0
10197725,"ООО ""ПВС""",2452044790,КРАСНОЯРСКИЙ,2021,1945.0,474.0,536.0
11268143,"ООО ""МЕРИДИАН""",7451450407,ЧЕЛЯБИНСКАЯ,2024,0.0,0.0,0.0
11268143,"ООО ""МЕРИДИАН""",7451450407,ЧЕЛЯБИНСКАЯ,2021,6580.0,12.0,12.0
3758109,"ООО ""ДОРГАЗСТРОЙ""",3525139960,ВОЛОГОДСКАЯ,2024,883.0,-52284.0,-51517.0
3758109,"ООО ""ДОРГАЗСТРОЙ""",3525139960,ВОЛОГОДСКАЯ,2023,2712.0,-618.0,-589.0
3758109,"ООО ""ДОРГАЗСТРОЙ""",3525139960,ВОЛОГОДСКАЯ,2022,1200.0,5300.0,6527.0
3758109,"ООО ""ДОРГАЗСТРОЙ""",3525139960,ВОЛОГОДСКАЯ,2021,1214.0,15593.0,16636.0
11570425,"ООО ""ФОРВАРД""",9703032490,МОСКВА,2023,152516.0,230.0,368.0
11570425,"ООО ""ФОРВАРД""",9703032490,МОСКВА,2022,64006.0,838.0,1048.0
11570425,"ООО ""ФОРВАРД""",9703032490,МОСКВА,2021,15081.0,333.0,416.0
7680682,"ООО ""ЛСТ ГАТЧИНА""",4705060084,ЛЕНИНГРАДСКАЯ,2023,0.0,-162.0,-121.0
7680682,"ООО ""ЛСТ ГАТЧИНА""",4705060084,ЛЕНИНГРАДСКАЯ,2022,0.0,-991.0,-744.0
7680682,"ООО ""ЛСТ ГАТЧИНА""",4705060084,ЛЕНИНГРАДСКАЯ,2021,0.0,-75671.0,-87606.0
11476201,"ООО ""РСР-КАРЕЛИЯ""",1040000591,КАРЕЛИЯ,2023,897.0,167.0,113.0
11476201,"ООО ""РСР-КАРЕЛИЯ""",1040000591,КАРЕЛИЯ,2022,1555.0,18.0,-75.0
11476201,"ООО ""РСР-КАРЕЛИЯ""",1040000591,КАРЕЛИЯ,2021,360.0,94.0,72.0
6430238,"ООО ""ТИТАН""",7727586158,МОСКВА,2023,0.0,0.0,0.0
6430238,"ООО ""ТИТАН""",7727586158,МОСКВА,2022,0.0,0.0,0.0
6430238,"ООО ""ТИТАН""",7727586158,МОСКВА,2021,0.0,0.0,0.0
4480782,"ООО ФПК ""СТРОЙ-ИНДУСТРИЯ""",1831121359,УДМУРТСКАЯ,2024,0.0,-190.0,-130.0
4480782,"ООО ФПК ""СТРОЙ-ИНДУСТРИЯ""",1831121359,УДМУРТСКАЯ,2023,0.0,-25.0,-25.0
4480782,"ООО ФПК ""СТРОЙ-ИНДУСТРИЯ""",1831121359,УДМУРТСКАЯ,2022,0.0,-324.0,-324.0
4480782,"ООО ФПК ""СТРОЙ-ИНДУСТРИЯ""",1831121359,УДМУРТСКАЯ,2021,0.0,-81.0,-81.0
1871678,"ООО ""ГАЛАКТИКА""",6670064748,СВЕРДЛОВСКАЯ,2024,0.0,798.0,497.0
1871678,"ООО ""ГАЛАКТИКА""",6670064748,СВЕРДЛОВСКАЯ,2023,15.0,-420.0,-319.0
1871678,"ООО ""ГАЛАКТИКА""",6670064748,СВЕРДЛОВСКАЯ,2022,751.0,3407.0,2223.0
1871678,"ООО ""ГАЛАКТИКА""",6670064748,СВЕРДЛОВСКАЯ,2021,837.0,3477.0,2608.0
11221945,"ООО ""ВИРА""",2631041002,СТАВРОПОЛЬСКИЙ,2023,0.0,0.0,0.0
11221945,"ООО ""ВИРА""",2631041002,СТАВРОПОЛЬСКИЙ,2022,0.0,0.0,0.0
11221945,"ООО ""ВИРА""",2631041002,СТАВРОПОЛЬСКИЙ,2021,0.0,0.0,0.0
10216054,"ООО ""ГАС""",2801230842,АМУРСКАЯ,2023,0.0,0.0,0.0
10216054,"ООО ""ГАС""",2801230842,АМУРСКАЯ,2022,0.0,0.0,0.0
10216054,"ООО ""ГАС""",2801230842,АМУРСКАЯ,2021,0.0,-70.0,-70.0
2475147,"ЗАО ""ТЕЛЕКОМ -ДЕВЕЛОПМЕНТ""",7705619498,МОСКВА,2023,0.0,-801.0,-801.0
2475147,"ЗАО ""ТЕЛЕКОМ -ДЕВЕЛОПМЕНТ""",7705619498,МОСКВА,2022,0.0,-614.0,-614.0
2475147,"ЗАО ""ТЕЛЕКОМ -ДЕВЕЛОПМЕНТ""",7705619498,МОСКВА,2021,0.0,228.0,228.0
10676915,"ООО ""АСТРОЙ""",5501189405,ОМСКАЯ,2023,0.0,0.0,0.0
10676915,"ООО ""АСТРОЙ""",5501189405,ОМСКАЯ,2022,0.0,0.0,0.0
10676915,"ООО ""АСТРОЙ""",5501189405,ОМСКАЯ,2021,0.0,0.0,0.0
3158410,"ООО ""АВАНГАРД СТРОЙ""",7604198807,ЯРОСЛАВСКАЯ,2023,6256.0,-717.0,-717.0
3158410,"ООО ""АВАНГАРД СТРОЙ""",7604198807,ЯРОСЛАВСКАЯ,2022,2890.0,-921.0,-921.0
3158410,"ООО ""АВАНГАРД СТРОЙ""",7604198807,ЯРОСЛАВСКАЯ,2021,0.0,-313.0,-313.0
6342424,"ООО  ""ПРСФ ""МОТОРСТРОЙ-СЕРВИС""",7017026433,ТОМСКАЯ,2023,395.0,10023.0,10808.0
6342424,"ООО  ""ПРСФ ""МОТОРСТРОЙ-СЕРВИС""",7017026433,ТОМСКАЯ,2022,356.0,-310.0,-300.0
6342424,"ООО  ""ПРСФ ""МОТОРСТРОЙ-СЕРВИС""",7017026433,ТОМСКАЯ,2021,366.0,-204.0,-193.0
10715719,"ООО ""СОЗДАНИЕ""",1657246789,ТАТАРСТАН,2021,0.0,-1.0,-1.0
10719475,"ООО ""ТАНДЕМСТРОЙ""",5904363952,ПЕРМСКИЙ,2021,45.0,-10.0,-10.0
10720792,"ООО СК ""ПРОМЖИЛСЕРВИС""",5321195777,НОВГОРОДСКАЯ,2024,0.0,-801.0,-801.0
10720792,"ООО СК ""ПРОМЖИЛСЕРВИС""",5321195777,НОВГОРОДСКАЯ,2023,583.0,-2353.0,-2353.0
10720792,"ООО СК ""ПРОМЖИЛСЕРВИС""",5321195777,НОВГОРОДСКАЯ,2022,3427.0,-107.0,-107.0
10720792,"ООО СК ""ПРОМЖИЛСЕРВИС""",5321195777,НОВГОРОДСКАЯ,2021,11666.0,1057.0,1057.0
10721382,"ООО ""КОМПОЗИТ""",7743262464,МОСКВА,2021,29237.0,146.0,146.0
10580906,"ООО ""ВОСТОК""",1656102061,ТАТАРСТАН,2021,20747.0,742.0,928.0
10581075,"ООО ""СТРОЙСЕРВИС""",7802658929,САНКТ-ПЕТЕРБУРГ,2023,0.0,0.0,0.0
10581075,"ООО ""СТРОЙСЕРВИС""",7802658929,САНКТ-ПЕТЕРБУРГ,2022,0.0,0.0,0.0
10581075,"ООО ""СТРОЙСЕРВИС""",7802658929,САНКТ-ПЕТЕРБУРГ,2021,0.0,0.0,0.0
10642337,"ООО ""НОРСТРОЙ""",9718096182,МОСКВА,2022,0.0,86.0,65.0
10642337,"ООО ""НОРСТРОЙ""",9718096182,МОСКВА,2021,0.0,89.0,67.0
10643892,"ООО ""ДИЗАЙНСТРОЙ""",7728424505,МОСКВА,2021,0.0,-509.0,-509.0
10707933,"ООО СК ""СТРОЙ ДВ""",2536310752,ПРИМОРСКИЙ,2023,0.0,0.0,0.0
10707933,"ООО СК ""СТРОЙ ДВ""",2536310752,ПРИМОРСКИЙ,2022,0.0,0.0,0.0
10707933,"ООО СК ""СТРОЙ ДВ""",2536310752,ПРИМОРСКИЙ,2021,0.0,-91.0,-91.0
10708495,"ООО ""ВЭЛС""",1644092267,ТАТАРСТАН,2023,0.0,0.0,0.0
10708495,"ООО ""ВЭЛС""",1644092267,ТАТАРСТАН,2022,0.0,0.0,0.0
10708495,"ООО ""ВЭЛС""",1644092267,ТАТАРСТАН,2021,0.0,0.0,0.0
10708844,"ООО ""ОМЕГА""",7702433061,МОСКВА,2022,0.0,0.0,0.0
10709030,"ООО ""ГК АЛЬФА""",7806544320,САНКТ-ПЕТЕРБУРГ,2022,14067.0,1124.0,1515.0
10709030,"ООО ""ГК АЛЬФА""",7806544320,САНКТ-ПЕТЕРБУРГ,2021,50236.0,2159.0,3899.0
10709054,"ООО ""ЭКСИТО""",7702433103,МОСКВА,2021,241.0,-14.0,-14.0
10962445,"ООО ""КТС+""",1435340300,САХА /ЯКУТИЯ/,2021,2296.0,561.0,423.0
10961003,"ООО ""ТСЭ""",9731032879,МОСКВА,2021,9683.0,78.0,629.0
10961188,"ООО ""Т9""",5902052630,КАЛУЖСКАЯ,2021,69846.0,688.0,810.0
10992236,"ООО ""НОВЫЙ ВЗГЛЯД""",9201527925,СЕВАСТОПОЛЬ,2021,0.0,0.0,0.0
10992268,"ООО ""ДИММЕР""",2901296438,АРХАНГЕЛЬСКАЯ,2023,0.0,0.0,0.0
10992268,"ООО ""ДИММЕР""",2901296438,АРХАНГЕЛЬСКАЯ,2022,0.0,0.0,0.0
10992268,"ООО ""ДИММЕР""",2901296438,АРХАНГЕЛЬСКАЯ,2021,0.0,0.0,0.0
10992822,"ООО ""ПРОМТЕК""",5044115174,МОСКОВСКАЯ,2021,0.0,-40.0,-40.0
10683097,"ООО ""ЭВЕРЕСТ""",7107126672,ТУЛЬСКАЯ,2021,0.0,0.0,0.0
10931153,"ООО ""ЛИГАСТРОЙ-13""",1328017222,МОРДОВИЯ,2022,0.0,0.0,0.0
10931153,"ООО ""ЛИГАСТРОЙ-13""",1328017222,МОРДОВИЯ,2021,24627.0,-54.0,-145.0
11031086,"ООО ""РЕМСТРОЙСЕРВИС""",3102045006,БЕЛГОРОДСКАЯ,2023,554.0,24.0,57.0
11031086,"ООО ""РЕМСТРОЙСЕРВИС""",3102045006,БЕЛГОРОДСКАЯ,2022,6022.0,79.0,399.0
11031086,"ООО ""РЕМСТРОЙСЕРВИС""",3102045006,БЕЛГОРОДСКАЯ,2021,2564.0,51.0,205.0
11154010,"ООО ""СОЮЗ-ТЕХНОЛОГИЯ""",1659202804,ТАТАРСТАН,2024,14299.0,95.0,71.0
11154010,"ООО ""СОЮЗ-ТЕХНОЛОГИЯ""",1659202804,ТАТАРСТАН,2023,27198.0,203.0,153.0
11154010,"ООО ""СОЮЗ-ТЕХНОЛОГИЯ""",1659202804,ТАТАРСТАН,2022,20678.0,57.0,43.0
11154010,"ООО ""СОЮЗ-ТЕХНОЛОГИЯ""",1659202804,ТАТАРСТАН,2021,14247.0,40.0,30.0
10500011,"ООО ""СК ИНДУСТРИЯ""",5029227074,МОСКОВСКАЯ,2022,22031.0,-14280.0,-14280.0
10500011,"ООО ""СК ИНДУСТРИЯ""",5029227074,МОСКОВСКАЯ,2021,31650.0,-1372.0,-1362.0
11385958,"ООО ""РАЙ ДОМ КОМПЛЕКТ""",1657263304,ТАТАРСТАН,2022,15099.0,80.0,60.0
11385958,"ООО ""РАЙ ДОМ КОМПЛЕКТ""",1657263304,ТАТАРСТАН,2021,14787.0,90.0,90.0
8684019,"ООО ""ТСП ""СТРОЙРЕГИОНРЕСУРС-НН""",5258116249,НИЖЕГОРОДСКАЯ,2024,79.0,-361.0,-361.0
8684019,"ООО ""ТСП ""СТРОЙРЕГИОНРЕСУРС-НН""",5258116249,НИЖЕГОРОДСКАЯ,2023,0.0,-5898.0,-5898.0
8684019,"ООО ""ТСП ""СТРОЙРЕГИОНРЕСУРС-НН""",5258116249,НИЖЕГОРОДСКАЯ,2022,0.0,-565.0,-565.0
8684019,"ООО ""ТСП ""СТРОЙРЕГИОНРЕСУРС-НН""",5258116249,НИЖЕГОРОДСКАЯ,2021,0.0,-202.0,-202.0
8747734,"ООО ""СКЛАД-СТРОЙ-ПОЛИМЕР""",5036142618,МОСКОВСКАЯ,2023,0.0,0.0,0.0
8747734,"ООО ""СКЛАД-СТРОЙ-ПОЛИМЕР""",5036142618,МОСКОВСКАЯ,2022,0.0,-2.0,-2.0
8747734,"ООО ""СКЛАД-СТРОЙ-ПОЛИМЕР""",5036142618,МОСКОВСКАЯ,2021,0.0,-224.0,-223.0
11672319,"ООО ""ДЕМИГЛАС""",5262381828,НИЖЕГОРОДСКАЯ,2021,0.0,0.0,0.0
8864791,"ООО ""ПРОМРЕГИОН""",3810340018,ИРКУТСКАЯ,2023,25857.0,309.0,386.0
8864791,"ООО ""ПРОМРЕГИОН""",3810340018,ИРКУТСКАЯ,2022,12861.0,201.0,251.0
8864791,"ООО ""ПРОМРЕГИОН""",3810340018,ИРКУТСКАЯ,2021,0.0,0.0,0.0
10992267,"ООО ""ИТС""",5247055080,НИЖЕГОРОДСКАЯ,2023,0.0,0.0,0.0
10992267,"ООО ""ИТС""",5247055080,НИЖЕГОРОДСКАЯ,2022,0.0,0.0,0.0
10992267,"ООО ""ИТС""",5247055080,НИЖЕГОРОДСКАЯ,2021,0.0,0.0,0.0
11385395,"ООО ""ИРБИС""",9718161000,МОСКВА,2021,0.0,0.0,0.0
11594731,"ООО ""ОМЕГА 46""",4632281410,КУРСКАЯ,2023,37398.0,211.0,264.0
11594731,"ООО ""ОМЕГА 46""",4632281410,КУРСКАЯ,2022,30038.0,210.0,158.0
11594731,"ООО ""ОМЕГА 46""",4632281410,КУРСКАЯ,2021,0.0,0.0,0.0
11650906,"ООО ""ССТ""",275926170,БАШКОРТОСТАН,2024,0.0,1.0,1.0
11650906,"ООО ""ССТ""",275926170,БАШКОРТОСТАН,2023,909431.0,-735.0,-918.0
11650906,"ООО ""ССТ""",275926170,БАШКОРТОСТАН,2022,770164.0,567.0,400.0
11650906,"ООО ""ССТ""",275926170,БАШКОРТОСТАН,2021,0.0,0.0,0.0
3072375,"ООО ""ЛИНК""",2437004056,КРАСНОЯРСКИЙ,2021,0.0,0.0,0.0
11330668,"ООО ""ИМПЕРИЯ 13""",9723100733,МОСКВА,2023,28373.0,105.0,79.0
11330668,"ООО ""ИМПЕРИЯ 13""",9723100733,МОСКВА,2022,10740.0,74.0,56.0
11330668,"ООО ""ИМПЕРИЯ 13""",9723100733,МОСКВА,2021,5053.0,21.0,26.0
11144190,"ООО ""МК""",7719497352,МОСКВА,2022,147525.0,1283.0,962.0
11144190,"ООО ""МК""",7719497352,МОСКВА,2021,4712.0,177.0,133.0
3300766,"ООО ""СК""СЕВЕРО-ЗАПАД""",6027113933,ПСКОВСКАЯ,2023,115.0,-709.0,-648.0
3300766,"ООО ""СК""СЕВЕРО-ЗАПАД""",6027113933,ПСКОВСКАЯ,2022,1125.0,109.0,75.0
3300766,"ООО ""СК""СЕВЕРО-ЗАПАД""",6027113933,ПСКОВСКАЯ,2021,1650.0,669.0,619.0
10798574,"ООО ""ЦЕНТРСТРОЙЛОГИСТИКА""",5751062391,ОРЛОВСКАЯ,2021,2862.0,23.0,30.0
11549542,"ООО ""ПАСЕ СТРОЙ""",7722498853,МОСКВА,2022,181845.0,404.0,508.0
11549542,"ООО ""ПАСЕ СТРОЙ""",7722498853,МОСКВА,2021,260520.0,8880.0,11121.0
9180852,"ООО ""АСИ""",9102180944,МОСКОВСКАЯ,2023,2697.0,488.0,256.0
9180852,"ООО ""АСИ""",9102180944,МОСКОВСКАЯ,2022,1775.0,116.0,93.0
9180852,"ООО ""АСИ""",9102180944,МОСКОВСКАЯ,2021,0.0,0.0,0.0
10308862,"ООО ""АМПИР""",3702181970,ИВАНОВСКАЯ,2022,1115.0,2.0,2.0
10308862,"ООО ""АМПИР""",3702181970,ИВАНОВСКАЯ,2021,591.0,26.0,27.0
10353027,"ООО ""СОЮЗ НК""",264074742,БАШКОРТОСТАН,2024,0.0,0.0,0.0
10353027,"ООО ""СОЮЗ НК""",264074742,БАШКОРТОСТАН,2023,2350.0,314.0,450.0
10353027,"ООО ""СОЮЗ НК""",264074742,БАШКОРТОСТАН,2022,2595.0,94.0,250.0
10353027,"ООО ""СОЮЗ НК""",264074742,БАШКОРТОСТАН,2021,1196.0,23.0,95.0
10299421,"ООО ""СК ""ВАЛ""",5005064381,МОСКОВСКАЯ,2021,0.0,-36.0,-36.0
10315720,"ООО ""ГСБ""",7806275726,САНКТ-ПЕТЕРБУРГ,2022,29186.0,6445.0,6616.0
10315720,"ООО ""ГСБ""",7806275726,САНКТ-ПЕТЕРБУРГ,2021,61598.0,-1533.0,-841.0
10361001,"ООО ""ВЕЛЕС-СТРОЙ""",4205359694,КЕМЕРОВСКАЯ ОБЛАСТЬ - КУЗБАСС,2021,0.0,0.0,0.0
10362799,"ООО ""ГЕОЗЕМЛЕСТРОЙ""",7743224483,МОСКВА,2021,18229.0,0.0,0.0
9869711,"ООО ""ТРЕТЬЕ МЕСТО""",7724377251,МОСКВА,2022,21256.0,575.0,719.0
9870265,"ООО ""ТЕХНОЛОГИЯ КАЧЕСТВА""",2225173334,АЛТАЙСКИЙ,2022,0.0,0.0,0.0
9870265,"ООО ""ТЕХНОЛОГИЯ КАЧЕСТВА""",2225173334,АЛТАЙСКИЙ,2021,542443.0,12.0,12.0
9863608,"ООО ""СТАФГРУПП""",1650334965,ТАТАРСТАН,2021,0.0,-462.0,-462.0
9863793,"ООО ""АЛЬФАПРОМ""",7720348919,МОСКВА,2021,7912.0,103.0,129.0
9872977,"ООО ""КРЕАТИВНЫЙ КЛУБ МОСТ""",7714404499,МОСКВА,2021,67094.0,386.0,289.0
9850937,"ООО ""БЭСТСТРОЙ""",5410060274,НОВОСИБИРСКАЯ,2021,0.0,0.0,0.0
9853847,"ООО ""АМЕТИСТ""",2457080827,КРАСНОЯРСКИЙ,2022,0.0,0.0,0.0
9853847,"ООО ""АМЕТИСТ""",2457080827,КРАСНОЯРСКИЙ,2021,0.0,0.0,0.0
9837264,"ООО ""ТЕЗИС-СТРОЙ""",7733293061,МОСКВА,2023,76719.0,-70762.0,-71998.0
9837264,"ООО ""ТЕЗИС-СТРОЙ""",7733293061,МОСКВА,2022,346109.0,364.0,512.0
9837264,"ООО ""ТЕЗИС-СТРОЙ""",7733293061,МОСКВА,2021,124934.0,3549.0,3267.0
10331062,"ООО ""СТРОЙСНАБ""",529266629,ДАГЕСТАН,2021,0.0,0.0,0.0
10332126,"ООО ""РЕМАРК""",2724223446,ХАБАРОВСКИЙ,2021,71.0,-17.0,-17.0
10332637,"ООО ""ВЕСТА""",272907300,БАШКОРТОСТАН,2021,85334.0,46.0,46.0
10333009,"ООО ""ТРИС-СПБ""",7807174960,САНКТ-ПЕТЕРБУРГ,2023,134787.0,633.0,791.0
10333009,"ООО ""ТРИС-СПБ""",7807174960,САНКТ-ПЕТЕРБУРГ,2022,748.0,-4.0,3.0
10333009,"ООО ""ТРИС-СПБ""",7807174960,САНКТ-ПЕТЕРБУРГ,2021,1688.0,0.0,0.0
10310296,"ООО СК ""МЕРИДИАН""",7203425033,ТЮМЕНСКАЯ,2021,0.0,-14.0,-14.0
10310431,"ООО ""РСК БАЛАНС""",7604328950,ЯРОСЛАВСКАЯ,2021,0.0,0.0,0.0
10957623,"ООО ""БОГАТИНСКИЙ""",2543135999,ПРИМОРСКИЙ,2024,0.0,0.0,0.0
10957623,"ООО ""БОГАТИНСКИЙ""",2543135999,ПРИМОРСКИЙ,2023,0.0,0.0,0.0
10957623,"ООО ""БОГАТИНСКИЙ""",2543135999,ПРИМОРСКИЙ,2022,0.0,0.0,0.0
10957623,"ООО ""БОГАТИНСКИЙ""",2543135999,ПРИМОРСКИЙ,2021,0.0,0.0,0.0
11111325,"ООО ""ПРОФСТРОЙТРЕЙД""",7704499702,МОСКВА,2024,3221.0,2086.0,2193.0
11111325,"ООО ""ПРОФСТРОЙТРЕЙД""",7704499702,МОСКВА,2023,11502.0,4565.0,4968.0
11111325,"ООО ""ПРОФСТРОЙТРЕЙД""",7704499702,МОСКВА,2022,0.0,-8.0,-8.0
11111325,"ООО ""ПРОФСТРОЙТРЕЙД""",7704499702,МОСКВА,2021,1578.0,2.0,51.0
12298190,"ООО ""СТРОЙРИТМ""",1800008040,УДМУРТСКАЯ,2024,791.0,327.0,370.0
12298190,"ООО ""СТРОЙРИТМ""",1800008040,УДМУРТСКАЯ,2023,0.0,3.0,3.0
12603448,"ООО ""ИСК СТРОЙГРАД""",5042166060,МОСКОВСКАЯ,2024,0.0,0.0,0.0
12471842,"ООО ""НОВА-СТРОЙ""",3100033446,БЕЛГОРОДСКАЯ,2024,706.0,24.0,30.0
6443630,"ООО ""СОЮЗ-ТВЕРЬ""",6903033858,ТВЕРСКАЯ,2024,0.0,0.0,0.0
6443630,"ООО ""СОЮЗ-ТВЕРЬ""",6903033858,ТВЕРСКАЯ,2023,0.0,0.0,0.0
6443630,"ООО ""СОЮЗ-ТВЕРЬ""",6903033858,ТВЕРСКАЯ,2022,0.0,0.0,0.0
6443630,"ООО ""СОЮЗ-ТВЕРЬ""",6903033858,ТВЕРСКАЯ,2021,0.0,0.0,0.0
12527599,"ООО ""СП""",2265007622,АЛТАЙСКИЙ,2024,283.0,26.0,43.0
12198061,"ООО ""ИНТЕГРАЛ""",7716983562,МОСКВА,2024,27434.0,-7642.0,-7642.0
12198061,"ООО ""ИНТЕГРАЛ""",7716983562,МОСКВА,2023,1173.0,-1454.0,-1454.0
12049331,"ООО ""ВПК""",5404315069,НОВОСИБИРСКАЯ,2024,0.0,-23.0,-23.0
12049331,"ООО ""ВПК""",5404315069,НОВОСИБИРСКАЯ,2023,83334.0,-537.0,-537.0
8959311,"ООО ""КРЕДИТИНФОРМБЮРО""",2130146445,ЧУВАШСКАЯ РЕСПУБЛИКА -,2024,0.0,0.0,0.0
8959311,"ООО ""КРЕДИТИНФОРМБЮРО""",2130146445,ЧУВАШСКАЯ РЕСПУБЛИКА -,2023,0.0,0.0,0.0
8959311,"ООО ""КРЕДИТИНФОРМБЮРО""",2130146445,ЧУВАШСКАЯ РЕСПУБЛИКА -,2022,0.0,0.0,0.0
8959311,"ООО ""КРЕДИТИНФОРМБЮРО""",2130146445,ЧУВАШСКАЯ РЕСПУБЛИКА -,2021,0.0,0.0,0.0
325361,"ООО ""АКВА РЕЛАКС""",3663092788,ВОРОНЕЖСКАЯ,2024,1221.0,-514.0,-505.0
325361,"ООО ""АКВА РЕЛАКС""",3663092788,ВОРОНЕЖСКАЯ,2023,2017.0,-12.0,-5.0
325361,"ООО ""АКВА РЕЛАКС""",3663092788,ВОРОНЕЖСКАЯ,2022,4099.0,25.0,19.0
325361,"ООО ""АКВА РЕЛАКС""",3663092788,ВОРОНЕЖСКАЯ,2021,25790.0,148.0,111.0
1083081,"ООО ""ДЕРЖАВА""",2464226876,БУРЯТИЯ,2024,0.0,0.0,0.0
1083081,"ООО ""ДЕРЖАВА""",2464226876,БУРЯТИЯ,2023,0.0,0.0,0.0
1083081,"ООО ""ДЕРЖАВА""",2464226876,БУРЯТИЯ,2022,0.0,0.0,0.0
12606153,"ООО ""ВИРС""",3900035428,КАЛИНИНГРАДСКАЯ,2024,0.0,0.0,0.0
9862146,"ООО ""ОБЛИК 23""",2364014331,КРАСНОДАРСКИЙ,2024,13443.0,1702.0,3097.0
9862146,"ООО ""ОБЛИК 23""",2364014331,КРАСНОДАРСКИЙ,2023,0.0,-1076.0,-1076.0
9862146,"ООО ""ОБЛИК 23""",2364014331,КРАСНОДАРСКИЙ,2022,0.0,0.0,0.0
9862146,"ООО ""ОБЛИК 23""",2364014331,КРАСНОДАРСКИЙ,2021,0.0,0.0,0.0
6785064,"ФИРМА "" РУСИЧ "" ( ООО )",2301012571,КРАСНОДАРСКИЙ,2024,5779.0,312.0,312.0
6785064,"ФИРМА "" РУСИЧ "" ( ООО )",2301012571,КРАСНОДАРСКИЙ,2023,7197.0,2469.0,2469.0
6785064,"ФИРМА "" РУСИЧ "" ( ООО )",2301012571,КРАСНОДАРСКИЙ,2022,706.0,-2086.0,-2086.0
6785064,"ФИРМА "" РУСИЧ "" ( ООО )",2301012571,КРАСНОДАРСКИЙ,2021,974.0,-1124.0,-1124.0
12308758,"ООО "" МИДГАРД""",7842219036,САНКТ-ПЕТЕРБУРГ,2024,690.0,2.0,2.0
8117437,"ООО ""СГ ИМПЕРИЯ РЕМОНТА""",7705869748,МОСКВА,2024,3401.0,3399.0,3399.0
8117437,"ООО ""СГ ИМПЕРИЯ РЕМОНТА""",7705869748,МОСКВА,2023,3145.0,-2178.0,-1479.0
8117437,"ООО ""СГ ИМПЕРИЯ РЕМОНТА""",7705869748,МОСКВА,2021,700.0,197.0,211.0
11089338,"ООО ""ЦЕНТУРИОН""",4826140320,ЛИПЕЦКАЯ,2024,100479.0,3252.0,4064.0
11089338,"ООО ""ЦЕНТУРИОН""",4826140320,ЛИПЕЦКАЯ,2023,286035.0,1243.0,1554.0
11089338,"ООО ""ЦЕНТУРИОН""",4826140320,ЛИПЕЦКАЯ,2022,116948.0,5978.0,7472.0
11089338,"ООО ""ЦЕНТУРИОН""",4826140320,ЛИПЕЦКАЯ,2021,290769.0,4967.0,6209.0
11641356,"ООО СЗ ""АТЛАНТ-КМВ""",2627027848,СТАВРОПОЛЬСКИЙ,2024,0.0,-9.0,-9.0
11641356,"ООО СЗ ""АТЛАНТ-КМВ""",2627027848,СТАВРОПОЛЬСКИЙ,2023,0.0,-12.0,-12.0
11641356,"ООО СЗ ""АТЛАНТ-КМВ""",2627027848,СТАВРОПОЛЬСКИЙ,2022,0.0,-12.0,-12.0
11641356,"ООО СЗ ""АТЛАНТ-КМВ""",2627027848,СТАВРОПОЛЬСКИЙ,2021,0.0,-6.0,-6.0
3896542,"ООО ""ГЕРА НОРДИНВЕСТ""",8602229385,ХАНТЫ-МАНСИЙСКИЙ АВТОНОМНЫЙ ОКРУГ - ЮГРА,2024,77253.0,6347.0,7127.0
3896542,"ООО ""ГЕРА НОРДИНВЕСТ""",8602229385,ХАНТЫ-МАНСИЙСКИЙ АВТОНОМНЫЙ ОКРУГ - ЮГРА,2023,69421.0,-7338.0,-6650.0
3896542,"ООО ""ГЕРА НОРДИНВЕСТ""",8602229385,ХАНТЫ-МАНСИЙСКИЙ АВТОНОМНЫЙ ОКРУГ - ЮГРА,2022,67930.0,12613.0,13336.0
3896542,"ООО ""ГЕРА НОРДИНВЕСТ""",8602229385,ХАНТЫ-МАНСИЙСКИЙ АВТОНОМНЫЙ ОКРУГ - ЮГРА,2021,60278.0,8168.0,8771.0
11700426,"ООО ""МАКССТРОЙ""",3666261988,ВОРОНЕЖСКАЯ,2022,1289.0,-988.0,-964.0
11632401,"ООО ""ПСИ СЕРВИСИЗ""",9705157656,МОСКВА,2021,15754.0,-585.0,-585.0
11041939,"ООО ""ВОЛЬТ-КОНТАКТ""",9718138996,МОСКВА,2022,514.0,25.0,25.0
11041939,"ООО ""ВОЛЬТ-КОНТАКТ""",9718138996,МОСКВА,2021,2205.0,293.0,162.0
1333489,"ООО ""КОНСАЛТИНГ ПЛЮС""",2539086234,ПРИМОРСКИЙ,2024,0.0,0.0,0.0
1333489,"ООО ""КОНСАЛТИНГ ПЛЮС""",2539086234,ПРИМОРСКИЙ,2023,0.0,0.0,0.0
1333489,"ООО ""КОНСАЛТИНГ ПЛЮС""",2539086234,ПРИМОРСКИЙ,2022,0.0,0.0,0.0
1333489,"ООО ""КОНСАЛТИНГ ПЛЮС""",2539086234,ПРИМОРСКИЙ,2021,0.0,0.0,0.0
12235320,"ООО ""КРЕДО""",7811790095,САНКТ-ПЕТЕРБУРГ,2024,5317.0,940.0,1160.0
12235320,"ООО ""КРЕДО""",7811790095,САНКТ-ПЕТЕРБУРГ,2023,911.0,6.0,7.0
11162935,"ООО ""НОВОСТРОЙ""",7811738602,САНКТ-ПЕТЕРБУРГ,2024,17136.0,-5319.0,-5313.0
11162935,"ООО ""НОВОСТРОЙ""",7811738602,САНКТ-ПЕТЕРБУРГ,2023,20357.0,-9155.0,-9155.0
11162935,"ООО ""НОВОСТРОЙ""",7811738602,САНКТ-ПЕТЕРБУРГ,2022,8195.0,-3283.0,-3258.0
11162935,"ООО ""НОВОСТРОЙ""",7811738602,САНКТ-ПЕТЕРБУРГ,2021,14812.0,-3549.0,-3549.0
663367,"ООО ""СТРОЙЭКО""",7714715617,МОСКВА,2024,0.0,0.0,0.0
663367,"ООО ""СТРОЙЭКО""",7714715617,МОСКВА,2021,1499.0,146.0,146.0
11410690,"ООО ""СК ""ЯРОСЛАВ-СТРОЙ""",9109025095,КРЫМ,2021,1771.0,102.0,128.0
10646508,"ООО ""24ГРУПП""",6682014149,СВЕРДЛОВСКАЯ,2021,5387.0,44.0,44.0
12059041,"ООО ""НЕЙРО ТРАНС""",9725108287,МОСКВА,2023,10891.0,51.0,38.0
10739235,"ООО ""АРТ-СТРОЙ""",5038134884,МОСКОВСКАЯ,2023,8356.0,335.0,374.0
10739235,"ООО ""АРТ-СТРОЙ""",5038134884,МОСКОВСКАЯ,2022,17764.0,4374.0,4861.0
10739235,"ООО ""АРТ-СТРОЙ""",5038134884,МОСКОВСКАЯ,2021,4454.0,67.0,84.0
9417730,"ОБЩЕСТВО С ОГРАНИЧЕННОЙ ОТВЕТСТВЕННОСТЬЮ ""ЗОДЧИЙ КАРЕЛИЯ""",7726353190,МОСКВА,2022,0.0,1.0,1.0
9417730,"ОБЩЕСТВО С ОГРАНИЧЕННОЙ ОТВЕТСТВЕННОСТЬЮ ""ЗОДЧИЙ КАРЕЛИЯ""",7726353190,МОСКВА,2021,0.0,-24.0,-24.0
10926858,"ООО ""ПРИМЭКОСТРОЙ""",2535005403,ПРИМОРСКИЙ,2022,0.0,0.0,0.0
10926858,"ООО ""ПРИМЭКОСТРОЙ""",2535005403,ПРИМОРСКИЙ,2021,0.0,0.0,0.0
11375796,"ООО ""РСТРОЙ""",2311307990,КРАСНОДАРСКИЙ,2022,0.0,-105.0,-105.0
11375796,"ООО ""РСТРОЙ""",2311307990,КРАСНОДАРСКИЙ,2021,0.0,-197.0,-197.0
9419590,"ОБЩЕСТВО С ОГРАНИЧЕННОЙ ОТВЕТСТВЕННОСТЬЮ ""ЗОДЧИЙ БАЛЧУГ""",7726353136,МОСКВА,2022,0.0,-2.0,-1.0
9419590,"ОБЩЕСТВО С ОГРАНИЧЕННОЙ ОТВЕТСТВЕННОСТЬЮ ""ЗОДЧИЙ БАЛЧУГ""",7726353136,МОСКВА,2021,0.0,-33.0,-31.0
10990553,"ООО ""СТРОИТЕЛЬНЫЕ ТЕХНОЛОГИИ""",9717080486,МОСКВА,2021,41350.0,170.0,214.0
1804467,"ООО ""ТЭК-ЕВРАЗИЯ""",7705984941,МОСКВА,2024,0.0,-186.0,-186.0
10217976,"ООО ""КОНСОЛИДЕЙТЕД СТРОЙ""",542017477,ДАГЕСТАН,2024,14399.0,776.0,582.0
10217976,"ООО ""КОНСОЛИДЕЙТЕД СТРОЙ""",542017477,ДАГЕСТАН,2023,178744.0,7260.0,5445.0
10217976,"ООО ""КОНСОЛИДЕЙТЕД СТРОЙ""",542017477,ДАГЕСТАН,2022,43029.0,1766.0,1324.0
10217976,"ООО ""КОНСОЛИДЕЙТЕД СТРОЙ""",542017477,ДАГЕСТАН,2021,171352.0,14294.0,10721.0
10846109,"ООО ""ТСО""",7733332627,МОСКВА,2024,0.0,-19.0,-19.0
10846109,"ООО ""ТСО""",7733332627,МОСКВА,2023,0.0,30.0,30.0
10846109,"ООО ""ТСО""",7733332627,МОСКВА,2022,0.0,-287.0,-287.0
10846109,"ООО ""ТСО""",7733332627,МОСКВА,2021,265.0,-299.0,-296.0
10191977,"ООО ""ЮНИТИ""",7725368877,МОСКВА,2021,0.0,0.0,0.0
12392278,"ООО ""СТРОЙДОМ""",261058189,БАШКОРТОСТАН,2024,0.0,0.0,0.0
12404226,"ООО ""СПЕЦСТРОЙ""",9701279090,МОСКВА,2024,2417.0,33.0,41.0
12558973,"ООО ""СТРОЙМЕГА""",9717171045,МОСКВА,2024,0.0,0.0,0.0
11813907,"ООО ""САХЖИЛСТРОЙ""",6500002409,САХАЛИНСКАЯ,2024,0.0,0.0,0.0
11813907,"ООО ""САХЖИЛСТРОЙ""",6500002409,САХАЛИНСКАЯ,2023,0.0,0.0,0.0
2259421,"ООО ""АВТОРИТЕТ""",6670347457,СВЕРДЛОВСКАЯ,2022,14850.0,463.0,509.0
2259421,"ООО ""АВТОРИТЕТ""",6670347457,СВЕРДЛОВСКАЯ,2021,11974.0,849.0,849.0
10821303,"ООО ""СЕВАСТОПОЛЬ-СПЕЦ-СТРОЙ""",9203545158,СЕВАСТОПОЛЬ,2024,0.0,0.0,0.0
10821303,"ООО ""СЕВАСТОПОЛЬ-СПЕЦ-СТРОЙ""",9203545158,СЕВАСТОПОЛЬ,2023,0.0,0.0,0.0
10821303,"ООО ""СЕВАСТОПОЛЬ-СПЕЦ-СТРОЙ""",9203545158,СЕВАСТОПОЛЬ,2021,0.0,0.0,0.0
8140950,"ООО ""ПРОМЕТЕЙ""",2443042853,КРАСНОЯРСКИЙ,2024,0.0,0.0,0.0
8140950,"ООО ""ПРОМЕТЕЙ""",2443042853,КРАСНОЯРСКИЙ,2023,0.0,0.0,0.0
8140950,"ООО ""ПРОМЕТЕЙ""",2443042853,КРАСНОЯРСКИЙ,2022,0.0,0.0,0.0
8140950,"ООО ""ПРОМЕТЕЙ""",2443042853,КРАСНОЯРСКИЙ,2021,0.0,0.0,0.0
9101783,"ООО ""АДВАНС""",2130151117,МОРДОВИЯ,2024,0.0,0.0,0.0
9101783,"ООО ""АДВАНС""",2130151117,МОРДОВИЯ,2022,0.0,0.0,0.0
9101783,"ООО ""АДВАНС""",2130151117,МОРДОВИЯ,2021,3058.0,-2416.0,-2416.0
11475681,"ООО ""ЛЕОН""",2367017161,КРАСНОДАРСКИЙ,2024,274141.0,1786.0,2233.0
11475681,"ООО ""ЛЕОН""",2367017161,КРАСНОДАРСКИЙ,2023,0.0,0.0,0.0
11475681,"ООО ""ЛЕОН""",2367017161,КРАСНОДАРСКИЙ,2022,0.0,0.0,0.0
11475681,"ООО ""ЛЕОН""",2367017161,КРАСНОДАРСКИЙ,2021,0.0,0.0,0.0
3106460,"ООО ""НТС""",5407030760,НОВОСИБИРСКАЯ,2024,0.0,0.0,0.0
3106460,"ООО ""НТС""",5407030760,НОВОСИБИРСКАЯ,2023,0.0,-3299.0,-3299.0
3106460,"ООО ""НТС""",5407030760,НОВОСИБИРСКАЯ,2022,0.0,0.0,0.0
3106460,"ООО ""НТС""",5407030760,НОВОСИБИРСКАЯ,2021,0.0,0.0,0.0
9841416,"ООО ""МС-1""",7730208452,МОСКВА,2023,0.0,0.0,0.0
9841416,"ООО ""МС-1""",7730208452,МОСКВА,2022,235.0,22.0,22.0
9841416,"ООО ""МС-1""",7730208452,МОСКВА,2021,4949.0,76.0,95.0
11607156,"ООО ""АЙ КЬЮ ДЕВЕЛОПМЕНТ БИЗНЕС""",7707454153,МОСКВА,2024,0.0,-16378.0,-16378.0
11607156,"ООО ""АЙ КЬЮ ДЕВЕЛОПМЕНТ БИЗНЕС""",7707454153,МОСКВА,2023,11990.0,-44049.0,-44049.0
11607156,"ООО ""АЙ КЬЮ ДЕВЕЛОПМЕНТ БИЗНЕС""",7707454153,МОСКВА,2022,18379.0,0.0,0.0
11607156,"ООО ""АЙ КЬЮ ДЕВЕЛОПМЕНТ БИЗНЕС""",7707454153,МОСКВА,2021,0.0,-20.0,-20.0
10764595,"ООО ""КИП""",2308258461,КРАСНОДАРСКИЙ,2023,0.0,0.0,0.0
12146802,"ООО ""МАКИВА""",9726041998,МОСКВА,2024,0.0,0.0,0.0
12146802,"ООО ""МАКИВА""",9726041998,МОСКВА,2023,0.0,0.0,0.0
10323073,"ООО ""ИТРИ""",2543115551,ПРИМОРСКИЙ,2024,0.0,0.0,0.0
10323073,"ООО ""ИТРИ""",2543115551,ПРИМОРСКИЙ,2023,0.0,0.0,0.0
10323073,"ООО ""ИТРИ""",2543115551,ПРИМОРСКИЙ,2022,0.0,0.0,0.0
10323073,"ООО ""ИТРИ""",2543115551,ПРИМОРСКИЙ,2021,0.0,0.0,0.0
11459487,"ООО ""ФАВОРИТ-К""",5904386300,ПЕРМСКИЙ,2024,0.0,0.0,0.0
11459487,"ООО ""ФАВОРИТ-К""",5904386300,ПЕРМСКИЙ,2023,0.0,0.0,0.0
11459487,"ООО ""ФАВОРИТ-К""",5904386300,ПЕРМСКИЙ,2022,0.0,0.0,0.0
11459487,"ООО ""ФАВОРИТ-К""",5904386300,ПЕРМСКИЙ,2021,4676.0,271.0,223.0
10487736,"ООО ""СЕВАСТОПОЛЬСКИЙ ЛЕО""",9203543665,СЕВАСТОПОЛЬ,2024,0.0,0.0,0.0
10487736,"ООО ""СЕВАСТОПОЛЬСКИЙ ЛЕО""",9203543665,СЕВАСТОПОЛЬ,2023,0.0,0.0,0.0
10487736,"ООО ""СЕВАСТОПОЛЬСКИЙ ЛЕО""",9203543665,СЕВАСТОПОЛЬ,2022,0.0,0.0,0.0
10487736,"ООО ""СЕВАСТОПОЛЬСКИЙ ЛЕО""",9203543665,СЕВАСТОПОЛЬ,2021,0.0,0.0,0.0
11606104,"ООО ""СИБИРЬ-ЭКОТРЕЙД""",7017485155,ТОМСКАЯ,2024,70527.0,119.0,89.0
11606104,"ООО ""СИБИРЬ-ЭКОТРЕЙД""",7017485155,ТОМСКАЯ,2023,319155.0,273.0,205.0
11606104,"ООО ""СИБИРЬ-ЭКОТРЕЙД""",7017485155,ТОМСКАЯ,2022,72231.0,108.0,82.0
11606104,"ООО ""СИБИРЬ-ЭКОТРЕЙД""",7017485155,ТОМСКАЯ,2021,0.0,0.0,0.0
12079288,"ООО ""СИСТЕМА""",9701236956,МОСКВА,2023,46532.0,455.0,569.0
11282331,"ООО ""РЕГИОНАЛЬНАЯ СТРОИТЕЛЬНАЯ КОМПАНИЯ""",6230116272,РЯЗАНСКАЯ,2024,0.0,0.0,0.0
11282331,"ООО ""РЕГИОНАЛЬНАЯ СТРОИТЕЛЬНАЯ КОМПАНИЯ""",6230116272,РЯЗАНСКАЯ,2023,0.0,0.0,0.0
11282331,"ООО ""РЕГИОНАЛЬНАЯ СТРОИТЕЛЬНАЯ КОМПАНИЯ""",6230116272,РЯЗАНСКАЯ,2022,0.0,0.0,0.0
11282331,"ООО ""РЕГИОНАЛЬНАЯ СТРОИТЕЛЬНАЯ КОМПАНИЯ""",6230116272,РЯЗАНСКАЯ,2021,0.0,0.0,0.0
11022361,"ООО ""АМ-ГРУПП""",5902053680,ПЕРМСКИЙ,2022,87469.0,571.0,428.0
11022361,"ООО ""АМ-ГРУПП""",5902053680,ПЕРМСКИЙ,2021,69829.0,508.0,381.0
11055908,"ООО ""ВЕСТЕР""",7811731639,САНКТ-ПЕТЕРБУРГ,2021,269459.0,67.0,84.0
11057151,"ООО ""СТРОЙТЕХ""",3525443495,ВОЛОГОДСКАЯ,2021,0.0,0.0,0.0
11049669,"ООО ""ИВГАРАНТГРУПП""",3702220718,ИВАНОВСКАЯ,2021,0.0,0.0,0.0
11049753,"ООО ""ТРИОЛЬ""",5118004489,МУРМАНСКАЯ,2021,0.0,0.0,0.0
11051109,"ООО ""СТРОЙМИГ""",601029389,ИНГУШЕТИЯ,2021,4753.0,192.0,144.0
11059540,"ООО ""АРТСТРОЙ""",1655419732,ТАТАРСТАН,2022,15266.0,2.0,3.0
11059540,"ООО ""АРТСТРОЙ""",1655419732,ТАТАРСТАН,2021,19790.0,17.0,21.0
11059793,"ООО ""ПОЛМИ""",3906381311,КАЛИНИНГРАДСКАЯ,2021,0.0,-108.0,-129.0
11061064,"ООО ""СМУ-5""",5262364420,НИЖЕГОРОДСКАЯ,2021,5588.0,98.0,123.0
11053692,"ООО ""СПЕЦРЕЗЕРВ""",2225202634,АЛТАЙСКИЙ,2021,0.0,0.0,0.0
11054765,"ООО ""ДЕЛЬТАСТРОЙ""",5003134330,МОСКОВСКАЯ,2022,4036.0,0.0,0.0
11054765,"ООО ""ДЕЛЬТАСТРОЙ""",5003134330,МОСКОВСКАЯ,2021,2997.0,-5.0,-1.0
11047383,"ООО ""ФАВОРИТ""",5753072194,ОРЛОВСКАЯ,2021,0.0,0.0,0.0
11048008,"ООО ""ВЕКТОР""",4703165652,ЛЕНИНГРАДСКАЯ,2022,0.0,0.0,0.0
11048008,"ООО ""ВЕКТОР""",4703165652,ЛЕНИНГРАДСКАЯ,2021,0.0,0.0,0.0
11048047,"ООО ""СК СИММЕТРИЯ""",9731044289,МОСКВА,2021,0.0,0.0,0.0
11048069,"ООО ""БОНУС""",9110024459,КРЫМ,2022,0.0,0.0,0.0
11048069,"ООО ""БОНУС""",9110024459,КРЫМ,2021,0.0,0.0,0.0
11048702,"ООО ""АЛЬЯНС""",7203481221,ТЮМЕНСКАЯ,2021,0.0,0.0,0.0
11061888,"ООО ""АМС КОНСТРАКШН""",5948058610,ПЕРМСКИЙ,2022,0.0,0.0,0.0
11061888,"ООО ""АМС КОНСТРАКШН""",5948058610,ПЕРМСКИЙ,2021,0.0,0.0,0.0
11163180,"ООО ""ПСК""",3702228474,ИВАНОВСКАЯ,2024,0.0,0.0,0.0
11163180,"ООО ""ПСК""",3702228474,ИВАНОВСКАЯ,2023,0.0,0.0,0.0
11163180,"ООО ""ПСК""",3702228474,ИВАНОВСКАЯ,2022,436.0,-370.0,-409.0
11163180,"ООО ""ПСК""",3702228474,ИВАНОВСКАЯ,2021,3682.0,-475.0,-657.0
11162986,"ООО ""УНИВЕРСАЛСТРОЙ""",7814767464,САНКТ-ПЕТЕРБУРГ,2021,35844.0,255.0,319.0
11137782,"ООО ""ЕК-ГРАНДАРСЕНАЛ""",6670486820,СВЕРДЛОВСКАЯ,2021,82451.0,160.0,200.0
11411596,"ООО ""АТРАНС ПЛЮС""",7224082605,ТЮМЕНСКАЯ,2022,858.0,-7091.0,-7091.0
11411596,"ООО ""АТРАНС ПЛЮС""",7224082605,ТЮМЕНСКАЯ,2021,13286.0,1428.0,1269.0
5524034,"ООО ""ЭРЕДАС""",7716592569,МОСКОВСКАЯ,2022,0.0,0.0,0.0
9680605,"ООО ""СК ""ИНТЭК""",5053042476,МОСКОВСКАЯ,2024,0.0,0.0,0.0
9680605,"ООО ""СК ""ИНТЭК""",5053042476,МОСКОВСКАЯ,2023,70014.0,4732.0,2628.0
9680605,"ООО ""СК ""ИНТЭК""",5053042476,МОСКОВСКАЯ,2022,103014.0,2986.0,2252.0
9680605,"ООО ""СК ""ИНТЭК""",5053042476,МОСКОВСКАЯ,2021,94201.0,1393.0,1176.0
74946,"ООО ""ЭК ГРИФОН""",7814523041,САНКТ-ПЕТЕРБУРГ,2022,44214.0,74.0,225.0
74946,"ООО ""ЭК ГРИФОН""",7814523041,САНКТ-ПЕТЕРБУРГ,2021,58442.0,42.0,32.0
9435525,"ООО ""ССП""",3849055319,ИРКУТСКАЯ,2023,16583.0,558.0,777.0
9435525,"ООО ""ССП""",3849055319,ИРКУТСКАЯ,2022,69620.0,5120.0,6303.0
9435525,"ООО ""ССП""",3849055319,ИРКУТСКАЯ,2021,15698.0,1551.0,2160.0
9558340,"ООО ""БОРОДИНО""",5262328983,НИЖЕГОРОДСКАЯ,2022,0.0,0.0,0.0
9558340,"ООО ""БОРОДИНО""",5262328983,НИЖЕГОРОДСКАЯ,2021,27004.0,-81.0,-70.0
2458265,"ООО ""ДСМ""",2508093249,ПРИМОРСКИЙ,2023,1541.0,136.0,333.0
2458265,"ООО ""ДСМ""",2508093249,ПРИМОРСКИЙ,2022,47268.0,95.0,203.0
2458265,"ООО ""ДСМ""",2508093249,ПРИМОРСКИЙ,2021,47812.0,498.0,697.0
4392386,"ООО ""ЛЕВИТЭК""",7720269375,МОСКВА,2024,1010990.0,-112077.0,-106402.0
4392386,"ООО ""ЛЕВИТЭК""",7720269375,МОСКВА,2023,2476583.0,9791.0,21925.0
4392386,"ООО ""ЛЕВИТЭК""",7720269375,МОСКВА,2022,3596250.0,29071.0,51743.0
4392386,"ООО ""ЛЕВИТЭК""",7720269375,МОСКВА,2021,2980657.0,34791.0,91271.0
11773116,"ООО ""МАГАДАНСКАЯ ИНФРАСТРУКТУРНАЯ КОНЦЕССИЯ - 7""",4900011637,МАГАДАНСКАЯ,2024,0.0,-4509.0,-2810.0
11773116,"ООО ""МАГАДАНСКАЯ ИНФРАСТРУКТУРНАЯ КОНЦЕССИЯ - 7""",4900011637,МАГАДАНСКАЯ,2023,0.0,-134.0,-24.0
11773116,"ООО ""МАГАДАНСКАЯ ИНФРАСТРУКТУРНАЯ КОНЦЕССИЯ - 7""",4900011637,МАГАДАНСКАЯ,2022,0.0,-139.0,-95.0
8361587,"ГСК ""ЭТАЛОН-СИТИ""",5024141722,МОСКОВСКАЯ,2023,0.0,0.0,0.0
8361587,"ГСК ""ЭТАЛОН-СИТИ""",5024141722,МОСКОВСКАЯ,2022,0.0,3.0,3.0
8361587,"ГСК ""ЭТАЛОН-СИТИ""",5024141722,МОСКОВСКАЯ,2021,0.0,5.0,5.0
9844251,"ООО ""КОМПАНИЯ ВОСТОК-СТ""",9729017457,МОСКВА,2023,0.0,-4.0,-4.0
9844251,"ООО ""КОМПАНИЯ ВОСТОК-СТ""",9729017457,МОСКВА,2022,1614.0,80.0,54.0
9844251,"ООО ""КОМПАНИЯ ВОСТОК-СТ""",9729017457,МОСКВА,2021,8582.0,124.0,59.0
11301311,"ООО ""ТИМСТРОЙ""",5005068604,МОСКОВСКАЯ,2022,0.0,0.0,0.0
11301311,"ООО ""ТИМСТРОЙ""",5005068604,МОСКОВСКАЯ,2021,0.0,0.0,0.0
11353934,"ООО ""НСК ЗЕНИТ""",5404169594,НОВОСИБИРСКАЯ,2023,11678.0,229.0,206.0
11353934,"ООО ""НСК ЗЕНИТ""",5404169594,НОВОСИБИРСКАЯ,2022,47115.0,331.0,220.0
11353934,"ООО ""НСК ЗЕНИТ""",5404169594,НОВОСИБИРСКАЯ,2021,48600.0,333.0,463.0
11023867,"ООО ""ЛИДЕР ДВ""",2536317395,ПРИМОРСКИЙ,2021,15974.0,1815.0,2747.0
9702872,"ООО ""ИНДУСТРИЯ""",7816325060,ЛЕНИНГРАДСКАЯ,2024,0.0,0.0,0.0
9702872,"ООО ""ИНДУСТРИЯ""",7816325060,ЛЕНИНГРАДСКАЯ,2023,0.0,0.0,0.0
9702872,"ООО ""ИНДУСТРИЯ""",7816325060,ЛЕНИНГРАДСКАЯ,2022,416.0,5.0,6.0
9702872,"ООО ""ИНДУСТРИЯ""",7816325060,ЛЕНИНГРАДСКАЯ,2021,75381.0,-6554.0,-6445.0
10698666,"ООО ""СК ""ПРОФЕССИОНАЛ""",7724442486,МОСКВА,2023,31508.0,0.0,0.0
10698666,"ООО ""СК ""ПРОФЕССИОНАЛ""",7724442486,МОСКВА,2022,8181.0,0.0,0.0
10698666,"ООО ""СК ""ПРОФЕССИОНАЛ""",7724442486,МОСКВА,2021,0.0,0.0,0.0
10717045,"ООО ""СПЕЦПРОМСТРОЙ""",270406918,БАШКОРТОСТАН,2023,0.0,0.0,0.0
10717045,"ООО ""СПЕЦПРОМСТРОЙ""",270406918,БАШКОРТОСТАН,2022,0.0,0.0,0.0
10717045,"ООО ""СПЕЦПРОМСТРОЙ""",270406918,БАШКОРТОСТАН,2021,0.0,0.0,0.0
12214677,"ООО ""МЕРИДИАН""",9728100141,МОСКВА,2023,0.0,0.0,0.0
9902481,"ООО ""СТРОЙКОМПЛЕКС""",7704370603,МОСКВА,2024,292798.0,735.0,552.0
9902481,"ООО ""СТРОЙКОМПЛЕКС""",7704370603,МОСКВА,2023,0.0,0.0,0.0
9902481,"ООО ""СТРОЙКОМПЛЕКС""",7704370603,МОСКВА,2022,7817.0,6059.0,5893.0
9902481,"ООО ""СТРОЙКОМПЛЕКС""",7704370603,МОСКВА,2021,8652.0,2902.0,2574.0
12271251,"ООО ""ХОСТА""",7734485023,МОСКВА,2023,1507.0,0.0,0.0
11084880,"ООО ""ДИП""",326570447,БУРЯТИЯ,2021,0.0,0.0,0.0
11096423,"ООО ""РАДУГА""",5029248420,МОСКОВСКАЯ,2021,1420.0,112.0,112.0
11097149,"ООО ""ПРОМСТРОЙ""",278951249,БАШКОРТОСТАН,2021,17015.0,-2498.0,-2498.0
11097811,"ООО ""МСИ""",5637021720,ОРЕНБУРГСКАЯ,2021,0.0,0.0,0.0
11098064,"ООО ""РИП""",9701142779,МОСКВА,2021,426.0,11.0,14.0
11087805,"ООО ""МР-ЦЕНТР""",9715354364,МОСКВА,2021,481056.0,127394.0,88915.0
11089828,"ООО ""ГЛАВСТРОЙ""",6166115215,РОСТОВСКАЯ,2023,253.0,-410.0,-410.0
11089828,"ООО ""ГЛАВСТРОЙ""",6166115215,РОСТОВСКАЯ,2022,33153.0,1990.0,2240.0
11089828,"ООО ""ГЛАВСТРОЙ""",6166115215,РОСТОВСКАЯ,2021,4067.0,-1084.0,-1084.0
11101531,"ООО ""СТРОЙГАРАНТ""",4726004764,ЛЕНИНГРАДСКАЯ,2023,0.0,0.0,0.0
11101531,"ООО ""СТРОЙГАРАНТ""",4726004764,ЛЕНИНГРАДСКАЯ,2022,5451.0,37.0,46.0
11102555,"ООО ""ЕВРОСТРОЙ""",1655421756,ТАТАРСТАН,2022,111611.0,-1095.0,-1083.0
11102555,"ООО ""ЕВРОСТРОЙ""",1655421756,ТАТАРСТАН,2021,300475.0,-1649.0,-1906.0
11085693,"ООО ""СМР21""",3443142948,ВОЛГОГРАДСКАЯ,2022,0.0,0.0,0.0
11085693,"ООО ""СМР21""",3443142948,ВОЛГОГРАДСКАЯ,2021,167.0,14.0,11.0
11086368,"ООО ""ИНТАЧ""",9701140683,МОСКВА,2023,0.0,0.0,0.0
11086368,"ООО ""ИНТАЧ""",9701140683,МОСКВА,2022,0.0,0.0,0.0
11086368,"ООО ""ИНТАЧ""",9701140683,МОСКВА,2021,221.0,819.0,819.0
11033898,"ООО ""МАСТЕРОК""",326568656,БУРЯТИЯ,2021,0.0,0.0,0.0
11036571,"ООО ""СК-РЕГИОНСТРОЙ""",7814759294,САНКТ-ПЕТЕРБУРГ,2021,6805.0,403.0,403.0
11037812,"ООО ""ПРОФСТРОЙИЗОЛЯЦИЯ""",1326253721,МОРДОВИЯ,2023,7085.0,98.0,74.0
11037812,"ООО ""ПРОФСТРОЙИЗОЛЯЦИЯ""",1326253721,МОРДОВИЯ,2022,75.0,115.0,115.0
11037812,"ООО ""ПРОФСТРОЙИЗОЛЯЦИЯ""",1326253721,МОРДОВИЯ,2021,686.0,5.0,4.0
11074315,"ООО ""ГОРИЗОНТТРАНС""",7708354610,МОСКВА,2021,85277.0,80.0,60.0
11074328,"ООО""ЮГСТРОЙСЕРВИС""",2373016649,КРАСНОДАРСКИЙ,2021,0.0,0.0,0.0
11067707,"ООО ПСК ""РЕГИОН-СТРОЙ""",277942499,БАШКОРТОСТАН,2022,0.0,0.0,0.0
11069015,"ООО ""ФОРТУНА""",6317138739,САМАРСКАЯ,2021,861.0,21.0,26.0
11075617,"ООО ""СК ГСИ""",7733342640,МОСКВА,2023,11311.0,2352.0,2941.0
11075617,"ООО ""СК ГСИ""",7733342640,МОСКВА,2021,1406.0,-56.0,-68.0
11076663,"ООО ""КОС""",6686117113,СВЕРДЛОВСКАЯ,2021,0.0,0.0,0.0
11877438,"ООО ""УРАЛ""",6439100644,САРАТОВСКАЯ,2022,0.0,0.0,0.0
11899843,"ООО ""ЭЛЕГИЯ""",1650415396,ТАТАРСТАН,2022,746.0,2.0,2.0
11900636,"ООО ""М2А СТРОЙ""",9724091778,МОСКВА,2022,0.0,0.0,0.0
11901388,"ООО ""ОСТА""",6950261153,ТВЕРСКАЯ,2022,6295.0,357.0,420.0
11902481,"ООО ""ЭСС""",3816034176,ИРКУТСКАЯ,2023,4690.0,676.0,845.0
11902481,"ООО ""ЭСС""",3816034176,ИРКУТСКАЯ,2022,0.0,0.0,0.0
11902849,"ООО ""ГАРАНТ-СТРОЙ""",3100004124,БЕЛГОРОДСКАЯ,2022,21920.0,22.0,17.0
11903057,"ООО ""ЭТАЛОН СТРОЙ""",5105014909,МУРМАНСКАЯ,2023,378222.0,37056.0,37056.0
11903057,"ООО ""ЭТАЛОН СТРОЙ""",5105014909,МУРМАНСКАЯ,2022,241.0,416.0,416.0
11882445,"ООО ""СК ДОМСТРОЙ""",1841105349,УДМУРТСКАЯ,2022,3064.0,3.0,4.0
11882554,"ООО """"КОМПАНИЯ X5""",5024222851,МОСКОВСКАЯ,2024,0.0,0.0,0.0
11882554,"ООО """"КОМПАНИЯ X5""",5024222851,МОСКОВСКАЯ,2023,0.0,0.0,0.0
11884626,"ООО ""СК ""ЭВЕРЕСТ""",9102282738,КРЫМ,2024,0.0,0.0,0.0
11884626,"ООО ""СК ""ЭВЕРЕСТ""",9102282738,КРЫМ,2023,0.0,0.0,0.0
11884626,"ООО ""СК ""ЭВЕРЕСТ""",9102282738,КРЫМ,2022,0.0,0.0,0.0
11884741,"ООО СК ""ИНТЕГРАЛ-РЕСУРС""",4618004407,КУРСКАЯ,2022,427301.0,84.0,63.0
11884860,"ООО ""СТРОЙГРУПП""",2311336039,КРАСНОДАРСКИЙ,2022,0.0,0.0,0.0
11885096,"ООО ""СТРОИТЕЛЬНО-ПРОМЫШЛЕННАЯ КОМПАНИЯ НФХМ""",9717116686,МОСКВА,2022,1968.0,51.0,64.0
11885108,"ООО ""ЯНА""",9718196250,МОСКВА,2022,0.0,0.0,0.0
11878149,"ООО ""РЕМИКС""",9722024021,МОСКВА,2022,5131.0,6.0,4.0
11879011,"ООО ""ОНИКС""",7100023445,ТУЛЬСКАЯ,2022,3006.0,8.0,6.0
11878769,"ООО ""ГОРИЗОНТ""",7805794246,САНКТ-ПЕТЕРБУРГ,2023,73036.0,149.0,225.0
11878769,"ООО ""ГОРИЗОНТ""",7805794246,САНКТ-ПЕТЕРБУРГ,2022,41075.0,11109.0,11109.0
11879810,"ООО ""ДВИЖЕНИЕ""",7813663906,САНКТ-ПЕТЕРБУРГ,2022,1000.0,41.0,44.0
11880408,"ООО ""ПИКЕТ""",6678120930,СВЕРДЛОВСКАЯ,2022,9376.0,54.0,68.0
11880993,"ООО ""ТАНДЕМ""",700004385,КАБАРДИНО-БАЛКАРСКАЯ,2023,0.0,0.0,0.0
11880993,"ООО ""ТАНДЕМ""",700004385,КАБАРДИНО-БАЛКАРСКАЯ,2022,0.0,0.0,0.0
2996797,"ООО ""ПРОГРЭС""",264060154,БАШКОРТОСТАН,2024,21415.0,62.0,78.0
2996797,"ООО ""ПРОГРЭС""",264060154,БАШКОРТОСТАН,2023,21312.0,55.0,68.0
2996797,"ООО ""ПРОГРЭС""",264060154,БАШКОРТОСТАН,2022,4187.0,43.0,33.0
2996797,"ООО ""ПРОГРЭС""",264060154,БАШКОРТОСТАН,2021,18838.0,100.0,80.0
8265128,"ООО ""ПРОФАЛЬЯНС""",7702829497,МОСКВА,2024,0.0,0.0,0.0
8265128,"ООО ""ПРОФАЛЬЯНС""",7702829497,МОСКВА,2023,0.0,0.0,0.0
8265128,"ООО ""ПРОФАЛЬЯНС""",7702829497,МОСКВА,2022,0.0,0.0,0.0
8265128,"ООО ""ПРОФАЛЬЯНС""",7702829497,МОСКВА,2021,60058.0,31541.0,23515.0
7809195,"ООО ""СС""",4345353029,КИРОВСКАЯ,2024,1981.0,5.0,5.0
7809195,"ООО ""СС""",4345353029,КИРОВСКАЯ,2023,1280.0,3.0,3.0
7809195,"ООО ""СС""",4345353029,КИРОВСКАЯ,2022,10.0,0.0,0.0
7809195,"ООО ""СС""",4345353029,КИРОВСКАЯ,2021,789.0,-195.0,-195.0
10863308,"ООО ""РЕНЕССАНС""",7804632796,САНКТ-ПЕТЕРБУРГ,2024,2524.0,351.0,378.0
10863308,"ООО ""РЕНЕССАНС""",7804632796,САНКТ-ПЕТЕРБУРГ,2023,1881.0,261.0,281.0
10863308,"ООО ""РЕНЕССАНС""",7804632796,САНКТ-ПЕТЕРБУРГ,2022,2441.0,148.0,180.0
10863308,"ООО ""РЕНЕССАНС""",7804632796,САНКТ-ПЕТЕРБУРГ,2021,3380.0,293.0,338.0
10754423,"ООО ""СТРОЙМОНОЛИТ""",7724448551,МОСКВА,2024,0.0,0.0,0.0
10754423,"ООО ""СТРОЙМОНОЛИТ""",7724448551,МОСКВА,2023,1667.0,6.0,5.0
10754423,"ООО ""СТРОЙМОНОЛИТ""",7724448551,МОСКВА,2022,1341.0,12.0,9.0
10754423,"ООО ""СТРОЙМОНОЛИТ""",7724448551,МОСКВА,2021,0.0,0.0,0.0
11574604,"ООО ""ФСИ""",2310224131,КРАСНОДАРСКИЙ,2024,4200.0,0.0,0.0
11574604,"ООО ""ФСИ""",2310224131,КРАСНОДАРСКИЙ,2023,5600.0,0.0,0.0
11574604,"ООО ""ФСИ""",2310224131,КРАСНОДАРСКИЙ,2022,1900.0,0.0,0.0
11574604,"ООО ""ФСИ""",2310224131,КРАСНОДАРСКИЙ,2021,1901.0,0.0,0.0
11259321,"ООО ""АЛГОРИТМ""",4703173170,ЛЕНИНГРАДСКАЯ,2024,12899.0,136.0,170.0
11259321,"ООО ""АЛГОРИТМ""",4703173170,ЛЕНИНГРАДСКАЯ,2023,32181.0,195.0,243.0
11259321,"ООО ""АЛГОРИТМ""",4703173170,ЛЕНИНГРАДСКАЯ,2022,3946.0,25.0,32.0
11259321,"ООО ""АЛГОРИТМ""",4703173170,ЛЕНИНГРАДСКАЯ,2021,546.0,12.0,15.0
11739139,"ООО ""КЕДР""",5406818100,НОВОСИБИРСКАЯ,2024,0.0,0.0,0.0
11739139,"ООО ""КЕДР""",5406818100,НОВОСИБИРСКАЯ,2023,1201.0,14.0,72.0
11739139,"ООО ""КЕДР""",5406818100,НОВОСИБИРСКАЯ,2022,1836.0,-24.0,81.0
12156897,"ООО ""СВОЙ ДОМ""",3524017511,ВОЛОГОДСКАЯ,2024,599.0,-26.0,-26.0
12156897,"ООО ""СВОЙ ДОМ""",3524017511,ВОЛОГОДСКАЯ,2023,0.0,0.0,0.0
10970783,"ООО ""ТСТ""",7720457266,МОСКВА,2024,7872.0,16.0,16.0
10970783,"ООО ""ТСТ""",7720457266,МОСКВА,2023,8773.0,29.0,29.0
10970783,"ООО ""ТСТ""",7720457266,МОСКВА,2022,62119.0,159.0,375.0
10970783,"ООО ""ТСТ""",7720457266,МОСКВА,2021,31767.0,-556.0,-380.0
11172312,"ООО ""К2 ХАУС""",5032313044,МОСКОВСКАЯ,2024,0.0,0.0,0.0
11172312,"ООО ""К2 ХАУС""",5032313044,МОСКОВСКАЯ,2023,0.0,0.0,0.0
11172312,"ООО ""К2 ХАУС""",5032313044,МОСКОВСКАЯ,2022,0.0,0.0,0.0
11172312,"ООО ""К2 ХАУС""",5032313044,МОСКОВСКАЯ,2021,6136.0,0.0,0.0
11320149,"ООО ""ТРИТОН""",273934850,БАШКОРТОСТАН,2024,3283.0,44.0,77.0
11320149,"ООО ""ТРИТОН""",273934850,БАШКОРТОСТАН,2023,6191.0,116.0,145.0
11320149,"ООО ""ТРИТОН""",273934850,БАШКОРТОСТАН,2022,12302.0,117.0,140.0
11320149,"ООО ""ТРИТОН""",273934850,БАШКОРТОСТАН,2021,17979.0,150.0,187.0
7964552,"ООО ""РГС""",7811554362,САНКТ-ПЕТЕРБУРГ,2024,21581.0,750.0,2025.0
7964552,"ООО ""РГС""",7811554362,САНКТ-ПЕТЕРБУРГ,2023,204066.0,558.0,697.0
7964552,"ООО ""РГС""",7811554362,САНКТ-ПЕТЕРБУРГ,2022,43350.0,957.0,1633.0
7964552,"ООО ""РГС""",7811554362,САНКТ-ПЕТЕРБУРГ,2021,58659.0,23582.0,24348.0
12349360,"ООО ""СФ""",9703167352,МОСКВА,2024,217192.0,1.0,318.0
12354193,"ООО ""ЛЕНСТРОЙПРИМ""",2540282321,ПРИМОРСКИЙ,2024,0.0,0.0,0.0
12124580,"ООО ""ЛИДЕРРЕМСЕРВИС""",5506235510,ОМСКАЯ,2024,0.0,0.0,0.0
12430157,"ООО ""РСС""",7203573433,ТЮМЕНСКАЯ,2024,0.0,0.0,0.0
12546181,"ООО ""СК УЮТ""",2921129516,АРХАНГЕЛЬСКАЯ,2024,250.0,13.0,28.0
12045511,"ООО ""ЭМПЛАР""",6164140008,РОСТОВСКАЯ,2024,213845.0,4722.0,3541.0
12045511,"ООО ""ЭМПЛАР""",6164140008,РОСТОВСКАЯ,2023,41936.0,610.0,472.0
10343273,"ООО ""СТАЛЬЛЮКССТРОЙ""",3917048295,КАЛИНИНГРАДСКАЯ,2024,0.0,-1471.0,-1459.0
10343273,"ООО ""СТАЛЬЛЮКССТРОЙ""",3917048295,КАЛИНИНГРАДСКАЯ,2023,0.0,-598.0,-432.0
10343273,"ООО ""СТАЛЬЛЮКССТРОЙ""",3917048295,КАЛИНИНГРАДСКАЯ,2022,9608.0,-2574.0,-2373.0
10343273,"ООО ""СТАЛЬЛЮКССТРОЙ""",3917048295,КАЛИНИНГРАДСКАЯ,2021,1538.0,82.0,97.0
9196622,"ООО""ЭНЕРГО-ПАРТНЕР""",7811193846,САНКТ-ПЕТЕРБУРГ,2021,12708.0,499.0,624.0
9197397,"ООО ""УЭС""",6679070217,СВЕРДЛОВСКАЯ,2021,0.0,0.0,0.0
9197669,"ООО ""АСТ-МСГ""",5610212911,ОРЕНБУРГСКАЯ,2023,0.0,0.0,0.0
9197669,"ООО ""АСТ-МСГ""",5610212911,ОРЕНБУРГСКАЯ,2022,0.0,0.0,0.0
9197669,"ООО ""АСТ-МСГ""",5610212911,ОРЕНБУРГСКАЯ,2021,0.0,0.0,0.0
9198576,"ООО ""ПРОСПЕКТ""",5404010204,НОВОСИБИРСКАЯ,2021,0.0,0.0,0.0
9198717,"ООО  ""КОМФОРТ-СТРОЙ""",5260409002,НИЖЕГОРОДСКАЯ,2023,0.0,-695.0,-695.0
9198717,"ООО  ""КОМФОРТ-СТРОЙ""",5260409002,НИЖЕГОРОДСКАЯ,2022,0.0,-730.0,-730.0
9198717,"ООО  ""КОМФОРТ-СТРОЙ""",5260409002,НИЖЕГОРОДСКАЯ,2021,0.0,0.0,0.0
9199481,"ООО ""ПРОЕКТСТРОЙРЕАЛИЗАЦИЯ""",7719411436,МОСКВА,2021,8960.0,74.0,53.0
8550396,"ООО УСТК ""ЮРАН""",6679051736,СВЕРДЛОВСКАЯ,2022,149.0,0.0,-10.0
8550396,"ООО УСТК ""ЮРАН""",6679051736,СВЕРДЛОВСКАЯ,2021,0.0,0.0,0.0
8550486,"ООО ""БАЛТСЕРВИС""",7810986458,САНКТ-ПЕТЕРБУРГ,2021,0.0,0.0,0.0
8549931,"ООО ""ТЕХНОЛОГИЯ""",6501264693,САХАЛИНСКАЯ,2021,5282.0,11.0,14.0
8443096,"ООО ""ПСМ""",7813583792,САНКТ-ПЕТЕРБУРГ,2021,816.0,-5130.0,-5150.0
8443355,"ООО ""БКЖС ГРУПП""",3257015886,МОСКВА,2022,4537.0,-22633.0,-23884.0
8443355,"ООО ""БКЖС ГРУПП""",3257015886,МОСКВА,2021,5022.0,2620.0,1712.0
8530628,"ООО ""ЮГО-ЗАПАД""",7728878724,МОСКВА,2021,0.0,0.0,0.0
8533282,"ООО ""РЕГИОНСТРОЙЛАНДШАФТ""",5610161625,ОРЕНБУРГСКАЯ,2023,0.0,0.0,0.0
8533715,"ООО ""РДС""",7838505605,САНКТ-ПЕТЕРБУРГ,2021,111704.0,-1489.0,-474.0
8534322,"ООО ""СТРОЙСТИЛЬ""",6914017583,ТВЕРСКАЯ,2021,0.0,0.0,0.0
8534718,"ООО ""ТЕПЛОСТЕН""",1326228041,МОРДОВИЯ,2023,0.0,0.0,0.0
8534718,"ООО ""ТЕПЛОСТЕН""",1326228041,МОРДОВИЯ,2022,0.0,-5.0,-5.0
8534718,"ООО ""ТЕПЛОСТЕН""",1326228041,МОРДОВИЯ,2021,540.0,9.0,11.0
8535192,"ООО ""ГАРАНТСЕРВИС""",7702838491,МОСКВА,2022,0.0,0.0,0.0
8535192,"ООО ""ГАРАНТСЕРВИС""",7702838491,МОСКВА,2021,0.0,0.0,0.0
8525623,"ООО ""СМП-СТРОЙ""",7842519329,САНКТ-ПЕТЕРБУРГ,2021,0.0,-382.0,-382.0
8525852,"ООО ""АДС""",5433197959,НОВОСИБИРСКАЯ,2022,0.0,0.0,0.0
8525852,"ООО ""АДС""",5433197959,НОВОСИБИРСКАЯ,2021,38.0,0.0,0.0
8526332,"ООО ""СТРОЙКОМ-ПРОГРЕСС""",6501264206,САХАЛИНСКАЯ,2021,0.0,0.0,0.0
11460499,"ООО ""ТРЕВИ""",1659212256,ТАТАРСТАН,2022,7819.0,62.0,150.0
11460499,"ООО ""ТРЕВИ""",1659212256,ТАТАРСТАН,2021,5504.0,491.0,557.0
11437197,"ООО ""ССИ""",7805771753,САНКТ-ПЕТЕРБУРГ,2022,8104.0,-524.0,-523.0
11437197,"ООО ""ССИ""",7805771753,САНКТ-ПЕТЕРБУРГ,2021,12928.0,321.0,401.0
11642582,"ООО ""КОМФОРТСТРОЙ""",5247055851,НИЖЕГОРОДСКАЯ,2022,0.0,0.0,0.0
11642582,"ООО ""КОМФОРТСТРОЙ""",5247055851,НИЖЕГОРОДСКАЯ,2021,1289.0,30.0,-31.0
9446970,"ООО ""БЕТОЭКСПРЕСС""",7813233117,САНКТ-ПЕТЕРБУРГ,2021,0.0,1.0,18.0
10121902,"ООО ""ОСС""",4705072844,ЛЕНИНГРАДСКАЯ,2021,1203.0,38.0,50.0
11782249,"ООО ""МИКС""",7810940245,САНКТ-ПЕТЕРБУРГ,2022,15903.0,254.0,318.0
8064458,"ООО ""ПРОГРЕССИВНЫЕ-РЕШЕНИЯ""",7451358560,ЧЕЛЯБИНСКАЯ,2022,2902.0,11.0,14.0
8064458,"ООО ""ПРОГРЕССИВНЫЕ-РЕШЕНИЯ""",7451358560,ЧЕЛЯБИНСКАЯ,2021,1229.0,9.0,11.0
9670398,"ООО ""ПРОМТЕХСТРОЙ""",1655353947,ТАТАРСТАН,2022,0.0,0.0,0.0
9670398,"ООО ""ПРОМТЕХСТРОЙ""",1655353947,ТАТАРСТАН,2021,0.0,0.0,0.0
11838492,"ООО ""АЗИМУТ""",3123487894,БЕЛГОРОДСКАЯ,2024,67622.0,466.0,350.0
11838492,"ООО ""АЗИМУТ""",3123487894,БЕЛГОРОДСКАЯ,2023,38572.0,3011.0,2663.0
11838492,"ООО ""АЗИМУТ""",3123487894,БЕЛГОРОДСКАЯ,2022,1588.0,85.0,64.0
11637856,"ООО ""ТРАНС-АТЛАНТИК""",5190087824,МУРМАНСКАЯ,2024,0.0,0.0,0.0
11637856,"ООО ""ТРАНС-АТЛАНТИК""",5190087824,МУРМАНСКАЯ,2023,17294.0,6.0,7.0
11637856,"ООО ""ТРАНС-АТЛАНТИК""",5190087824,МУРМАНСКАЯ,2022,10886.0,38.0,48.0
11637856,"ООО ""ТРАНС-АТЛАНТИК""",5190087824,МУРМАНСКАЯ,2021,3469.0,25.0,31.0
11777934,"ООО ""АЛЬЯНС""",6682020181,СВЕРДЛОВСКАЯ,2024,10938.0,350.0,441.0
11777934,"ООО ""АЛЬЯНС""",6682020181,СВЕРДЛОВСКАЯ,2023,15666.0,1331.0,1664.0
11777934,"ООО ""АЛЬЯНС""",6682020181,СВЕРДЛОВСКАЯ,2022,2340.0,90.0,113.0
10682221,"ООО ""УНИВЕРСАЛ""",318017119,БУРЯТИЯ,2024,6668.0,0.0,0.0
10682221,"ООО ""УНИВЕРСАЛ""",318017119,БУРЯТИЯ,2023,55399.0,11644.0,11644.0
10682221,"ООО ""УНИВЕРСАЛ""",318017119,БУРЯТИЯ,2022,12949.0,363.0,363.0
10682221,"ООО ""УНИВЕРСАЛ""",318017119,БУРЯТИЯ,2021,9443.0,374.0,374.0
10171354,"ООО ""ССК""",1001324779,КАРЕЛИЯ,2024,17861.0,406.0,508.0
10171354,"ООО ""ССК""",1001324779,КАРЕЛИЯ,2023,9237.0,138.0,173.0
10171354,"ООО ""ССК""",1001324779,КАРЕЛИЯ,2022,0.0,0.0,0.0
10171354,"ООО ""ССК""",1001324779,КАРЕЛИЯ,2021,0.0,-36.0,-36.0
11828804,"ООО ""АСВ ГРУПП""",9703084642,МОСКВА,2024,77550.0,630.0,135.0
11828804,"ООО ""АСВ ГРУПП""",9703084642,МОСКВА,2023,48239.0,1231.0,1231.0
11828804,"ООО ""АСВ ГРУПП""",9703084642,МОСКВА,2022,19840.0,83.0,158.0
3612282,"ООО ""СЗ ""СК СОКОЛ""",7604165544,ЯРОСЛАВСКАЯ,2024,0.0,0.0,0.0
3612282,"ООО ""СЗ ""СК СОКОЛ""",7604165544,ЯРОСЛАВСКАЯ,2023,30221.0,476.0,357.0
3612282,"ООО ""СЗ ""СК СОКОЛ""",7604165544,ЯРОСЛАВСКАЯ,2022,1352.0,-1159.0,-3083.0
3612282,"ООО ""СЗ ""СК СОКОЛ""",7604165544,ЯРОСЛАВСКАЯ,2021,2800.0,-3373.0,-6728.0
5325172,"ООО ""РСРК""",5042089779,МОСКОВСКАЯ,2024,0.0,0.0,0.0
5325172,"ООО ""РСРК""",5042089779,МОСКОВСКАЯ,2022,936.0,6.0,6.0
5325172,"ООО ""РСРК""",5042089779,МОСКОВСКАЯ,2021,8676.0,44.0,44.0
9894495,"ООО ""НФ МЕДИА""",5030089220,МОСКОВСКАЯ,2024,3.0,2.0,2.0
9894495,"ООО ""НФ МЕДИА""",5030089220,МОСКОВСКАЯ,2023,90.0,56.0,50.0
9894495,"ООО ""НФ МЕДИА""",5030089220,МОСКОВСКАЯ,2022,866.0,15.0,10.0
10907842,"ООО ""ПРОФРЕМСТРОЙ""",4027138934,КАЛУЖСКАЯ,2024,2727.0,2.0,32.0
10907842,"ООО ""ПРОФРЕМСТРОЙ""",4027138934,КАЛУЖСКАЯ,2022,28466.0,1317.0,1586.0
10907842,"ООО ""ПРОФРЕМСТРОЙ""",4027138934,КАЛУЖСКАЯ,2021,41346.0,1655.0,2257.0
12291364,"ООО ""ЧЁТКО""",5110008682,МУРМАНСКАЯ,2024,0.0,0.0,0.0
12291364,"ООО ""ЧЁТКО""",5110008682,МУРМАНСКАЯ,2023,0.0,0.0,0.0
10764027,"ООО ""СОЮЗ""",7719480888,МОСКВА,2024,717.0,115.0,142.0
10764027,"ООО ""СОЮЗ""",7719480888,МОСКВА,2023,0.0,0.0,0.0
10764027,"ООО ""СОЮЗ""",7719480888,МОСКВА,2022,0.0,0.0,0.0
10764027,"ООО ""СОЮЗ""",7719480888,МОСКВА,2021,0.0,0.0,0.0
12174369,"ООО ""ИНВЕСТПРОЕКТСТРОЙ""",7743417573,МОСКВА,2023,0.0,-3403.0,-3403.0
10359628,"ООО ""СК ДИНДОМ""",2502057389,ПРИМОРСКИЙ,2022,6290.0,2001.0,2001.0
10359628,"ООО ""СК ДИНДОМ""",2502057389,ПРИМОРСКИЙ,2021,11099.0,2664.0,3314.0
68497,"ООО ""ПП ""ТРАНССПЕЦСТРОЙ""",7702353715,МОСКВА,2024,0.0,0.0,0.0
68497,"ООО ""ПП ""ТРАНССПЕЦСТРОЙ""",7702353715,МОСКВА,2023,0.0,-1.0,-1.0
68497,"ООО ""ПП ""ТРАНССПЕЦСТРОЙ""",7702353715,МОСКВА,2022,0.0,1.0,1.0
68497,"ООО ""ПП ""ТРАНССПЕЦСТРОЙ""",7702353715,МОСКВА,2021,0.0,472.0,472.0
11018138,"ООО ""ТУРМС""",7802690048,САНКТ-ПЕТЕРБУРГ,2023,29854.0,1647.0,1976.0
11018138,"ООО ""ТУРМС""",7802690048,САНКТ-ПЕТЕРБУРГ,2022,151563.0,7711.0,9663.0
11018138,"ООО ""ТУРМС""",7802690048,САНКТ-ПЕТЕРБУРГ,2021,13007.0,1664.0,1970.0
8341945,"ООО ""УРАЛЛЕССТРОЙ-ЕК""",6658449999,СВЕРДЛОВСКАЯ,2023,0.0,0.0,0.0
8341945,"ООО ""УРАЛЛЕССТРОЙ-ЕК""",6658449999,СВЕРДЛОВСКАЯ,2022,3819.0,463.0,418.0
8341945,"ООО ""УРАЛЛЕССТРОЙ-ЕК""",6658449999,СВЕРДЛОВСКАЯ,2021,0.0,0.0,0.0
11929109,"ООО ""СМУ №444""",5402074562,НОВОСИБИРСКАЯ,2022,0.0,8.0,8.0
11997098,"ООО ""КОНТИНЕНТ""",600005794,ИНГУШЕТИЯ,2022,0.0,0.0,0.0
7713362,"ООО ""СТАРТ К""",5404472671,НОВОСИБИРСКАЯ,2022,0.0,0.0,0.0
9790337,"ООО ""ЭКОДОМ""",5074055290,МОСКОВСКАЯ,2022,4821.0,353.0,353.0
9790337,"ООО ""ЭКОДОМ""",5074055290,МОСКОВСКАЯ,2021,0.0,0.0,0.0
10329245,"ООО ""ПРИКАМЬЕ ИНВЕСТ-СТРОЙ""",5908076476,ПЕРМСКИЙ,2021,403.0,-2925.0,-2947.0
11688764,"ООО ""СК АЛЬЯНС""",7733374955,МОСКВА,2024,0.0,0.0,0.0
11688764,"ООО ""СК АЛЬЯНС""",7733374955,МОСКВА,2022,82062.0,5229.0,5229.0
11688764,"ООО ""СК АЛЬЯНС""",7733374955,МОСКВА,2021,0.0,0.0,0.0
11785890,"ООО ""КАПИТАЛ""",1677000423,ТАТАРСТАН,2023,1119.0,-795.0,-905.0
11785890,"ООО ""КАПИТАЛ""",1677000423,ТАТАРСТАН,2022,0.0,0.0,0.0
12138651,"ООО ""АГАТ""",9731112838,МОСКВА,2023,0.0,0.0,0.0
8358265,"ООО ""ТДМ""",7734718542,МОСКОВСКАЯ,2022,67559.0,811.0,2218.0
8358265,"ООО ""ТДМ""",7734718542,МОСКОВСКАЯ,2021,170008.0,2953.0,2278.0
11957980,"ООО ""АРМАДАСТРОЙ""",7806603399,САНКТ-ПЕТЕРБУРГ,2024,0.0,-7070.0,-7070.0
11957980,"ООО ""АРМАДАСТРОЙ""",7806603399,САНКТ-ПЕТЕРБУРГ,2023,6828.0,-202.0,-202.0
11957980,"ООО ""АРМАДАСТРОЙ""",7806603399,САНКТ-ПЕТЕРБУРГ,2022,2844.0,-41.0,-41.0
10664911,"ООО ""МКМ+""",1840079270,УДМУРТСКАЯ,2023,40591.0,502.0,407.0
10664911,"ООО ""МКМ+""",1840079270,УДМУРТСКАЯ,2022,5909.0,-33.0,-33.0
10664911,"ООО ""МКМ+""",1840079270,УДМУРТСКАЯ,2021,9845.0,18.0,14.0
11714326,"ООО ""ДОМ КЛЮЧ""",5038161084,МОСКОВСКАЯ,2021,4999.0,17.0,13.0
1753913,"ООО ТД ""АЛЬВЕРА""",7731424978,МОСКОВСКАЯ,2024,28591.0,-460.0,-103.0
1753913,"ООО ТД ""АЛЬВЕРА""",7731424978,МОСКОВСКАЯ,2023,35540.0,-216.0,-257.0
1753913,"ООО ТД ""АЛЬВЕРА""",7731424978,МОСКОВСКАЯ,2022,36113.0,68.0,9.0
1753913,"ООО ТД ""АЛЬВЕРА""",7731424978,МОСКОВСКАЯ,2021,23389.0,1316.0,1316.0
12185310,"ООО ""МОВЛАД-СТРОЙ""",600009502,ИНГУШЕТИЯ,2023,0.0,0.0,0.0
11436058,"ООО ""СКР МОССТРОЙ""",9724026722,МОСКВА,2023,0.0,0.0,0.0
11436058,"ООО ""СКР МОССТРОЙ""",9724026722,МОСКВА,2021,0.0,-533.0,-529.0
12514210,"ООО ""СИРИНОВ СТРОЙ""",5948073506,ПЕРМСКИЙ,2024,0.0,-42.0,-36.0
12466846,"ООО ""А-29"" ",2609026224,СТАВРОПОЛЬСКИЙ,2024,7757.0,-4501.0,-4127.0
12361278,"ООО ""СЗ ""ЛЕГЕНДА ТУРАЛИ""",500003610,ДАГЕСТАН,2024,0.0,-4.0,-4.0
10442943,"ООО ""РЕМСТРОЙ""",8609019676,ХАНТЫ-МАНСИЙСКИЙ АВТОНОМНЫЙ ОКРУГ - ЮГРА,2024,87946.0,1290.0,939.0
10442943,"ООО ""РЕМСТРОЙ""",8609019676,ХАНТЫ-МАНСИЙСКИЙ АВТОНОМНЫЙ ОКРУГ - ЮГРА,2023,45940.0,536.0,329.0
10442943,"ООО ""РЕМСТРОЙ""",8609019676,ХАНТЫ-МАНСИЙСКИЙ АВТОНОМНЫЙ ОКРУГ - ЮГРА,2022,64430.0,691.0,454.0
10442943,"ООО ""РЕМСТРОЙ""",8609019676,ХАНТЫ-МАНСИЙСКИЙ АВТОНОМНЫЙ ОКРУГ - ЮГРА,2021,30333.0,382.0,255.0
11235169,"ООО ""ССБ""",6504023992,САХАЛИНСКАЯ,2024,0.0,0.0,0.0
11235169,"ООО ""ССБ""",6504023992,САХАЛИНСКАЯ,2023,4293.0,-297.0,-254.0
11235169,"ООО ""ССБ""",6504023992,САХАЛИНСКАЯ,2022,0.0,0.0,0.0
11235169,"ООО ""ССБ""",6504023992,САХАЛИНСКАЯ,2021,5614.0,781.0,781.0
7885870,"ООО ""РФМ""",7705539274,МОСКВА,2024,2857.0,16.0,416.0
7885870,"ООО ""РФМ""",7705539274,МОСКВА,2021,2724.0,20.0,25.0
11340923,"ООО ""ТРАНССЕРВИСЮГ""",9102264802,КРЫМ,2024,21279.0,298.0,373.0
11340923,"ООО ""ТРАНССЕРВИСЮГ""",9102264802,КРЫМ,2023,1947.0,-3741.0,-3741.0
8533310,"ООО ""ЭКОСИСТЕМА""",7810975343,САНКТ-ПЕТЕРБУРГ,2024,9797.0,0.0,0.0
8533310,"ООО ""ЭКОСИСТЕМА""",7810975343,САНКТ-ПЕТЕРБУРГ,2023,221877.0,1588.0,1191.0
8533310,"ООО ""ЭКОСИСТЕМА""",7810975343,САНКТ-ПЕТЕРБУРГ,2022,59643.0,1408.0,1056.0
8533310,"ООО ""ЭКОСИСТЕМА""",7810975343,САНКТ-ПЕТЕРБУРГ,2021,0.0,0.0,0.0
12274663,"ООО ""РАМОС""",2367033558,КРАСНОДАРСКИЙ,2024,36922.0,1136.0,1420.0
12274663,"ООО ""РАМОС""",2367033558,КРАСНОДАРСКИЙ,2023,0.0,-7.0,-7.0
10486250,"ООО ""ФОРУМ СПБ""",7805719390,САНКТ-ПЕТЕРБУРГ,2024,0.0,0.0,0.0
10486250,"ООО ""ФОРУМ СПБ""",7805719390,САНКТ-ПЕТЕРБУРГ,2023,0.0,0.0,0.0
10486250,"ООО ""ФОРУМ СПБ""",7805719390,САНКТ-ПЕТЕРБУРГ,2022,0.0,0.0,0.0
10486250,"ООО ""ФОРУМ СПБ""",7805719390,САНКТ-ПЕТЕРБУРГ,2021,0.0,0.0,0.0
12292119,"ООО ""СТРОЙ-КА""",7203564421,ТЮМЕНСКАЯ,2024,306.0,1.0,1.0
12292119,"ООО ""СТРОЙ-КА""",7203564421,ТЮМЕНСКАЯ,2023,0.0,0.0,0.0
11460685,"ООО ""ПАЛЬМИРА ОЙЛ""",7806579192,САНКТ-ПЕТЕРБУРГ,2024,4826.0,7.0,-6.0
11460685,"ООО ""ПАЛЬМИРА ОЙЛ""",7806579192,САНКТ-ПЕТЕРБУРГ,2023,4639.0,427.0,379.0
11460685,"ООО ""ПАЛЬМИРА ОЙЛ""",7806579192,САНКТ-ПЕТЕРБУРГ,2022,1358.0,-594.0,-594.0
11460685,"ООО ""ПАЛЬМИРА ОЙЛ""",7806579192,САНКТ-ПЕТЕРБУРГ,2021,2087.0,120.0,90.0
12076000,"ООО ""СЗ ИНТЭК""",3525484357,ВОЛОГОДСКАЯ,2024,4167.0,-456.0,-456.0
12076000,"ООО ""СЗ ИНТЭК""",3525484357,ВОЛОГОДСКАЯ,2023,0.0,-795.0,-795.0
10881477,"ООО ""РУСА""",7734418845,МОСКОВСКАЯ,2024,13875.0,736.0,681.0
10881477,"ООО ""РУСА""",7734418845,МОСКОВСКАЯ,2023,44477.0,326.0,149.0
10881477,"ООО ""РУСА""",7734418845,МОСКОВСКАЯ,2022,13516.0,912.0,718.0
10881477,"ООО ""РУСА""",7734418845,МОСКОВСКАЯ,2021,77229.0,1240.0,743.0
10339143,"ООО ""ЛИДЕР СТРОЙ""",5507256802,ОМСКАЯ,2024,0.0,0.0,0.0
10339143,"ООО ""ЛИДЕР СТРОЙ""",5507256802,ОМСКАЯ,2022,0.0,0.0,0.0
10339143,"ООО ""ЛИДЕР СТРОЙ""",5507256802,ОМСКАЯ,2021,0.0,0.0,0.0
11756875,"ООО ""БУС""",272919922,БАШКОРТОСТАН,2024,17620.0,-22775.0,-22658.0
11756875,"ООО ""БУС""",272919922,БАШКОРТОСТАН,2023,278623.0,966.0,725.0
11756875,"ООО ""БУС""",272919922,БАШКОРТОСТАН,2022,203534.0,1480.0,1110.0
11318281,"ООО ""СК ТЕХПРОМСТРОЙ""",4011032523,КАЛУЖСКАЯ,2024,43558.0,4550.0,5879.0
11318281,"ООО ""СК ТЕХПРОМСТРОЙ""",4011032523,КАЛУЖСКАЯ,2023,19885.0,257.0,-842.0
11318281,"ООО ""СК ТЕХПРОМСТРОЙ""",4011032523,КАЛУЖСКАЯ,2022,13894.0,-301.0,-137.0
11318281,"ООО ""СК ТЕХПРОМСТРОЙ""",4011032523,КАЛУЖСКАЯ,2021,15215.0,680.0,778.0
9139761,"ООО ""СТРОЙТЕХСНАБ""",7726307429,МОСКВА,2024,46509.0,717.0,538.0
9139761,"ООО ""СТРОЙТЕХСНАБ""",7726307429,МОСКВА,2023,23253.0,1083.0,812.0
9139761,"ООО ""СТРОЙТЕХСНАБ""",7726307429,МОСКВА,2022,30282.0,556.0,417.0
9139761,"ООО ""СТРОЙТЕХСНАБ""",7726307429,МОСКВА,2021,10599.0,197.0,148.0
8502454,"ООО ""ДОК КОЛЬЧУГИНО""",3306017261,ВЛАДИМИРСКАЯ,2024,0.0,-247.0,-247.0
8502454,"ООО ""ДОК КОЛЬЧУГИНО""",3306017261,ВЛАДИМИРСКАЯ,2023,0.0,-230.0,-246.0
8502454,"ООО ""ДОК КОЛЬЧУГИНО""",3306017261,ВЛАДИМИРСКАЯ,2022,0.0,-243.0,-243.0
8502454,"ООО ""ДОК КОЛЬЧУГИНО""",3306017261,ВЛАДИМИРСКАЯ,2021,0.0,-240.0,-240.0
8091678,"ООО ""КОМПАНИЯ ""РИАЛСТРОЙ""",7604249378,ЯРОСЛАВСКАЯ,2024,0.0,0.0,0.0
8091678,"ООО ""КОМПАНИЯ ""РИАЛСТРОЙ""",7604249378,ЯРОСЛАВСКАЯ,2023,0.0,0.0,0.0
8091678,"ООО ""КОМПАНИЯ ""РИАЛСТРОЙ""",7604249378,ЯРОСЛАВСКАЯ,2022,0.0,0.0,0.0
8091678,"ООО ""КОМПАНИЯ ""РИАЛСТРОЙ""",7604249378,ЯРОСЛАВСКАЯ,2021,0.0,0.0,0.0
10100716,"ООО ""ЕТЛК""",7728361943,МОСКВА,2022,0.0,0.0,0.0
10100716,"ООО ""ЕТЛК""",7728361943,МОСКВА,2021,0.0,0.0,0.0
9998818,"ООО ""СТРОЙ-АЛЬЯНС""",269997335,БАШКОРТОСТАН,2022,0.0,0.0,0.0
10779288,"ООО ""ДОРСТРОЙ""",5047214328,МОСКОВСКАЯ,2021,1953.0,-871.0,-871.0
9125983,"ООО ""СПМ""",1655322850,ТАТАРСТАН,2021,0.0,0.0,0.0
11002174,"ООО ""ТРАЙДЕНТ"" ",2511109202,ПРИМОРСКИЙ,2022,0.0,-1796.0,-1796.0
11002174,"ООО ""ТРАЙДЕНТ"" ",2511109202,ПРИМОРСКИЙ,2021,0.0,-46.0,-46.0
11625221,"ООО ""СК""ОРГСТРОЙ""",4900010312,МАГАДАНСКАЯ,2021,0.0,0.0,0.0
8548796,"ООО ""СТРОЙТРЕСТ-БС""",1327021794,МОРДОВИЯ,2022,0.0,0.0,0.0
8548796,"ООО ""СТРОЙТРЕСТ-БС""",1327021794,МОРДОВИЯ,2021,0.0,0.0,0.0
9136587,"ООО ""УЛИСС ДЕВЕЛОПМЕНТ""",9103070687,КРЫМ,2021,0.0,0.0,0.0
1827878,"ООО ""МС-СЕРВИС""",7415050530,ЧЕЛЯБИНСКАЯ,2021,0.0,-880.0,-880.0
2342124,"""ВОССТАНОВЛЕНИЕ"" ООО",5263011749,НИЖЕГОРОДСКАЯ,2021,2600.0,0.0,0.0
814502,"ООО ""МЭМ""",2455015340,КРАСНОЯРСКИЙ,2021,0.0,-1061.0,-1063.0
8061457,"ООО ""СТАТУС АКВА""",2603800297,СТАВРОПОЛЬСКИЙ,2022,0.0,-206.0,-201.0
8061457,"ООО ""СТАТУС АКВА""",2603800297,СТАВРОПОЛЬСКИЙ,2021,0.0,2.0,13.0
4816566,"ООО ""ЭГИДА""",2801150523,АМУРСКАЯ,2022,0.0,0.0,0.0
4816566,"ООО ""ЭГИДА""",2801150523,АМУРСКАЯ,2021,0.0,0.0,0.0
8883084,"ООО ""ПРОМСТРОЙ-2""",7457004543,ЧЕЛЯБИНСКАЯ,2022,0.0,0.0,0.0
8883084,"ООО ""ПРОМСТРОЙ-2""",7457004543,ЧЕЛЯБИНСКАЯ,2021,0.0,0.0,0.0
11267075,"ООО ""КАПИТАЛ-2020""",1435350563,САХА /ЯКУТИЯ/,2021,250.0,-197.0,-197.0
8874646,"ООО ""МАЛУС ИНВЕСТ""",9204010652,ЧЕЛЯБИНСКАЯ,2021,749.0,-2031.0,-2018.0
11372159,"ООО ""ЛИДЕР""",7733357572,МОСКВА,2022,4600.0,2.0,2.0
11372159,"ООО ""ЛИДЕР""",7733357572,МОСКВА,2021,12248.0,21.0,16.0
11479905,"ООО ""МАЗУР""",6671134405,СВЕРДЛОВСКАЯ,2021,14565.0,107.0,80.0
9357285,"ООО ""СИБАЛЬТЕР""",5406590141,НОВОСИБИРСКАЯ,2022,0.0,0.0,0.0
9357285,"ООО ""СИБАЛЬТЕР""",5406590141,НОВОСИБИРСКАЯ,2021,8631.0,0.0,0.0
10964698,"ООО ""ССЮ""",2311285610,МОСКОВСКАЯ,2022,25645.0,-7274.0,-7274.0
10964698,"ООО ""ССЮ""",2311285610,МОСКОВСКАЯ,2021,61125.0,86.0,107.0
10959217,"ООО ""ДОМОСТРОЙ""",4509006997,КУРГАНСКАЯ,2021,41601.0,390.0,390.0
10959985,"ООО ""ПЛУТОС""",7114024270,ТУЛЬСКАЯ,2021,10558.0,2.0,3.0
10960669,"ООО ""АЛТАЙСПЕЦСТРОЙ""",400010564,АЛТАЙ,2021,0.0,0.0,0.0
10194764,"ООО ""СТРОЙРЕЗЕРВ-ДВ""",2724220780,ХАБАРОВСКИЙ,2021,8176.0,-5854.0,-5762.0
10194907,"ООО ""СТРОЙИНВЕСТ""",1001325300,КАРЕЛИЯ,2022,0.0,0.0,0.0
10194907,"ООО ""СТРОЙИНВЕСТ""",1001325300,КАРЕЛИЯ,2021,0.0,0.0,0.0
10195658,"ООО ""УЮТНЫЙ ДОМ""",7811646253,САНКТ-ПЕТЕРБУРГ,2022,0.0,0.0,0.0
10195658,"ООО ""УЮТНЫЙ ДОМ""",7811646253,САНКТ-ПЕТЕРБУРГ,2021,0.0,0.0,0.0
10200851,"ООО ""ТЕХСТРОЙЭНЕРГО""",2221233889,АЛТАЙСКИЙ,2021,78498.0,6.0,5.0
10074533,"ООО ""СТРОЙСЕВЕР""",3525394022,ВОЛОГОДСКАЯ,2021,0.0,0.0,0.0
10075242,"ООО ""ТРЕНД""",1121025918,КОМИ,2021,10573.0,668.0,1042.0
10094245,"ООО ""СК МАКССЕРВИС""",7733315389,МОСКВА,2023,0.0,0.0,0.0
10094245,"ООО ""СК МАКССЕРВИС""",7733315389,МОСКВА,2022,0.0,0.0,0.0
10094245,"ООО ""СК МАКССЕРВИС""",7733315389,МОСКВА,2021,0.0,0.0,0.0
10094881,"ООО ""МОЙ КРАЙ""",2543108667,ПРИМОРСКИЙ,2021,0.0,0.0,0.0
10096321,"ООО ""АККОРД""",2116003269,ЧУВАШСКАЯ РЕСПУБЛИКА -,2021,0.0,0.0,0.0
10060843,"ООО ""ВЕКТОР-М""",2261007220,АЛТАЙСКИЙ,2021,0.0,0.0,0.0
10061838,"ООО ""ДЕМИР""",1655378589,ТАТАРСТАН,2023,0.0,0.0,0.0
10063140,"ООО ""ТЮМЕНЬСТРОЙКОНСТРУКЦИЯ""",7203407154,ТЮМЕНСКАЯ,2023,420.0,0.0,0.0
10063140,"ООО ""ТЮМЕНЬСТРОЙКОНСТРУКЦИЯ""",7203407154,ТЮМЕНСКАЯ,2022,20864.0,157.0,183.0
10063140,"ООО ""ТЮМЕНЬСТРОЙКОНСТРУКЦИЯ""",7203407154,ТЮМЕНСКАЯ,2021,23465.0,202.0,151.0
10100639,"ООО ""АССИСТСНАБ""",9729056826,МОСКВА,2022,9493.0,320.0,240.0
10100639,"ООО ""АССИСТСНАБ""",9729056826,МОСКВА,2021,14684.0,179.0,134.0
10101825,"ООО ""ПРОМСНАБТОРГ76""",7613005339,ЯРОСЛАВСКАЯ,2022,375.0,2.0,2.0
10101825,"ООО ""ПРОМСНАБТОРГ76""",7613005339,ЯРОСЛАВСКАЯ,2021,3268.0,5.0,6.0
10102060,"ООО ""РОСТОВСТРОЙРЕМОНТ""",6168091440,РОСТОВСКАЯ,2022,688.0,-44.0,-32.0
10102060,"ООО ""РОСТОВСТРОЙРЕМОНТ""",6168091440,РОСТОВСКАЯ,2021,704.0,2.0,7.0
10022479,"ООО ""ЭРСТЭД""",7128012034,ТУЛЬСКАЯ,2021,92888.0,76.0,57.0
361906,"ООО ""ГРИН-СТРОЙ""",269021293,БАШКОРТОСТАН,2023,0.0,0.0,0.0
361906,"ООО ""ГРИН-СТРОЙ""",269021293,БАШКОРТОСТАН,2022,0.0,0.0,0.0
361906,"ООО ""ГРИН-СТРОЙ""",269021293,БАШКОРТОСТАН,2021,0.0,0.0,0.0
2738158,"ООО ""СИБИНТЕР-СТРОЙ""",8620019380,ХАНТЫ-МАНСИЙСКИЙ АВТОНОМНЫЙ ОКРУГ - ЮГРА,2023,0.0,0.0,0.0
2738158,"ООО ""СИБИНТЕР-СТРОЙ""",8620019380,ХАНТЫ-МАНСИЙСКИЙ АВТОНОМНЫЙ ОКРУГ - ЮГРА,2022,0.0,-3200.0,-3200.0
2738158,"ООО ""СИБИНТЕР-СТРОЙ""",8620019380,ХАНТЫ-МАНСИЙСКИЙ АВТОНОМНЫЙ ОКРУГ - ЮГРА,2021,0.0,-4503.0,-4503.0
10466680,"ООО ""ИАС СТРОЙ""",9721059409,МОСКВА,2021,0.0,0.0,0.0
11558851,"ООО ""ЦЕФЕЙ""",5903149120,ПЕРМСКИЙ,2022,0.0,-803.0,-800.0
11558851,"ООО ""ЦЕФЕЙ""",5903149120,ПЕРМСКИЙ,2021,4232.0,3085.0,3318.0
11445835,"ООО ""ДЕЙМАСТРОЙ""",3906396565,КАЛИНИНГРАДСКАЯ,2022,543.0,-299.0,-299.0
11445835,"ООО ""ДЕЙМАСТРОЙ""",3906396565,КАЛИНИНГРАДСКАЯ,2021,2825.0,277.0,348.0
11747638,"ООО ""ДОМОСТРОЙ""",7814802800,САНКТ-ПЕТЕРБУРГ,2022,26837.0,402.0,305.0
9674019,"ООО ""РЕГИОНИНВЕСТСТРОЙ""",5406604877,МОСКВА,2022,34758.0,131.0,1814.0
9674019,"ООО ""РЕГИОНИНВЕСТСТРОЙ""",5406604877,МОСКВА,2021,11368.0,-7431.0,-7090.0
11076956,"ООО ""АЛЬФА-ТРАНС НЕРУД""",7807231111,САНКТ-ПЕТЕРБУРГ,2023,0.0,0.0,0.0
11076956,"ООО ""АЛЬФА-ТРАНС НЕРУД""",7807231111,САНКТ-ПЕТЕРБУРГ,2022,11455.0,79.0,99.0
11076956,"ООО ""АЛЬФА-ТРАНС НЕРУД""",7807231111,САНКТ-ПЕТЕРБУРГ,2021,15977.0,40.0,50.0
9072276,"ООО ""СПЕЦСТРОЙ""",6015007056,ПСКОВСКАЯ,2022,0.0,0.0,0.0
9072276,"ООО ""СПЕЦСТРОЙ""",6015007056,ПСКОВСКАЯ,2021,0.0,0.0,0.0
9514819,"ООО ""АКВАБАСТРОЙ""",6027166364,ПСКОВСКАЯ,2022,0.0,-124.0,-124.0
9514819,"ООО ""АКВАБАСТРОЙ""",6027166364,ПСКОВСКАЯ,2021,0.0,-106.0,-106.0
11483333,"ООО ""КСК""",2722134060,ХАБАРОВСКИЙ,2022,0.0,-12.0,-12.0
11483333,"ООО ""КСК""",2722134060,ХАБАРОВСКИЙ,2021,0.0,-24.0,-24.0
7554748,"ООО ""ДЕЛЬТА""",3446048051,ВОЛГОГРАДСКАЯ,2021,0.0,-1.0,-1.0
8424935,"ООО ""ПРОДМОНТАЖ МК""",6230083620,РЯЗАНСКАЯ,2021,0.0,-456.0,-456.0
9081679,"ООО ""ОЛИМП""",5407206710,НОВОСИБИРСКАЯ,2023,0.0,-1382.0,-1640.0
9081679,"ООО ""ОЛИМП""",5407206710,НОВОСИБИРСКАЯ,2022,36369.0,-450180.0,-456908.0
9081679,"ООО ""ОЛИМП""",5407206710,НОВОСИБИРСКАЯ,2021,104402.0,104491.0,98187.0
9808701,"ООО ""КРЕПОСТЬСТРОЙ""",2465147708,КРАСНОЯРСКИЙ,2021,0.0,0.0,0.0
589795,"ООО ""АВИСТА""",7104507870,ТУЛЬСКАЯ,2022,109264.0,257.0,321.0
589795,"ООО ""АВИСТА""",7104507870,ТУЛЬСКАЯ,2021,32423.0,130.0,163.0
5859317,"ООО ""ОДА""",5038017186,МОСКОВСКАЯ,2021,0.0,0.0,0.0
9819367,"ООО ""ГАРАНТ""",245952695,БАШКОРТОСТАН,2022,3595.0,-561.0,-561.0
9819367,"ООО ""ГАРАНТ""",245952695,БАШКОРТОСТАН,2021,5291.0,490.0,486.0
11251389,"ООО ""КРИСТАЛЛ""",9724004415,МОСКВА,2022,48347.0,33.0,25.0
11251389,"ООО ""КРИСТАЛЛ""",9724004415,МОСКВА,2021,23866.0,22.0,16.0
10464234,"ООО ""СТРОЙСЕРВИСКОМПЛЕКТ-94""",6670461512,СВЕРДЛОВСКАЯ,2022,424.0,-25.0,0.0
10464234,"ООО ""СТРОЙСЕРВИСКОМПЛЕКТ-94""",6670461512,СВЕРДЛОВСКАЯ,2021,1393.0,147.0,183.0
9670170,"ООО ""ПРОМСОТРУДНИЧЕСТВО""",1655353792,ТАТАРСТАН,2023,0.0,-1.0,-1.0
9670170,"ООО ""ПРОМСОТРУДНИЧЕСТВО""",1655353792,ТАТАРСТАН,2022,0.0,-3.0,-2.0
9670170,"ООО ""ПРОМСОТРУДНИЧЕСТВО""",1655353792,ТАТАРСТАН,2021,0.0,-1.0,-1.0
11965830,"ООО ""АЛЬПРОМ""",9725098511,МОСКВА,2022,6702.0,161.0,201.0
2625366,"ООО ""СТРОЙХОЗ""",7302040193,УЛЬЯНОВСКАЯ,2022,0.0,0.0,0.0
2625366,"ООО ""СТРОЙХОЗ""",7302040193,УЛЬЯНОВСКАЯ,2021,0.0,0.0,0.0
9702268,"ООО ""СК""",5406606289,НОВОСИБИРСКАЯ,2024,0.0,0.0,0.0
9702268,"ООО ""СК""",5406606289,НОВОСИБИРСКАЯ,2023,0.0,0.0,0.0
9702268,"ООО ""СК""",5406606289,НОВОСИБИРСКАЯ,2022,0.0,0.0,0.0
9702268,"ООО ""СК""",5406606289,НОВОСИБИРСКАЯ,2021,0.0,0.0,0.0
11553937,"ООО ""ИКСИ-ИНВЕСТ""",9705153919,МОСКВА,2021,153.0,18.0,21.0
10044510,"АО ""СИБСТРОЙПРОЕКТ""",7203405742,ТЮМЕНСКАЯ,2021,0.0,0.0,0.0
10784386,"ООО СЗ ""КАПИТАЛСТРОЙ""",3702205205,ИВАНОВСКАЯ,2023,0.0,0.0,0.0
10784386,"ООО СЗ ""КАПИТАЛСТРОЙ""",3702205205,ИВАНОВСКАЯ,2022,0.0,-10464.0,-10464.0
10784386,"ООО СЗ ""КАПИТАЛСТРОЙ""",3702205205,ИВАНОВСКАЯ,2021,0.0,-165.0,-165.0
4336400,"ООО ""СТРОЙДОМ""",5320018207,НОВГОРОДСКАЯ,2024,0.0,0.0,0.0
4336400,"ООО ""СТРОЙДОМ""",5320018207,НОВГОРОДСКАЯ,2023,0.0,0.0,0.0
4336400,"ООО ""СТРОЙДОМ""",5320018207,НОВГОРОДСКАЯ,2022,0.0,0.0,0.0
4336400,"ООО ""СТРОЙДОМ""",5320018207,НОВГОРОДСКАЯ,2021,0.0,-6.0,-6.0
11471390,"ООО ""РАДУГА""",2466285845,КРАСНОЯРСКИЙ,2023,50313.0,75.0,94.0
11471390,"ООО ""РАДУГА""",2466285845,КРАСНОЯРСКИЙ,2022,289.0,1.0,1.0
11471390,"ООО ""РАДУГА""",2466285845,КРАСНОЯРСКИЙ,2021,0.0,0.0,0.0
1645595,"ООО ""ЭЛВЕСТ-М""",3702136390,ИВАНОВСКАЯ,2023,0.0,0.0,0.0
1645595,"ООО ""ЭЛВЕСТ-М""",3702136390,ИВАНОВСКАЯ,2022,0.0,0.0,0.0
1645595,"ООО ""ЭЛВЕСТ-М""",3702136390,ИВАНОВСКАЯ,2021,0.0,0.0,0.0
12199757,"ООО ""СТРОЙПРОММОНТАЖ56""",5609202436,ОРЕНБУРГСКАЯ,2024,0.0,0.0,0.0
12199757,"ООО ""СТРОЙПРОММОНТАЖ56""",5609202436,ОРЕНБУРГСКАЯ,2023,0.0,0.0,0.0
11807226,"ООО ""СТИКСТРОЙ""",9703080197,МОСКВА,2023,495725.0,4357.0,3268.0
11807226,"ООО ""СТИКСТРОЙ""",9703080197,МОСКВА,2022,175871.0,48.0,36.0
11763708,"ООО ""ФЕНИКС""",9729318694,МОСКВА,2022,9708.0,1014.0,757.0
11067450,"ООО ""ОПТИСТРОЙ""",7707431646,МОСКВА,2022,2601.0,2.0,2.0
11067450,"ООО ""ОПТИСТРОЙ""",7707431646,МОСКВА,2021,8388.0,294.0,220.0
12055155,"ООО ""ТЕХНОСТРОЙ-77""",7733399660,МОСКВА,2022,0.0,0.0,0.0
11884874,"ООО ""ТЕХНОСТРОЙ""",3702269671,ИВАНОВСКАЯ,2023,784.0,47.0,59.0
11884874,"ООО ""ТЕХНОСТРОЙ""",3702269671,ИВАНОВСКАЯ,2022,4473.0,182.0,227.0
11676899,"ООО ""ФЛАГМАН""",9704089555,МОСКВА,2022,0.0,0.0,0.0
11676899,"ООО ""ФЛАГМАН""",9704089555,МОСКВА,2021,0.0,0.0,0.0
12164481,"ООО ""ООО ""ССМ-АКТИВ""""",5503269695,ОМСКАЯ,2023,20356.0,-3241.0,-3241.0
9824957,"ООО ""ХАУЗ БИЛД""",9718016282,МОСКВА,2022,0.0,0.0,0.0
9824957,"ООО ""ХАУЗ БИЛД""",9718016282,МОСКВА,2021,0.0,0.0,0.0
11306493,"ООО ""КАССАНДРА""",1832156770,УДМУРТСКАЯ,2021,4744.0,2.0,2.0
11640127,"ООО ""МСИ""",6684039808,СВЕРДЛОВСКАЯ,2024,0.0,0.0,0.0
11640127,"ООО ""МСИ""",6684039808,СВЕРДЛОВСКАЯ,2023,0.0,0.0,0.0
11640127,"ООО ""МСИ""",6684039808,СВЕРДЛОВСКАЯ,2021,0.0,0.0,0.0
8171916,"ООО ""ЭВРИКА""",6165185876,РОСТОВСКАЯ,2024,5000.0,-3.0,-3.0
8171916,"ООО ""ЭВРИКА""",6165185876,РОСТОВСКАЯ,2023,0.0,0.0,0.0
8171916,"ООО ""ЭВРИКА""",6165185876,РОСТОВСКАЯ,2022,0.0,0.0,0.0
8171916,"ООО ""ЭВРИКА""",6165185876,РОСТОВСКАЯ,2021,2500.0,0.0,75.0
12424104,"ООО ""СК РЕТЕЙЛ ИНЖИНИРИНГ""",6168122384,РОСТОВСКАЯ,2024,15597.0,2539.0,3174.0
6469031,"ООО ""ВАВИЛОН""",601019976,ИНГУШЕТИЯ,2024,0.0,0.0,0.0
6469031,"ООО ""ВАВИЛОН""",601019976,ИНГУШЕТИЯ,2021,0.0,0.0,0.0
12000286,"ООО ""МОДУЛЬНЫЕ ТЕХНОЛОГИИ""",1686020627,ТАТАРСТАН,2024,312.0,-1.0,-1.0
12000286,"ООО ""МОДУЛЬНЫЕ ТЕХНОЛОГИИ""",1686020627,ТАТАРСТАН,2023,0.0,0.0,0.0
12000286,"ООО ""МОДУЛЬНЫЕ ТЕХНОЛОГИИ""",1686020627,ТАТАРСТАН,2022,0.0,0.0,0.0
8328993,"ООО ""НЕОСТРОЙ""",7203304293,ТЮМЕНСКАЯ,2024,221741.0,1368.0,6299.0
8328993,"ООО ""НЕОСТРОЙ""",7203304293,ТЮМЕНСКАЯ,2023,203741.0,152.0,3614.0
8328993,"ООО ""НЕОСТРОЙ""",7203304293,ТЮМЕНСКАЯ,2022,139025.0,195.0,2699.0
8328993,"ООО ""НЕОСТРОЙ""",7203304293,ТЮМЕНСКАЯ,2021,158698.0,361.0,2340.0
11161348,"ООО ""АРС-52""",5249169830,НИЖЕГОРОДСКАЯ,2023,1987.0,66.0,83.0
11161348,"ООО ""АРС-52""",5249169830,НИЖЕГОРОДСКАЯ,2022,544.0,11.0,16.0
11161348,"ООО ""АРС-52""",5249169830,НИЖЕГОРОДСКАЯ,2021,385.0,15.0,19.0
12128915,"ООО СЗ ""ХУРМА ХОУМ""",800007020,КАЛМЫКИЯ,2024,0.0,0.0,0.0
12128915,"ООО СЗ ""ХУРМА ХОУМ""",800007020,КАЛМЫКИЯ,2023,0.0,0.0,0.0
12176708,"ООО ""МОНОЛИТ""",1828034610,УДМУРТСКАЯ,2024,0.0,0.0,0.0
12176708,"ООО ""МОНОЛИТ""",1828034610,УДМУРТСКАЯ,2023,0.0,0.0,0.0
9707899,"ООО ""АВАНГАРД""",3525374019,ВОЛОГОДСКАЯ,2024,152.0,9.0,11.0
9707899,"ООО ""АВАНГАРД""",3525374019,ВОЛОГОДСКАЯ,2023,425.0,21.0,26.0
9707899,"ООО ""АВАНГАРД""",3525374019,ВОЛОГОДСКАЯ,2022,149.0,9.0,11.0
9707899,"ООО ""АВАНГАРД""",3525374019,ВОЛОГОДСКАЯ,2021,0.0,-20.0,-20.0
11810635,"ООО ""ВИРГО ТЛТ""",6320066080,САМАРСКАЯ,2024,0.0,0.0,0.0
11810635,"ООО ""ВИРГО ТЛТ""",6320066080,САМАРСКАЯ,2023,8198.0,7.0,9.0
11810635,"ООО ""ВИРГО ТЛТ""",6320066080,САМАРСКАЯ,2022,1644.0,6.0,8.0
6077317,"ООО ""ТС""",4218100307,КЕМЕРОВСКАЯ ОБЛАСТЬ - КУЗБАСС,2024,0.0,0.0,0.0
6077317,"ООО ""ТС""",4218100307,КЕМЕРОВСКАЯ ОБЛАСТЬ - КУЗБАСС,2023,0.0,0.0,0.0
6077317,"ООО ""ТС""",4218100307,КЕМЕРОВСКАЯ ОБЛАСТЬ - КУЗБАСС,2022,0.0,0.0,0.0
6077317,"ООО ""ТС""",4218100307,КЕМЕРОВСКАЯ ОБЛАСТЬ - КУЗБАСС,2021,0.0,0.0,0.0
3834201,"ООО ""ИСК ""ЛЕНЖИЛСТРОЙ""",7801426629,САНКТ-ПЕТЕРБУРГ,2024,0.0,0.0,0.0
3834201,"ООО ""ИСК ""ЛЕНЖИЛСТРОЙ""",7801426629,САНКТ-ПЕТЕРБУРГ,2023,0.0,0.0,0.0
3834201,"ООО ""ИСК ""ЛЕНЖИЛСТРОЙ""",7801426629,САНКТ-ПЕТЕРБУРГ,2022,0.0,0.0,0.0
3834201,"ООО ""ИСК ""ЛЕНЖИЛСТРОЙ""",7801426629,САНКТ-ПЕТЕРБУРГ,2021,0.0,0.0,0.0
12504939,"ООО ""ГЕНСТРОЙ""",2100017570,ЧУВАШСКАЯ РЕСПУБЛИКА -,2024,394.0,61.0,61.0
12136731,"ООО ""СТРОЙАГРО""",1655494200,ТАТАРСТАН,2024,23766.0,1300.0,1712.0
12136731,"ООО ""СТРОЙАГРО""",1655494200,ТАТАРСТАН,2023,6696.0,161.0,287.0
7796300,"ООО ""ПРАКТИКА СК""",5018156262,МОСКВА,2024,0.0,-10.0,-10.0
7796300,"ООО ""ПРАКТИКА СК""",5018156262,МОСКВА,2023,0.0,-71.0,-71.0
7796300,"ООО ""ПРАКТИКА СК""",5018156262,МОСКВА,2022,0.0,-13663.0,-13663.0
11316330,"ООО ""ЦЕНТРСТРОЙ""",3123470940,БЕЛГОРОДСКАЯ,2024,17020.0,56.0,-966.0
11316330,"ООО ""ЦЕНТРСТРОЙ""",3123470940,БЕЛГОРОДСКАЯ,2023,13760.0,42.0,-784.0
11316330,"ООО ""ЦЕНТРСТРОЙ""",3123470940,БЕЛГОРОДСКАЯ,2022,4850.0,17.0,-274.0
11316330,"ООО ""ЦЕНТРСТРОЙ""",3123470940,БЕЛГОРОДСКАЯ,2021,1446.0,9.0,-78.0
9481888,"ООО ИСК ""ОЛИМП""",8609019034,БАШКОРТОСТАН,2024,3224.0,-5371.0,-4063.0
9481888,"ООО ИСК ""ОЛИМП""",8609019034,БАШКОРТОСТАН,2023,0.0,0.0,0.0
9481888,"ООО ИСК ""ОЛИМП""",8609019034,БАШКОРТОСТАН,2022,66740.0,-210.0,-246.0
9481888,"ООО ИСК ""ОЛИМП""",8609019034,БАШКОРТОСТАН,2021,60488.0,-202.0,-217.0
10208787,"ООО ""ИКС""",3810069542,ИРКУТСКАЯ,2024,0.0,-9.0,-9.0
10208787,"ООО ""ИКС""",3810069542,ИРКУТСКАЯ,2023,76053.0,3476.0,4099.0
10208787,"ООО ""ИКС""",3810069542,ИРКУТСКАЯ,2022,108143.0,7188.0,8457.0
10208787,"ООО ""ИКС""",3810069542,ИРКУТСКАЯ,2021,81959.0,30.0,150.0
4352532,"ООО "" АВТОДОРРЕМОНТ """,5410153426,САНКТ-ПЕТЕРБУРГ,2024,0.0,0.0,0.0
4352532,"ООО "" АВТОДОРРЕМОНТ """,5410153426,САНКТ-ПЕТЕРБУРГ,2023,9965.0,604.0,714.0
4352532,"ООО "" АВТОДОРРЕМОНТ """,5410153426,САНКТ-ПЕТЕРБУРГ,2022,2439.0,41.0,51.0
4352532,"ООО "" АВТОДОРРЕМОНТ """,5410153426,САНКТ-ПЕТЕРБУРГ,2021,0.0,0.0,0.0
11796260,"ООО ""КРЕПОСТЬ""",9722017916,МОСКВА,2024,413.0,4.0,5.0
11796260,"ООО ""КРЕПОСТЬ""",9722017916,МОСКВА,2023,0.0,0.0,0.0
11796260,"ООО ""КРЕПОСТЬ""",9722017916,МОСКВА,2022,0.0,0.0,0.0
12260989,"ООО ""АВ-СТРОЙ""",4706066480,ЛЕНИНГРАДСКАЯ,2024,1450.0,-161.0,-142.0
12260989,"ООО ""АВ-СТРОЙ""",4706066480,ЛЕНИНГРАДСКАЯ,2023,57.0,25.0,19.0
9110756,"ООО ""РУБИКОН ПЛЮС""",5452000125,НОВОСИБИРСКАЯ,2024,0.0,0.0,0.0
9110756,"ООО ""РУБИКОН ПЛЮС""",5452000125,НОВОСИБИРСКАЯ,2023,1673.0,-788.0,-788.0
9110756,"ООО ""РУБИКОН ПЛЮС""",5452000125,НОВОСИБИРСКАЯ,2022,11856.0,-3310.0,-3310.0
9110756,"ООО ""РУБИКОН ПЛЮС""",5452000125,НОВОСИБИРСКАЯ,2021,14123.0,-3219.0,-3219.0
9881850,"ООО ""ЭРКЕР""",262024841,БАШКОРТОСТАН,2024,83204.0,5684.0,5684.0
9881850,"ООО ""ЭРКЕР""",262024841,БАШКОРТОСТАН,2023,187251.0,13070.0,13070.0
9881850,"ООО ""ЭРКЕР""",262024841,БАШКОРТОСТАН,2022,75119.0,2934.0,2934.0
9881850,"ООО ""ЭРКЕР""",262024841,БАШКОРТОСТАН,2021,44565.0,2536.0,2088.0
12237328,"ООО СЗ ""СТРОЙИНВЕСТ""",3662306081,ВОРОНЕЖСКАЯ,2024,0.0,0.0,0.0
12237328,"ООО СЗ ""СТРОЙИНВЕСТ""",3662306081,ВОРОНЕЖСКАЯ,2023,0.0,0.0,0.0
11827850,"ООО ""КСГ""",4205404594,КЕМЕРОВСКАЯ ОБЛАСТЬ - КУЗБАСС,2024,15220.0,-952.0,-947.0
11827850,"ООО ""КСГ""",4205404594,КЕМЕРОВСКАЯ ОБЛАСТЬ - КУЗБАСС,2023,9662.0,962.0,1123.0
11827850,"ООО ""КСГ""",4205404594,КЕМЕРОВСКАЯ ОБЛАСТЬ - КУЗБАСС,2022,2479.0,1669.0,1576.0
10702907,"ООО ""АЕРО ГРУПП""",7814731556,САНКТ-ПЕТЕРБУРГ,2024,110213.0,1874.0,1314.0
10702907,"ООО ""АЕРО ГРУПП""",7814731556,САНКТ-ПЕТЕРБУРГ,2023,101170.0,1570.0,1170.0
10702907,"ООО ""АЕРО ГРУПП""",7814731556,САНКТ-ПЕТЕРБУРГ,2022,16207.0,139.0,101.0
10702907,"ООО ""АЕРО ГРУПП""",7814731556,САНКТ-ПЕТЕРБУРГ,2021,33393.0,640.0,464.0
11625317,"ООО ""РСИ""",5407982060,НОВОСИБИРСКАЯ,2024,4002.0,2.0,2.0
11625317,"ООО ""РСИ""",5407982060,НОВОСИБИРСКАЯ,2023,31170.0,10.0,12.0
11625317,"ООО ""РСИ""",5407982060,НОВОСИБИРСКАЯ,2022,2589.0,6.0,8.0
11625317,"ООО ""РСИ""",5407982060,НОВОСИБИРСКАЯ,2021,448.0,1.0,1.0
932759,"ООО ""ФУНДАМЕНТСПЕЦПРОЕКТ""",411121650,АЛТАЙ,2024,0.0,0.0,0.0
932759,"ООО ""ФУНДАМЕНТСПЕЦПРОЕКТ""",411121650,АЛТАЙ,2023,0.0,0.0,0.0
932759,"ООО ""ФУНДАМЕНТСПЕЦПРОЕКТ""",411121650,АЛТАЙ,2022,0.0,0.0,0.0
932759,"ООО ""ФУНДАМЕНТСПЕЦПРОЕКТ""",411121650,АЛТАЙ,2021,0.0,0.0,0.0
12168632,"ООО ""ОМЕГА""",6800003033,ТАМБОВСКАЯ,2024,1549.0,2.0,2.0
12168632,"ООО ""ОМЕГА""",6800003033,ТАМБОВСКАЯ,2023,0.0,0.0,0.0
4060886,"ООО ""ПМК""",6501221844,САХАЛИНСКАЯ,2024,9061.0,-46867.0,-45483.0
4060886,"ООО ""ПМК""",6501221844,САХАЛИНСКАЯ,2023,476398.0,15748.0,8106.0
4060886,"ООО ""ПМК""",6501221844,САХАЛИНСКАЯ,2022,397222.0,32012.0,21100.0
4060886,"ООО ""ПМК""",6501221844,САХАЛИНСКАЯ,2021,476949.0,42984.0,35215.0
12498748,"ООО ""СЕВЕР СТРОЙ""",4100051415,КАМЧАТСКИЙ,2024,0.0,-314.0,-296.0
11189049,"ООО ""СТРОЙЭНЕРГОМОНТАЖ""",7724493709,МОСКОВСКАЯ,2024,50.0,0.0,1.0
11189049,"ООО ""СТРОЙЭНЕРГОМОНТАЖ""",7724493709,МОСКОВСКАЯ,2023,760.0,293.0,345.0
11189049,"ООО ""СТРОЙЭНЕРГОМОНТАЖ""",7724493709,МОСКОВСКАЯ,2022,0.0,-22.0,-27.0
11189049,"ООО ""СТРОЙЭНЕРГОМОНТАЖ""",7724493709,МОСКОВСКАЯ,2021,0.0,0.0,0.0
10453434,"ООО ""КОМПАНИЯ ТЕПЛОМАРКЕТ""",2308251096,КРАСНОДАРСКИЙ,2021,11464.0,-13602.0,-13602.0
10453673,"ООО ""КГК""",9201523078,СЕВАСТОПОЛЬ,2023,0.0,-99.0,-99.0
10453673,"ООО ""КГК""",9201523078,СЕВАСТОПОЛЬ,2022,0.0,0.0,0.0
10453673,"ООО ""КГК""",9201523078,СЕВАСТОПОЛЬ,2021,0.0,0.0,0.0
10463015,"ООО ""СТ""",7751130221,МОСКВА,2023,0.0,-2.0,-2.0
10463015,"ООО ""СТ""",7751130221,МОСКВА,2022,0.0,7.0,7.0
10463959,"ООО ""МЕРКУРИЙ""",2312266955,КРАСНОДАРСКИЙ,2021,55.0,-2249.0,-2249.0
10366034,"ООО ""СДИ""",5433963995,НОВОСИБИРСКАЯ,2023,0.0,0.0,0.0
10366034,"ООО ""СДИ""",5433963995,НОВОСИБИРСКАЯ,2022,0.0,0.0,0.0
10366034,"ООО ""СДИ""",5433963995,НОВОСИБИРСКАЯ,2021,0.0,0.0,0.0
10366062,"ООО ""ПРОЕКТНЫЙ ХОЛДИНГ""",8602280350,ХАНТЫ-МАНСИЙСКИЙ АВТОНОМНЫЙ ОКРУГ - ЮГРА,2021,0.0,-84.0,-84.0
10367515,"ООО ""ДФК ГЛАС СТРОЙ""",9723034512,МОСКВА,2023,0.0,0.0,0.0
10367515,"ООО ""ДФК ГЛАС СТРОЙ""",9723034512,МОСКВА,2022,0.0,0.0,0.0
10367515,"ООО ""ДФК ГЛАС СТРОЙ""",9723034512,МОСКВА,2021,675.0,-151.0,-129.0
10556893,"ООО ""НОРД-СТРОЙ""",7627050324,ЯРОСЛАВСКАЯ,2021,1244.0,85.0,85.0
10558586,ООО СК МОСГОРСТРОЙ,9723042626,МОСКВА,2023,0.0,0.0,0.0
10558586,ООО СК МОСГОРСТРОЙ,9723042626,МОСКВА,2021,96328.0,-574.0,-668.0
10540984,"ООО ""АГРОТЕХБОБРОВ""",3602011950,ВОРОНЕЖСКАЯ,2023,0.0,0.0,0.0
10540984,"ООО ""АГРОТЕХБОБРОВ""",3602011950,ВОРОНЕЖСКАЯ,2022,0.0,0.0,0.0
10540984,"ООО ""АГРОТЕХБОБРОВ""",3602011950,ВОРОНЕЖСКАЯ,2021,3341.0,2.0,102.0
10541177,"ООО ""СТРОЙ МАСТЕР""",6316241959,САМАРСКАЯ,2021,0.0,0.0,0.0
10549310,"ООО ""РЕМСТРОЙ""",7716894880,МОСКВА,2021,0.0,0.0,0.0
10550033,"ООО ""СЕРВИС""",1101160605,КОМИ,2021,50511.0,-820.0,-822.0
10545227,"ООО ""СТРОЙСОЮЗ""",5503179410,ОМСКАЯ,2021,6600.0,0.0,33.0
10546861,"ЖСК ""ГАРАНТ-СТРОЙ-ПЛЮС""",533016565,ДАГЕСТАН,2022,0.0,0.0,0.0
10546861,"ЖСК ""ГАРАНТ-СТРОЙ-ПЛЮС""",533016565,ДАГЕСТАН,2021,0.0,0.0,0.0
10560627,"ООО ""ЭМПИРИКА""",2367001669,КРАСНОДАРСКИЙ,2024,0.0,0.0,0.0
10560627,"ООО ""ЭМПИРИКА""",2367001669,КРАСНОДАРСКИЙ,2023,0.0,0.0,0.0
10560627,"ООО ""ЭМПИРИКА""",2367001669,КРАСНОДАРСКИЙ,2022,0.0,0.0,0.0
10560627,"ООО ""ЭМПИРИКА""",2367001669,КРАСНОДАРСКИЙ,2021,0.0,0.0,0.0
10560672,"ЖСК ""ДИАБАЗ""",9103087458,КРЫМ,2021,0.0,0.0,0.0
10560390,"ООО ""ТК СТРОЙТОРГ""",3443138780,ВОЛГОГРАДСКАЯ,2021,0.0,0.0,0.0
10538179,"ООО ""ГРАДСТРОЙНН""",5262354817,НИЖЕГОРОДСКАЯ,2023,0.0,-10.0,-10.0
10538179,"ООО ""ГРАДСТРОЙНН""",5262354817,НИЖЕГОРОДСКАЯ,2022,0.0,0.0,0.0
10538179,"ООО ""ГРАДСТРОЙНН""",5262354817,НИЖЕГОРОДСКАЯ,2021,0.0,0.0,0.0
10539401,"ООО ""МОССТРОЙКРАН""",7703441629,МОСКВА,2022,0.0,-364.0,-364.0
10539401,"ООО ""МОССТРОЙКРАН""",7703441629,МОСКВА,2021,37375.0,3785.0,4731.0
876806,"ООО ""ВМК- СТРОЙ""",721009909,КАБАРДИНО-БАЛКАРСКАЯ,2024,0.0,0.0,0.0
876806,"ООО ""ВМК- СТРОЙ""",721009909,КАБАРДИНО-БАЛКАРСКАЯ,2023,0.0,0.0,0.0
876806,"ООО ""ВМК- СТРОЙ""",721009909,КАБАРДИНО-БАЛКАРСКАЯ,2022,0.0,0.0,0.0
876806,"ООО ""ВМК- СТРОЙ""",721009909,КАБАРДИНО-БАЛКАРСКАЯ,2021,0.0,0.0,0.0
12082569,ООО ПРЕМЬЕР-ГРАНДСТРОЙ,5032351716,МОСКОВСКАЯ,2024,0.0,0.0,0.0
12082569,ООО ПРЕМЬЕР-ГРАНДСТРОЙ,5032351716,МОСКОВСКАЯ,2023,0.0,-3.0,-3.0
12318265,"ООО ""СК ""ПОСТРОЙ ДОМ""",276978140,БАШКОРТОСТАН,2024,60.0,15.0,17.0
12318265,"ООО ""СК ""ПОСТРОЙ ДОМ""",276978140,БАШКОРТОСТАН,2023,0.0,0.0,0.0
11530062,"ООО ""ИРТЫШ""",4715033890,САНКТ-ПЕТЕРБУРГ,2024,206088.0,1790.0,2237.0
11530062,"ООО ""ИРТЫШ""",4715033890,САНКТ-ПЕТЕРБУРГ,2023,140981.0,347.0,434.0
11530062,"ООО ""ИРТЫШ""",4715033890,САНКТ-ПЕТЕРБУРГ,2022,0.0,-11.0,-11.0
11530062,"ООО ""ИРТЫШ""",4715033890,САНКТ-ПЕТЕРБУРГ,2021,0.0,-18.0,-14.0
8120013,"ООО ""КРЕПКОСТРОЙ""",2204065088,АЛТАЙСКИЙ,2024,892.0,553.0,580.0
8120013,"ООО ""КРЕПКОСТРОЙ""",2204065088,АЛТАЙСКИЙ,2023,0.0,0.0,0.0
8120013,"ООО ""КРЕПКОСТРОЙ""",2204065088,АЛТАЙСКИЙ,2022,0.0,0.0,0.0
8120013,"ООО ""КРЕПКОСТРОЙ""",2204065088,АЛТАЙСКИЙ,2021,0.0,0.0,0.0
11731080,"ООО ""КРОН""",9726003488,МОСКВА,2023,23943.0,-1275.0,-1275.0
11731080,"ООО ""КРОН""",9726003488,МОСКВА,2022,21472.0,3479.0,4349.0
12550959,"ООО ""СЕВЕР СТРОЙ КОНСТРУКТИВ""",7203582413,ТЮМЕНСКАЯ,2024,500.0,459.0,479.0
10840525,"ООО ""ФОРТУНА""",7604350650,ЯРОСЛАВСКАЯ,2023,11581.0,987.0,987.0
10840525,"ООО ""ФОРТУНА""",7604350650,ЯРОСЛАВСКАЯ,2022,13133.0,1078.0,1078.0
10840525,"ООО ""ФОРТУНА""",7604350650,ЯРОСЛАВСКАЯ,2021,11886.0,916.0,916.0
8581793,"ООО ""СК ПОЛИКВАРТ""",7734726504,МОСКВА,2024,124566.0,1498.0,1277.0
8581793,"ООО ""СК ПОЛИКВАРТ""",7734726504,МОСКВА,2023,121541.0,2965.0,2224.0
8581793,"ООО ""СК ПОЛИКВАРТ""",7734726504,МОСКВА,2022,213224.0,3228.0,2421.0
8581793,"ООО ""СК ПОЛИКВАРТ""",7734726504,МОСКВА,2021,193617.0,2401.0,1800.0
11379520,"ООО ""АРИС""",7716948952,МОСКВА,2023,1611.0,82.0,62.0
11379520,"ООО ""АРИС""",7716948952,МОСКВА,2022,12049.0,1002.0,818.0
11379520,"ООО ""АРИС""",7716948952,МОСКВА,2021,12026.0,28.0,17.0
8360743,"ООО ИСК ""САКУРА""",5024140528,МОСКОВСКАЯ,2024,74331.0,2330.0,3118.0
8360743,"ООО ИСК ""САКУРА""",5024140528,МОСКОВСКАЯ,2023,39452.0,657.0,1506.0
8360743,"ООО ИСК ""САКУРА""",5024140528,МОСКОВСКАЯ,2022,44870.0,1255.0,1558.0
8360743,"ООО ИСК ""САКУРА""",5024140528,МОСКОВСКАЯ,2021,42290.0,1131.0,1421.0
10769732,"ООО ""РУССТРОЙ""",5024187572,МОСКОВСКАЯ,2024,61022.0,723.0,974.0
10769732,"ООО ""РУССТРОЙ""",5024187572,МОСКОВСКАЯ,2023,51223.0,1118.0,1399.0
10769732,"ООО ""РУССТРОЙ""",5024187572,МОСКОВСКАЯ,2022,4736.0,41.0,110.0
10769732,"ООО ""РУССТРОЙ""",5024187572,МОСКОВСКАЯ,2021,73508.0,641.0,802.0
11312043,"ООО ""БЕТОН СПБ""",7811747131,САНКТ-ПЕТЕРБУРГ,2024,0.0,-113.0,-113.0
11312043,"ООО ""БЕТОН СПБ""",7811747131,САНКТ-ПЕТЕРБУРГ,2023,0.0,-59.0,-59.0
11312043,"ООО ""БЕТОН СПБ""",7811747131,САНКТ-ПЕТЕРБУРГ,2022,0.0,-90.0,-90.0
11312043,"ООО ""БЕТОН СПБ""",7811747131,САНКТ-ПЕТЕРБУРГ,2021,2088.0,92.0,116.0
12185167,"ООО ""СТРОЙСЕРВИС""",5700004137,ОРЛОВСКАЯ,2024,971.0,55.0,70.0
12185167,"ООО ""СТРОЙСЕРВИС""",5700004137,ОРЛОВСКАЯ,2023,0.0,0.0,0.0
11797526,"ООО ""ИНТЭКО""",4345516562,КИРОВСКАЯ,2023,0.0,-1834.0,-1834.0
11797526,"ООО ""ИНТЭКО""",4345516562,КИРОВСКАЯ,2022,12155.0,90.0,68.0
10692381,ООО СТРОЙКОМПЛЕКТ18,1841079191,УДМУРТСКАЯ,2023,0.0,0.0,0.0
10692381,ООО СТРОЙКОМПЛЕКТ18,1841079191,УДМУРТСКАЯ,2022,0.0,0.0,0.0
10692381,ООО СТРОЙКОМПЛЕКТ18,1841079191,УДМУРТСКАЯ,2021,0.0,0.0,0.0
1422027,"ООО ""ФАКТОРИЯ""",6323105940,САМАРСКАЯ,2021,0.0,0.0,0.0
11468539,"ООО ""ТЕРРАСТРОЙ""",5406810206,НОВОСИБИРСКАЯ,2024,3786.0,94.0,118.0
11468539,"ООО ""ТЕРРАСТРОЙ""",5406810206,НОВОСИБИРСКАЯ,2023,22382.0,-80.0,1.0
11468539,"ООО ""ТЕРРАСТРОЙ""",5406810206,НОВОСИБИРСКАЯ,2022,12766.0,159.0,199.0
11468539,"ООО ""ТЕРРАСТРОЙ""",5406810206,НОВОСИБИРСКАЯ,2021,34899.0,534.0,668.0
10727907,"ООО ""ВЕРЕС""",5507263091,ОМСКАЯ,2023,0.0,0.0,0.0
10727907,"ООО ""ВЕРЕС""",5507263091,ОМСКАЯ,2022,7322.0,12.0,15.0
10727907,"ООО ""ВЕРЕС""",5507263091,ОМСКАЯ,2021,9719.0,115.0,144.0
1341154,"ООО ""ПЕРСПЕКТИВА""",2635079487,СТАВРОПОЛЬСКИЙ,2024,132842.0,1353.0,1691.0
1341154,"ООО ""ПЕРСПЕКТИВА""",2635079487,СТАВРОПОЛЬСКИЙ,2023,171230.0,3012.0,3765.0
1341154,"ООО ""ПЕРСПЕКТИВА""",2635079487,СТАВРОПОЛЬСКИЙ,2022,478516.0,2564.0,3205.0
1341154,"ООО ""ПЕРСПЕКТИВА""",2635079487,СТАВРОПОЛЬСКИЙ,2021,12622.0,545.0,681.0
5068717,"ООО ""ПРОМСТРОЙДИЗАЙНПРОЕКТ""",7701802943,МОСКВА,2024,121128.0,30.0,22.0
5068717,"ООО ""ПРОМСТРОЙДИЗАЙНПРОЕКТ""",7701802943,МОСКВА,2023,67661.0,17.0,24.0
5068717,"ООО ""ПРОМСТРОЙДИЗАЙНПРОЕКТ""",7701802943,МОСКВА,2022,53145.0,16.0,81.0
5068717,"ООО ""ПРОМСТРОЙДИЗАЙНПРОЕКТ""",7701802943,МОСКВА,2021,82969.0,17.0,144.0
9403311,"ООО ""ТРИАДА""",5404019503,НОВОСИБИРСКАЯ,2024,0.0,0.0,0.0
9403311,"ООО ""ТРИАДА""",5404019503,НОВОСИБИРСКАЯ,2022,334357.0,658.0,823.0
9403311,"ООО ""ТРИАДА""",5404019503,НОВОСИБИРСКАЯ,2021,48813.0,172.0,129.0
11210681,"ООО ""СОДЕЙСТВИЕ""",2310217818,КРАСНОДАРСКИЙ,2024,11884.0,-5035.0,-2053.0
11210681,"ООО ""СОДЕЙСТВИЕ""",2310217818,КРАСНОДАРСКИЙ,2023,373.0,-42.0,-17.0
11210681,"ООО ""СОДЕЙСТВИЕ""",2310217818,КРАСНОДАРСКИЙ,2022,1632.0,824.0,912.0
11210681,"ООО ""СОДЕЙСТВИЕ""",2310217818,КРАСНОДАРСКИЙ,2021,1395.0,-167.0,-154.0
696824,"ООО ""ПРОФИМЕТАЛЛ""",5026016653,МОСКОВСКАЯ,2024,42948.0,169.0,211.0
696824,"ООО ""ПРОФИМЕТАЛЛ""",5026016653,МОСКОВСКАЯ,2023,22336.0,317.0,396.0
696824,"ООО ""ПРОФИМЕТАЛЛ""",5026016653,МОСКОВСКАЯ,2022,41822.0,50.0,62.0
696824,"ООО ""ПРОФИМЕТАЛЛ""",5026016653,МОСКОВСКАЯ,2021,23390.0,92.0,118.0
12138704,"ООО ""ГИГАНТ""",9731112852,МОСКВА,2024,7037.0,49.0,55.0
12138704,"ООО ""ГИГАНТ""",9731112852,МОСКВА,2023,15779.0,285.0,357.0
10825832,"ООО ""ЭВЕРЕСТ""",7743279450,МОСКВА,2024,21703.0,263.0,263.0
10825832,"ООО ""ЭВЕРЕСТ""",7743279450,МОСКВА,2023,37953.0,59.0,68.0
10825832,"ООО ""ЭВЕРЕСТ""",7743279450,МОСКВА,2022,33659.0,30.0,37.0
10825832,"ООО ""ЭВЕРЕСТ""",7743279450,МОСКВА,2021,24855.0,21.0,26.0
12385996,"ООО ""СТРОЙГРАД""",274984797,БАШКОРТОСТАН,2024,0.0,0.0,0.0
12391398,"ООО ""СИТИБИЛТ""",7810994709,САНКТ-ПЕТЕРБУРГ,2024,36115.0,236.0,-304.0
12226584,"ООО ""ССК""",2312320673,КРАСНОДАРСКИЙ,2024,2679.0,-96.0,-96.0
12484516,"ООО ""АЧИ-СУ РЕЗОРТ-СПЕЦИАЛИЗИРОВАННЫЙ ЗАСТРОЙЩИК""",500014562,ДАГЕСТАН,2024,0.0,0.0,0.0
10763785,"ООО ""СПЕЦСТРОЙ""",5527008043,ОМСКАЯ,2024,79553.0,1635.0,1635.0
10763785,"ООО ""СПЕЦСТРОЙ""",5527008043,ОМСКАЯ,2023,76508.0,1430.0,1072.0
10763785,"ООО ""СПЕЦСТРОЙ""",5527008043,ОМСКАЯ,2022,34265.0,1546.0,1160.0
10763785,"ООО ""СПЕЦСТРОЙ""",5527008043,ОМСКАЯ,2021,28328.0,1374.0,1031.0
459035,"ООО ""ПКМ""",7805461487,САНКТ-ПЕТЕРБУРГ,2024,22594.0,393.0,491.0
459035,"ООО ""ПКМ""",7805461487,САНКТ-ПЕТЕРБУРГ,2023,28707.0,846.0,1057.0
459035,"ООО ""ПКМ""",7805461487,САНКТ-ПЕТЕРБУРГ,2022,17343.0,485.0,404.0
459035,"ООО ""ПКМ""",7805461487,САНКТ-ПЕТЕРБУРГ,2021,16485.0,444.0,555.0
12220001,"ООО ""ОРБИС ЮГ""",2367032040,КРАСНОДАРСКИЙ,2024,0.0,0.0,0.0
12220001,"ООО ""ОРБИС ЮГ""",2367032040,КРАСНОДАРСКИЙ,2023,0.0,0.0,0.0
12482350,"ООО ""СВОЙ ДОМ""",3700020777,ИВАНОВСКАЯ,2024,12159.0,430.0,556.0
12442651,"ООО ""ВСИ""",3459086632,ВОЛГОГРАДСКАЯ,2024,472.0,21.0,39.0
12565913,"ООО ""СК КАСКАД""",5948074161,ПЕРМСКИЙ,2024,0.0,0.0,0.0
12425279,"ООО ""СЕВЕРНОЕ СИЯНИЕ""",8617040390,ХАНТЫ-МАНСИЙСКИЙ АВТОНОМНЫЙ ОКРУГ - ЮГРА,2024,2858.0,-357.0,-357.0
12373105,"ООО ""CЗ ""КМВ-СТРОЙ""",2632123346,СТАВРОПОЛЬСКИЙ,2024,0.0,0.0,0.0
12306646,"ООО ""СНАБНАО""",2901315761,АРХАНГЕЛЬСКАЯ,2024,0.0,-1096.0,-1108.0
10263782,"ПК ""ГСПК МАЛКОВА 24А""",5903132857,ПЕРМСКИЙ,2022,0.0,0.0,0.0
10263782,"ПК ""ГСПК МАЛКОВА 24А""",5903132857,ПЕРМСКИЙ,2021,0.0,0.0,0.0
6748459,"ООО ""ТЮЛЬПАН""",1511007858,СЕВЕРНАЯ ОСЕТИЯ - АЛАНИЯ,2023,0.0,0.0,0.0
6748459,"ООО ""ТЮЛЬПАН""",1511007858,СЕВЕРНАЯ ОСЕТИЯ - АЛАНИЯ,2021,0.0,0.0,0.0
11395335,"ООО ""СРСП-3""",274959670,БАШКОРТОСТАН,2023,0.0,0.0,0.0
11395335,"ООО ""СРСП-3""",274959670,БАШКОРТОСТАН,2022,1316911.0,576.0,412.0
11395335,"ООО ""СРСП-3""",274959670,БАШКОРТОСТАН,2021,207520.0,635.0,501.0
10729680,"ООО ""ХОЯ СИ ЭНД ТИ РУС""",2536311347,ПРИМОРСКИЙ,2023,0.0,0.0,0.0
10729680,"ООО ""ХОЯ СИ ЭНД ТИ РУС""",2536311347,ПРИМОРСКИЙ,2021,0.0,-76.0,-76.0
11601006,"ООО ""СК ИВВА""",2367020140,КРАСНОДАРСКИЙ,2022,0.0,0.0,0.0
11601006,"ООО ""СК ИВВА""",2367020140,КРАСНОДАРСКИЙ,2021,0.0,0.0,0.0
10971761,"ООО ""АГРОСТРОЙ""",3906378460,КАЛИНИНГРАДСКАЯ,2022,0.0,0.0,0.0
10971761,"ООО ""АГРОСТРОЙ""",3906378460,КАЛИНИНГРАДСКАЯ,2021,0.0,0.0,0.0
4276305,"ООО УК ""ЖИЛСЕРВИС""",5048015710,МОСКОВСКАЯ,2022,0.0,0.0,0.0
4276305,"ООО УК ""ЖИЛСЕРВИС""",5048015710,МОСКОВСКАЯ,2021,1422.0,79.0,79.0
11931897,"ООО ""ЧИНУК""",1655485012,ТАТАРСТАН,2023,0.0,0.0,0.0
11746199,"ООО ""МЕХ-МЕТ""",278970869,БАШКОРТОСТАН,2023,0.0,0.0,0.0
11746199,"ООО ""МЕХ-МЕТ""",278970869,БАШКОРТОСТАН,2022,28075.0,0.0,0.0
11746199,"ООО ""МЕХ-МЕТ""",278970869,БАШКОРТОСТАН,2021,0.0,0.0,0.0
10195671,"ООО ""ФАВОРИТ""",7813276960,САНКТ-ПЕТЕРБУРГ,2022,10221.0,240.0,314.0
10195671,"ООО ""ФАВОРИТ""",7813276960,САНКТ-ПЕТЕРБУРГ,2021,7033.0,91.0,114.0
11949697,"ООО ""МАСТЕР КЛАСС""",6167204115,РОСТОВСКАЯ,2022,3813.0,9.0,11.0
9935678,"ООО ""СИСТЕМА""",5032257329,МОСКОВСКАЯ,2023,4425.0,0.0,0.0
9935678,"ООО ""СИСТЕМА""",5032257329,МОСКОВСКАЯ,2022,254815.0,4043.0,5054.0
9935678,"ООО ""СИСТЕМА""",5032257329,МОСКОВСКАЯ,2021,128745.0,4612.0,4337.0
11491691,"ООО ""ПОД КЛЮЧЪ""",7203514237,ТЮМЕНСКАЯ,2022,19910.0,169.0,1636.0
11491691,"ООО ""ПОД КЛЮЧЪ""",7203514237,ТЮМЕНСКАЯ,2021,6159.0,4595.0,4800.0
11353567,"ООО ""СТРОЙМИР""",4712029991,ЛЕНИНГРАДСКАЯ,2022,29603.0,503.0,377.0
11353567,"ООО ""СТРОЙМИР""",4712029991,ЛЕНИНГРАДСКАЯ,2021,61652.0,543.0,407.0
6789316,"ООО ""ХАБАРОВСК-ЭЛЕКТРОСТРОЙСЕРВИС""",2724064186,ХАБАРОВСКИЙ,2023,110.0,103.0,110.0
6789316,"ООО ""ХАБАРОВСК-ЭЛЕКТРОСТРОЙСЕРВИС""",2724064186,ХАБАРОВСКИЙ,2022,574.0,-2315.0,-2281.0
6789316,"ООО ""ХАБАРОВСК-ЭЛЕКТРОСТРОЙСЕРВИС""",2724064186,ХАБАРОВСКИЙ,2021,225.0,-2306.0,-2292.0
8419894,"ООО ""ТОПСТРОЙ""",2310176181,КРАСНОДАРСКИЙ,2022,0.0,0.0,0.0
8419894,"ООО ""ТОПСТРОЙ""",2310176181,КРАСНОДАРСКИЙ,2021,0.0,0.0,0.0
11687621,"ООО ""АГРУПП""",9722008982,МОСКВА,2022,0.0,-236.0,-236.0
11839883,"ООО ""ВС 16""",3459083529,ВОЛГОГРАДСКАЯ,2022,0.0,0.0,0.0
9586181,"ООО ""ТРАНСПОРТНЫЕ СИСТЕМЫ""",4027127033,КАЛУЖСКАЯ,2023,0.0,0.0,0.0
9586181,"ООО ""ТРАНСПОРТНЫЕ СИСТЕМЫ""",4027127033,КАЛУЖСКАЯ,2022,0.0,-181.0,-181.0
9586181,"ООО ""ТРАНСПОРТНЫЕ СИСТЕМЫ""",4027127033,КАЛУЖСКАЯ,2021,0.0,-343.0,-343.0
9354393,"ООО СЗ ""ДОМ МАЯКОВСКОГО""",5406590085,НОВОСИБИРСКАЯ,2022,0.0,-454.0,-454.0
9354393,"ООО СЗ ""ДОМ МАЯКОВСКОГО""",5406590085,НОВОСИБИРСКАЯ,2021,526.0,-975.0,-995.0
9273924,"ООО ПК ""БОРУС-М""",7456027636,ЧЕЛЯБИНСКАЯ,2022,0.0,0.0,0.0
9273924,"ООО ПК ""БОРУС-М""",7456027636,ЧЕЛЯБИНСКАЯ,2021,0.0,0.0,0.0
9274095,"ООО ""ВАСТУ""",7725277443,МОСКВА,2022,7267.0,-742.0,-556.0
9274095,"ООО ""ВАСТУ""",7725277443,МОСКВА,2021,8471.0,139.0,104.0
9274875,"ООО ""ТЕХНОЛОГИИ СТРОИТЕЛЬСТВА""",7708259765,МОСКВА,2023,5662.0,24.0,30.0
9274875,"ООО ""ТЕХНОЛОГИИ СТРОИТЕЛЬСТВА""",7708259765,МОСКВА,2021,8694.0,-7.0,-7.0
9276030,"ООО ""КАПИТАЛ""",5027228989,МОСКОВСКАЯ,2022,0.0,0.0,0.0
9276030,"ООО ""КАПИТАЛ""",5027228989,МОСКОВСКАЯ,2021,0.0,0.0,0.0
9276920,"ООО ""КОНГЛОМЕРАТ""",2301089045,КРАСНОДАРСКИЙ,2022,847.0,-23.0,-23.0
9276920,"ООО ""КОНГЛОМЕРАТ""",2301089045,КРАСНОДАРСКИЙ,2021,0.0,0.0,0.0
9236865,"ООО ""СИТИ СТРОЙ""",1841051693,УДМУРТСКАЯ,2024,0.0,0.0,0.0
9236865,"ООО ""СИТИ СТРОЙ""",1841051693,УДМУРТСКАЯ,2023,0.0,0.0,0.0
9236865,"ООО ""СИТИ СТРОЙ""",1841051693,УДМУРТСКАЯ,2022,0.0,0.0,0.0
9236865,"ООО ""СИТИ СТРОЙ""",1841051693,УДМУРТСКАЯ,2021,45.0,0.0,0.0
9239386,"ООО ""НСТ ДАЛЬНИЙ ВОСТОК""",2543070910,ПРИМОРСКИЙ,2023,10809.0,550.0,911.0
9239386,"ООО ""НСТ ДАЛЬНИЙ ВОСТОК""",2543070910,ПРИМОРСКИЙ,2022,6403.0,193.0,261.0
9239386,"ООО ""НСТ ДАЛЬНИЙ ВОСТОК""",2543070910,ПРИМОРСКИЙ,2021,5221.0,-263.0,-206.0
9243696,"ООО ""СК-РЕГИОН""",7536151942,ЗАБАЙКАЛЬСКИЙ,2024,0.0,-11.0,-11.0
9243696,"ООО ""СК-РЕГИОН""",7536151942,ЗАБАЙКАЛЬСКИЙ,2023,4295.0,21.0,279.0
9243696,"ООО ""СК-РЕГИОН""",7536151942,ЗАБАЙКАЛЬСКИЙ,2022,2857.0,51.0,213.0
9243696,"ООО ""СК-РЕГИОН""",7536151942,ЗАБАЙКАЛЬСКИЙ,2021,55.0,5.0,8.0
9246201,"ООО ""ТЭМПЛУМ""",2320230166,КРАСНОДАРСКИЙ,2022,0.0,-522.0,-511.0
9246201,"ООО ""ТЭМПЛУМ""",2320230166,КРАСНОДАРСКИЙ,2021,3477.0,-608.0,-500.0
9246444,"ООО ""ЖК НА ЛЕСНОЙ""",6321385297,САМАРСКАЯ,2021,0.0,0.0,0.0
9246625,"ООО ""ВОЛГА""",5249140608,НИЖЕГОРОДСКАЯ,2023,0.0,0.0,0.0
9246625,"ООО ""ВОЛГА""",5249140608,НИЖЕГОРОДСКАЯ,2022,0.0,0.0,0.0
9246625,"ООО ""ВОЛГА""",5249140608,НИЖЕГОРОДСКАЯ,2021,0.0,0.0,0.0
9247452,"ООО ""ПРСП РЕГИОН-М""",1308084326,МОРДОВИЯ,2023,0.0,0.0,0.0
9247452,"ООО ""ПРСП РЕГИОН-М""",1308084326,МОРДОВИЯ,2022,0.0,0.0,0.0
9247452,"ООО ""ПРСП РЕГИОН-М""",1308084326,МОРДОВИЯ,2021,0.0,0.0,0.0
9213216,"ООО ""ВАЙСКОРП""",5040092448,МОСКОВСКАЯ,2022,0.0,0.0,0.0
9213216,"ООО ""ВАЙСКОРП""",5040092448,МОСКОВСКАЯ,2021,0.0,0.0,0.0
9213557,"ООО ""СЕТИ-СТРОЙ""",1655327545,ТАТАРСТАН,2021,0.0,0.0,0.0
9214358,"ООО ""МОГОЙТУЙСКАЯ СТРОИТЕЛЬНАЯ КОМПАНИЯ""",8003040165,ЗАБАЙКАЛЬСКИЙ,2023,48280.0,6800.0,6800.0
9214358,"ООО ""МОГОЙТУЙСКАЯ СТРОИТЕЛЬНАЯ КОМПАНИЯ""",8003040165,ЗАБАЙКАЛЬСКИЙ,2022,91300.0,5398.0,5398.0
9214358,"ООО ""МОГОЙТУЙСКАЯ СТРОИТЕЛЬНАЯ КОМПАНИЯ""",8003040165,ЗАБАЙКАЛЬСКИЙ,2021,35920.0,5388.0,5388.0
9215011,"ООО ""СТРОЙТЕХСНАБ""",7718161021,МОСКВА,2021,7098.0,61.0,46.0
9215895,"ООО ""АРТВИЛС""",278905108,БАШКОРТОСТАН,2021,0.0,0.0,0.0
8629244,"ООО ""ГАГАТЛИ""",506066920,ДАГЕСТАН,2023,0.0,0.0,0.0
8629244,"ООО ""ГАГАТЛИ""",506066920,ДАГЕСТАН,2022,0.0,0.0,0.0
8632857,"ООО ""БОСФОР СТРОЙ""",725014699,КАБАРДИНО-БАЛКАРСКАЯ,2021,0.0,0.0,0.0
8631097,"ООО ""ПЕРВЫЙ ПОРТАЛ""",7811584991,САНКТ-ПЕТЕРБУРГ,2022,0.0,0.0,0.0
8631097,"ООО ""ПЕРВЫЙ ПОРТАЛ""",7811584991,САНКТ-ПЕТЕРБУРГ,2021,166776.0,4511.0,4512.0
115845,"ООО ""ОРИОН""",8601029954,ХАНТЫ-МАНСИЙСКИЙ АВТОНОМНЫЙ ОКРУГ - ЮГРА,2021,0.0,0.0,0.0
6669145,"ООО ""ВЕКТОР-15 ПЛЮС""",7705027974,МОСКВА,2021,0.0,-29.0,-29.0
9789414,"ООО ""СК СРС""",2457080489,КРАСНОЯРСКИЙ,2022,0.0,0.0,0.0
9789414,"ООО ""СК СРС""",2457080489,КРАСНОЯРСКИЙ,2021,0.0,0.0,0.0
8503914,"ООО ""МСУ ""ЭНЕРГОТЕХМОНТАЖ""",7325128422,УЛЬЯНОВСКАЯ,2021,3961.0,37.0,46.0
7501720,"ООО ""ЖК ""ВЕРБНЫЙ""",1655255530,ТАТАРСТАН,2021,315.0,-89544.0,-89604.0
3794504,"ООО ""А-СТРОЙ""",8603092253,ХАНТЫ-МАНСИЙСКИЙ АВТОНОМНЫЙ ОКРУГ - ЮГРА,2021,99.0,-4054.0,-3538.0
11342830,"ООО ""НЕФРИТ""",5404167420,НОВОСИБИРСКАЯ,2021,0.0,0.0,0.0
11193134,"ООО ""ЛУНСИНЬ""",5405050425,НОВОСИБИРСКАЯ,2021,0.0,0.0,0.0
10959655,"ООО ""НОВОСТРОЙ-УРАЛ""",7224080446,ТЮМЕНСКАЯ,2022,0.0,0.0,0.0
10959655,"ООО ""НОВОСТРОЙ-УРАЛ""",7224080446,ТЮМЕНСКАЯ,2021,0.0,-208.0,-198.0
2235341,"ООО ""РУССТРОЙСЕРВИС""",5027183343,МОСКОВСКАЯ,2021,1826.0,-91.0,-89.0
2269279,"ЗАО ""КОРПОРАЦИЯ СИТЕХ""",5401141022,НОВОСИБИРСКАЯ,2021,0.0,0.0,0.0
11396943,"ЖСК ""ШИЛКИНСКИЙ""",2543151937,ПРИМОРСКИЙ,2021,0.0,-2611.0,-2608.0
5503490,"ООО ""ФРИЗ""",2510006162,ПРИМОРСКИЙ,2022,0.0,0.0,0.0
5503490,"ООО ""ФРИЗ""",2510006162,ПРИМОРСКИЙ,2021,0.0,0.0,0.0
1078734,"000 ""ММ-СТРОЙ""",1001251320,КАРЕЛИЯ,2021,0.0,0.0,0.0
8471626,"ООО ""АКС-КОМПЛЕКТ""",5904994877,ПЕРМСКИЙ,2021,0.0,0.0,0.0
10910826,"ООО ""ВЕЛЕС""",1660324934,ТАТАРСТАН,2022,0.0,0.0,0.0
10910826,"ООО ""ВЕЛЕС""",1660324934,ТАТАРСТАН,2021,0.0,0.0,0.0
5065957,"ЗАО ""СУ-46""",7811042090,САНКТ-ПЕТЕРБУРГ,2021,0.0,-38.0,-38.0
11473174,"ООО ""БРИКС""",7733363135,МОСКВА,2021,8854.0,-101.0,-101.0
11511436,"ООО ""ТРОЯ""",2373019350,КРАСНОДАРСКИЙ,2022,0.0,0.0,0.0
11511436,"ООО ""ТРОЯ""",2373019350,КРАСНОДАРСКИЙ,2021,0.0,0.0,0.0
11604830,"ООО ""ТОП-ДЖОБ""",6155090424,РОСТОВСКАЯ,2022,20777.0,709.0,1811.0
11604830,"ООО ""ТОП-ДЖОБ""",6155090424,РОСТОВСКАЯ,2021,2982.0,475.0,475.0
9926130,"ООО ""КРИПТОН""",6330073745,САМАРСКАЯ,2022,0.0,-6.0,-6.0
9926130,"ООО ""КРИПТОН""",6330073745,САМАРСКАЯ,2021,0.0,-29.0,-29.0
9912350,"ООО ""ЛИВАДИЯ""",9701049410,МОСКВА,2022,0.0,2590980.0,2619539.0
9912350,"ООО ""ЛИВАДИЯ""",9701049410,МОСКВА,2021,0.0,20710.0,15581.0
9913045,"ООО ""РИА""",2223613371,АЛТАЙСКИЙ,2022,76.0,76.0,76.0
9913045,"ООО ""РИА""",2223613371,АЛТАЙСКИЙ,2021,0.0,0.0,0.0
9921463,"ООО ""РОКВУД ДЕВЕЛОПМЕНТ""",7734390967,МОСКВА,2021,0.0,0.0,0.0
9921463,"ООО ""РОКВУД ДЕВЕЛОПМЕНТ""",7734390967,МОСКВА,2022,0.0,0.0,0.0
9921652,"ООО ""УЮТ ПЛЮС ЯРОСЛАВЛЬ""",7604312365,САНКТ-ПЕТЕРБУРГ,2022,43852.0,688.0,515.0
9921652,"ООО ""УЮТ ПЛЮС ЯРОСЛАВЛЬ""",7604312365,САНКТ-ПЕТЕРБУРГ,2021,25366.0,611.0,458.0
9922415,"ООО ГК ""ТЕХМАКСИМУМ""",7714409578,МОСКВА,2021,0.0,-46.0,-46.0
3649820,"ООО ""СОРБ-СТРОЙ""",7814366293,САНКТ-ПЕТЕРБУРГ,2021,0.0,-449.0,-449.0
3644036,"ООО ""КСМ""",2309085613,КРАСНОДАРСКИЙ,2023,0.0,-247.0,-247.0
3644036,"ООО ""КСМ""",2309085613,КРАСНОДАРСКИЙ,2022,0.0,-93.0,-93.0
3644036,"ООО ""КСМ""",2309085613,КРАСНОДАРСКИЙ,2021,0.0,-1143.0,-1322.0
9518866,"ООО ""ЭВН ПРОЕКТ""",3906975844,КАЛИНИНГРАДСКАЯ,2021,0.0,0.0,0.0
9521541,"ООО ""СТРОЙКОНСАЛТ""",9715230055,МОСКВА,2023,628.0,0.0,8.0
9542884,"ООО ""ФОРУМ-КОНСАЛТ""",7814297956,САНКТ-ПЕТЕРБУРГ,2021,5663.0,-122.0,-122.0
9543623,"ООО ""ЮГСТРОЙИНВЕСТ""",9101032654,КРЫМ,2021,0.0,-8.0,-8.0
9526478,"ООО ""РЕФЕРЕНТ СТРОЙ ГРУПП""",7714364084,МОСКВА,2021,399878.0,7385.0,7385.0
9527434,"ООО ""СКВН""",7716810351,МОСКВА,2021,0.0,-25.0,-25.0
9531088,"ООО ""ТРАНСКОМСТРОЙ""",1660257766,ТАТАРСТАН,2021,0.0,0.0,0.0
9448469,"ООО ""АПРЕЛЬ""",7017386676,ТОМСКАЯ,2023,0.0,0.0,0.0
9448469,"ООО ""АПРЕЛЬ""",7017386676,ТОМСКАЯ,2022,0.0,0.0,0.0
9448469,"ООО ""АПРЕЛЬ""",7017386676,ТОМСКАЯ,2021,7302.0,0.0,53.0
9450100,"ООО ""МСК-РЕГИОН""",7728315746,МОСКВА,2021,21565.0,-895.0,-868.0
9451503,"ООО ""СТРОЙСЕРВИС-К""",1606006901,ТАТАРСТАН,2022,0.0,-88.0,-88.0
9451503,"ООО ""СТРОЙСЕРВИС-К""",1606006901,ТАТАРСТАН,2021,0.0,-110.0,-110.0
9451832,"ООО ""ПРОМБИЗНЕССТРОЙ""",7610111770,ЯРОСЛАВСКАЯ,2021,0.0,0.0,0.0
9452363,"ООО ""СК ""АНКЕР""",7813233406,САНКТ-ПЕТЕРБУРГ,2021,0.0,-3323.0,-3323.0
12041400,"ООО ""ШАНС""",9723179719,МОСКВА,2024,209205.0,2018.0,31273.0
12041400,"ООО ""ШАНС""",9723179719,МОСКВА,2023,0.0,0.0,0.0
11991787,"ООО ""ТРОСС-М""",9717123595,МОСКВА,2023,498910.0,14.0,10.0
11991787,"ООО ""ТРОСС-М""",9717123595,МОСКВА,2022,0.0,0.0,0.0
7733921,"ООО ""ТЕХСТРОЙ""",7725782196,МОСКВА,2023,0.0,0.0,0.0
7733921,"ООО ""ТЕХСТРОЙ""",7725782196,МОСКВА,2022,2459.0,1.0,1.0
7733921,"ООО ""ТЕХСТРОЙ""",7725782196,МОСКВА,2021,7396.0,13.0,17.0
11408339,"ООО ""СТРОЙКОМПЛЕКС 377""",9715390115,МОСКВА,2021,0.0,0.0,0.0
11998366,"ООО ""АВТОМАТИКА И МАТЕРИАЛЫ""",7736345504,МОСКВА,2023,85125.0,40.0,30.0
11998366,"ООО ""АВТОМАТИКА И МАТЕРИАЛЫ""",7736345504,МОСКВА,2022,0.0,0.0,0.0
147058,"ООО ""МАТФЕЙ-СТРОЙ""",5722112016,ОРЛОВСКАЯ,2021,0.0,0.0,0.0
11945357,"ООО ""СОВРЕМЕННЫЕ ТЕХНОЛОГИИ""",7203544383,ТЮМЕНСКАЯ,2022,0.0,0.0,0.0
12076578,"ООО ""РЕМКОН""",5024229102,МОСКОВСКАЯ,2023,298.0,-75.0,-93.0
9046753,"ООО ""СТРОИТЕЛЬНЫЕ РЕСУРСЫ""",7451384634,ЧЕЛЯБИНСКАЯ,2023,154753.0,-6986.0,-2621.0
9046753,"ООО ""СТРОИТЕЛЬНЫЕ РЕСУРСЫ""",7451384634,ЧЕЛЯБИНСКАЯ,2022,417270.0,3079.0,18265.0
9046753,"ООО ""СТРОИТЕЛЬНЫЕ РЕСУРСЫ""",7451384634,ЧЕЛЯБИНСКАЯ,2021,389562.0,2745.0,10131.0
10184382,"ООО ""ПАЛЛАДА""",7703425779,МОСКВА,2024,6742.0,11.0,14.0
10184382,"ООО ""ПАЛЛАДА""",7703425779,МОСКВА,2023,1336.0,5.0,6.0
10184382,"ООО ""ПАЛЛАДА""",7703425779,МОСКВА,2022,0.0,-110.0,-110.0
10184382,"ООО ""ПАЛЛАДА""",7703425779,МОСКВА,2021,9682.0,84.0,104.0
5410441,"ООО ""АВЕНИР""",7807359150,САНКТ-ПЕТЕРБУРГ,2022,45657.0,875.0,1119.0
5410441,"ООО ""АВЕНИР""",7807359150,САНКТ-ПЕТЕРБУРГ,2021,59715.0,1804.0,2251.0
8220435,"ООО ""СТРОЙСНАБСИБИРЬ""",5404499338,НОВОСИБИРСКАЯ,2022,658.0,3.0,18.0
8220435,"ООО ""СТРОЙСНАБСИБИРЬ""",5404499338,НОВОСИБИРСКАЯ,2021,507.0,17.0,12.0
9927565,"ООО ""КАЗАНЬСИП""",1660280236,ТАТАРСТАН,2023,18555.0,2282.0,2028.0
9927565,"ООО ""КАЗАНЬСИП""",1660280236,ТАТАРСТАН,2022,28.0,-75.0,-75.0
9927565,"ООО ""КАЗАНЬСИП""",1660280236,ТАТАРСТАН,2021,6217.0,1696.0,1507.0
8219395,"ООО ""МАГНАТ-СТРОЙ-СИТИ""",571035150,ДАГЕСТАН,2024,0.0,-98.0,-98.0
9643097,"ООО ""ДСК""",7602127945,ЯРОСЛАВСКАЯ,2021,23269.0,75.0,56.0
11690737,"ООО ""ПАРТНЁРЫ""",5643022987,ОРЕНБУРГСКАЯ,2022,0.0,0.0,0.0
11690737,"ООО ""ПАРТНЁРЫ""",5643022987,ОРЕНБУРГСКАЯ,2021,0.0,0.0,0.0
12010258,"ООО ""СТРОЙМОНТАЖ""",4205411150,КЕМЕРОВСКАЯ ОБЛАСТЬ - КУЗБАСС,2023,837.0,376.0,410.0
12010258,"ООО ""СТРОЙМОНТАЖ""",4205411150,КЕМЕРОВСКАЯ ОБЛАСТЬ - КУЗБАСС,2022,0.0,0.0,0.0
12105044,"ООО ""АСТЕРИЯ""",7716978756,МОСКВА,2023,5479.0,48.0,60.0
12103976,"ООО ""МОРТОН""",7707484278,МОСКВА,2023,1102.0,23.0,29.0
10310619,"ООО ""ЛИДЕР-М""",1652024895,ТАТАРСТАН,2021,29684.0,21.0,26.0
5127904,"ООО ""ДЖЕНЕРАЛ ЭКОЛОДЖИ""",7714832649,МОСКВА,2021,3929.0,-886.0,-885.0
11732159,"ООО ""АРКАС""",9715410837,МОСКВА,2021,0.0,0.0,0.0
11014839,"ООО СК ""ЛИДЕР""",2630050519,СТАВРОПОЛЬСКИЙ,2024,0.0,0.0,0.0
11014839,"ООО СК ""ЛИДЕР""",2630050519,СТАВРОПОЛЬСКИЙ,2023,0.0,0.0,0.0
11014839,"ООО СК ""ЛИДЕР""",2630050519,СТАВРОПОЛЬСКИЙ,2022,0.0,0.0,0.0
11014839,"ООО СК ""ЛИДЕР""",2630050519,СТАВРОПОЛЬСКИЙ,2021,0.0,-169.0,-169.0
12086967,"ООО ""СТРОЙМОНТАЖ""",2301108266,КРАСНОДАРСКИЙ,2024,3713.0,1.0,223.0
12086967,"ООО ""СТРОЙМОНТАЖ""",2301108266,КРАСНОДАРСКИЙ,2023,742.0,1.0,46.0
12605871,"ООО ""КАЗАК-ГРУПП""",9707041495,МОСКВА,2024,0.0,0.0,0.0
12415345,"ООО ""ГАНИМЕД""",9731132746,МОСКВА,2024,0.0,0.0,0.0
12541502,"ООО ""СК-ФЕРУМ""",4632303166,КУРСКАЯ,2024,3958.0,1116.0,1395.0
12361932,"ООО ""ВЕРШИНА""",9729365408,МОСКВА,2024,3249.0,-1244.0,-1239.0
11823276,"ООО ""СЕВПРОМРЕМОНТ""",9200009769,СЕВАСТОПОЛЬ,2024,218386.0,20921.0,23105.0
11823276,"ООО ""СЕВПРОМРЕМОНТ""",9200009769,СЕВАСТОПОЛЬ,2023,55943.0,22671.0,25801.0
11823276,"ООО ""СЕВПРОМРЕМОНТ""",9200009769,СЕВАСТОПОЛЬ,2022,0.0,-52.0,-52.0
10971387,"ООО ""СТ""",726022050,КАБАРДИНО-БАЛКАРСКАЯ,2024,27642.0,1637.0,1905.0
10971387,"ООО ""СТ""",726022050,КАБАРДИНО-БАЛКАРСКАЯ,2023,31300.0,1288.0,1751.0
10971387,"ООО ""СТ""",726022050,КАБАРДИНО-БАЛКАРСКАЯ,2021,0.0,198.0,210.0
10882373,"ООО ""ТЕХНО СТРОЙ КАЗАНЬ +""",1658214525,ТАТАРСТАН,2024,0.0,0.0,0.0
10882373,"ООО ""ТЕХНО СТРОЙ КАЗАНЬ +""",1658214525,ТАТАРСТАН,2023,8.0,0.0,0.0
10882373,"ООО ""ТЕХНО СТРОЙ КАЗАНЬ +""",1658214525,ТАТАРСТАН,2022,17566.0,215.0,215.0
10882373,"ООО ""ТЕХНО СТРОЙ КАЗАНЬ +""",1658214525,ТАТАРСТАН,2021,45183.0,162.0,203.0
8925721,"ООО ""ЭНЕРГОСФЕРА""",2901252374,АРХАНГЕЛЬСКАЯ,2024,0.0,0.0,0.0
8925721,"ООО ""ЭНЕРГОСФЕРА""",2901252374,АРХАНГЕЛЬСКАЯ,2023,0.0,0.0,0.0
8925721,"ООО ""ЭНЕРГОСФЕРА""",2901252374,АРХАНГЕЛЬСКАЯ,2022,0.0,0.0,0.0
8925721,"ООО ""ЭНЕРГОСФЕРА""",2901252374,АРХАНГЕЛЬСКАЯ,2021,121.0,-283.0,-283.0
732723,"ООО ФСК ""БЛОК""",6317065199,САМАРСКАЯ,2024,0.0,0.0,0.0
732723,"ООО ФСК ""БЛОК""",6317065199,САМАРСКАЯ,2023,0.0,0.0,0.0
732723,"ООО ФСК ""БЛОК""",6317065199,САМАРСКАЯ,2022,0.0,10.0,12.0
732723,"ООО ФСК ""БЛОК""",6317065199,САМАРСКАЯ,2021,0.0,-10.0,-10.0
6091820,"ООО""АЛЬЯНС""",5446007860,НОВОСИБИРСКАЯ,2023,3281.0,437.0,437.0
6091820,"ООО""АЛЬЯНС""",5446007860,НОВОСИБИРСКАЯ,2022,2588.0,1124.0,1124.0
6091820,"ООО""АЛЬЯНС""",5446007860,НОВОСИБИРСКАЯ,2021,100.0,-665.0,-665.0
3083376,"ООО ""БЕЛСТРОЙКОМПЛЕКТ""",6731061049,СМОЛЕНСКАЯ,2024,0.0,0.0,0.0
3083376,"ООО ""БЕЛСТРОЙКОМПЛЕКТ""",6731061049,СМОЛЕНСКАЯ,2023,0.0,0.0,0.0
3083376,"ООО ""БЕЛСТРОЙКОМПЛЕКТ""",6731061049,СМОЛЕНСКАЯ,2022,0.0,0.0,0.0
6615822,"АО ""ГЛОБИНВЕСТСТРОЙ""",7730500827,МОСКОВСКАЯ,2022,0.0,-1610068.0,-1610068.0
6615822,"АО ""ГЛОБИНВЕСТСТРОЙ""",7730500827,МОСКОВСКАЯ,2021,0.0,-1191.0,-1191.0
5888552,"ООО СПЕЦИАЛИЗИРОВАННЫЙ ЗАСТРОЙЩИК ""ЧАЙКА""",3233500080,БРЯНСКАЯ,2024,0.0,0.0,0.0
5888552,"ООО СПЕЦИАЛИЗИРОВАННЫЙ ЗАСТРОЙЩИК ""ЧАЙКА""",3233500080,БРЯНСКАЯ,2023,160.0,550.0,561.0
5888552,"ООО СПЕЦИАЛИЗИРОВАННЫЙ ЗАСТРОЙЩИК ""ЧАЙКА""",3233500080,БРЯНСКАЯ,2022,18614.0,388.0,514.0
5888552,"ООО СПЕЦИАЛИЗИРОВАННЫЙ ЗАСТРОЙЩИК ""ЧАЙКА""",3233500080,БРЯНСКАЯ,2021,40538.0,2769.0,2769.0
8980538,"ООО ""ТОРГОВАЯ ПЛОЩАДЬ""",6670431780,СВЕРДЛОВСКАЯ,2024,0.0,0.0,0.0
8980538,"ООО ""ТОРГОВАЯ ПЛОЩАДЬ""",6670431780,СВЕРДЛОВСКАЯ,2023,0.0,0.0,0.0
8980538,"ООО ""ТОРГОВАЯ ПЛОЩАДЬ""",6670431780,СВЕРДЛОВСКАЯ,2022,0.0,0.0,0.0
2204262,"ООО ""СТРОЙСЕРВИС""",5015247627,МОСКОВСКАЯ,2024,0.0,0.0,0.0
2204262,"ООО ""СТРОЙСЕРВИС""",5015247627,МОСКОВСКАЯ,2023,0.0,0.0,0.0
2204262,"ООО ""СТРОЙСЕРВИС""",5015247627,МОСКОВСКАЯ,2022,0.0,0.0,0.0
2204262,"ООО ""СТРОЙСЕРВИС""",5015247627,МОСКОВСКАЯ,2021,0.0,0.0,0.0
9400694,"ООО ""ПРОФИТ-Н""",2315984922,КРАСНОДАРСКИЙ,2021,0.0,0.0,0.0
10539922,"ООО ""ПРОГРЕСС""",1644091440,ТАТАРСТАН,2022,0.0,-147.0,-147.0
10539922,"ООО ""ПРОГРЕСС""",1644091440,ТАТАРСТАН,2021,1797.0,-988.0,-842.0
10550797,"ООО ""РОСТ""",1660308604,ТАТАРСТАН,2022,17322.0,-98.0,-96.0
10550797,"ООО ""РОСТ""",1660308604,ТАТАРСТАН,2021,36215.0,154.0,193.0
10552281,"ООО ""РЕНТЕХ""",7107124918,ТУЛЬСКАЯ,2021,1140.0,9.0,5.0
10563418,"ООО ""ЕВРАЗИЯ-СТРОЙ""",5638073200,ОРЕНБУРГСКАЯ,2021,22886.0,-72.0,-72.0
10553205,"ООО ""РЕНОВАЦИЯ""",7838076515,САНКТ-ПЕТЕРБУРГ,2022,0.0,-833.0,-833.0
10553205,"ООО ""РЕНОВАЦИЯ""",7838076515,САНКТ-ПЕТЕРБУРГ,2021,7000.0,949.0,949.0
10553459,"ООО ""КАСПЕР""",9715312580,МОСКВА,2021,8751.0,7538.0,8692.0
10554613,"ООО ""КОМПЛЕКС СТРОЙ""",6372024757,САМАРСКАЯ,2023,0.0,0.0,0.0
10554613,"ООО ""КОМПЛЕКС СТРОЙ""",6372024757,САМАРСКАЯ,2022,0.0,0.0,0.0
10554613,"ООО ""КОМПЛЕКС СТРОЙ""",6372024757,САМАРСКАЯ,2021,0.0,0.0,0.0
10342184,"ООО ""ИНДУСТРИЯ""",3661080106,ВОРОНЕЖСКАЯ,2021,0.0,0.0,0.0
10303848,"ООО ""ЭТАЛОНСТРОЙ""",7802626758,САНКТ-ПЕТЕРБУРГ,2022,28993.0,2575.0,2924.0
10303848,"ООО ""ЭТАЛОНСТРОЙ""",7802626758,САНКТ-ПЕТЕРБУРГ,2021,19763.0,451.0,672.0
10343919,"ООО ""РУСФАТ""",7731380992,МОСКВА,2021,0.0,0.0,0.0
10344160,"ООО ""КУБ""",7325156116,УЛЬЯНОВСКАЯ,2024,2209.0,-3052.0,-3079.0
10344160,"ООО ""КУБ""",7325156116,УЛЬЯНОВСКАЯ,2023,2721.0,-6302.0,-6325.0
10344160,"ООО ""КУБ""",7325156116,УЛЬЯНОВСКАЯ,2022,1351.0,17.0,10.0
10344160,"ООО ""КУБ""",7325156116,УЛЬЯНОВСКАЯ,2021,2333.0,42.0,30.0
10344615,"ООО ""СТРОЙПРО""",7704443160,МОСКВА,2021,0.0,0.0,0.0
10344917,"ООО ""ГРУППА ЦИМ""",9729128044,МОСКВА,2022,0.0,-10.0,-10.0
10344917,"ООО ""ГРУППА ЦИМ""",9729128044,МОСКВА,2021,0.0,-23.0,-23.0
10337490,"ООО ""СОЮЗ""",7203427231,ТЮМЕНСКАЯ,2021,0.0,0.0,0.0
10326918,"ООО ""КТМ""",7456037419,ЧЕЛЯБИНСКАЯ,2024,0.0,0.0,0.0
10326918,"ООО ""КТМ""",7456037419,ЧЕЛЯБИНСКАЯ,2023,0.0,0.0,0.0
10326918,"ООО ""КТМ""",7456037419,ЧЕЛЯБИНСКАЯ,2022,0.0,0.0,0.0
10326918,"ООО ""КТМ""",7456037419,ЧЕЛЯБИНСКАЯ,2021,0.0,0.0,0.0
10306788,"ООО ""СИТИ СТРОЙ""",6321433712,САМАРСКАЯ,2022,58533.0,514.0,385.0
10306788,"ООО ""СИТИ СТРОЙ""",6321433712,САМАРСКАЯ,2021,67717.0,1324.0,993.0
10308052,"ООО ""ПРОФ-РЕМОНТ""",7801334826,САНКТ-ПЕТЕРБУРГ,2021,1396.0,28.0,21.0
10308134,"ООО ""ИНВЕСТСТРОЙЗАКАЗ"" ",278932479,БАШКОРТОСТАН,2022,35877.0,-12817.0,-13783.0
10308134,"ООО ""ИНВЕСТСТРОЙЗАКАЗ"" ",278932479,БАШКОРТОСТАН,2021,132377.0,-36647.0,-36647.0
10308669,"ООО ""ЕРСК ""ЗР""",2723195813,ХАБАРОВСКИЙ,2021,0.0,0.0,0.0
61632,"ООО ""ССР""",3664116110,ВОРОНЕЖСКАЯ,2023,228.0,-525.0,-523.0
61632,"ООО ""ССР""",3664116110,ВОРОНЕЖСКАЯ,2022,667.0,-152.0,-115.0
61632,"ООО ""ССР""",3664116110,ВОРОНЕЖСКАЯ,2021,951.0,-9.0,54.0
61867,"ООО ""СТАНДАРТ СТРОЙ""",1001133598,КАРЕЛИЯ,2022,0.0,0.0,0.0
61867,"ООО ""СТАНДАРТ СТРОЙ""",1001133598,КАРЕЛИЯ,2021,0.0,0.0,0.0
63942,"ООО ""ЯКУТСЕЛЬСТРОЙ""",1435153340,САХА /ЯКУТИЯ/,2021,0.0,0.0,0.0
141588,"ООО ""ЕВРОСТРОЙ""",3304016061,ВЛАДИМИРСКАЯ,2021,0.0,0.0,0.0
143790,"ООО ""СУ №77""",2223043227,АЛТАЙСКИЙ,2021,78.0,-134.0,-134.0
12186358,"ООО ""ЗВЕЗДА""",3849095456,ИРКУТСКАЯ,2024,758.0,-14.0,-14.0
12186358,"ООО ""ЗВЕЗДА""",3849095456,ИРКУТСКАЯ,2023,1013.0,20.0,25.0
11440188,"ООО ""ЛИДЕР С""",5027290828,МОСКОВСКАЯ,2024,41695.0,247.0,309.0
11440188,"ООО ""ЛИДЕР С""",5027290828,МОСКОВСКАЯ,2023,34104.0,553.0,692.0
11440188,"ООО ""ЛИДЕР С""",5027290828,МОСКОВСКАЯ,2022,1452.0,33.0,41.0
11440188,"ООО ""ЛИДЕР С""",5027290828,МОСКОВСКАЯ,2021,2420.0,40.0,50.0
401280,"ООО ""АРМСЕРВИС""",2349033820,КРАСНОДАРСКИЙ,2022,0.0,0.0,0.0
401280,"ООО ""АРМСЕРВИС""",2349033820,КРАСНОДАРСКИЙ,2021,0.0,0.0,0.0
411479,"ООО ""СТРОЙПОДРЯД""",1644014780,ТАТАРСТАН,2023,0.0,0.0,0.0
411479,"ООО ""СТРОЙПОДРЯД""",1644014780,ТАТАРСТАН,2022,0.0,0.0,0.0
411479,"ООО ""СТРОЙПОДРЯД""",1644014780,ТАТАРСТАН,2021,0.0,0.0,0.0
2161999,"ООО ""РСУ ""БЛАГО""",6027100902,ПСКОВСКАЯ,2022,196565.0,405.0,337.0
2161999,"ООО ""РСУ ""БЛАГО""",6027100902,ПСКОВСКАЯ,2021,0.0,0.0,0.0
2244297,"ООО  ""ИНФОЦЕНТР""",7445038925,ЧЕЛЯБИНСКАЯ,2021,1766.0,105.0,123.0
2194171,"ООО ""СЗСК ""МОНОЛИТ""",7811463098,САНКТ-ПЕТЕРБУРГ,2022,0.0,0.0,0.0
2194171,"ООО ""СЗСК ""МОНОЛИТ""",7811463098,САНКТ-ПЕТЕРБУРГ,2021,692.0,467.0,351.0
2197883,"ООО ""ИНДИГО""",7733623915,МОСКВА,2021,0.0,0.0,0.0
2201165,"ООО ""ЛАНДСКРОНА""",7838471106,САНКТ-ПЕТЕРБУРГ,2021,0.0,-380.0,-380.0
2229449,"ООО ""АСТ""",2635810450,ЧЕЧЕНСКАЯ,2024,98289.0,-29234.0,-38112.0
2229449,"ООО ""АСТ""",2635810450,ЧЕЧЕНСКАЯ,2023,792640.0,11355.0,17385.0
2229449,"ООО ""АСТ""",2635810450,ЧЕЧЕНСКАЯ,2022,443392.0,5305.0,8100.0
2229449,"ООО ""АСТ""",2635810450,ЧЕЧЕНСКАЯ,2021,994569.0,-24186.0,-7631.0
2231012,"ООО ""ССП""",7723728757,МОСКВА,2021,0.0,-26262.0,-26262.0
9192360,"ООО ""МДТ""",7840032314,САНКТ-ПЕТЕРБУРГ,2024,0.0,0.0,0.0
9192360,"ООО ""МДТ""",7840032314,САНКТ-ПЕТЕРБУРГ,2023,0.0,-1.0,-1.0
9192360,"ООО ""МДТ""",7840032314,САНКТ-ПЕТЕРБУРГ,2022,0.0,-6.0,-6.0
9192360,"ООО ""МДТ""",7840032314,САНКТ-ПЕТЕРБУРГ,2021,0.0,-1083.0,-1074.0
11545417,"ООО ""МОНИТЭР""",6679140707,СВЕРДЛОВСКАЯ,2024,33862.0,138.0,173.0
11545417,"ООО ""МОНИТЭР""",6679140707,СВЕРДЛОВСКАЯ,2023,0.0,0.0,0.0
12172396,"ООО ""КАПИТЕЛЬ""",9728095710,МОСКВА,2024,0.0,0.0,0.0
12172396,"ООО ""КАПИТЕЛЬ""",9728095710,МОСКВА,2023,0.0,0.0,0.0
11271180,"ООО ""СТС""",6320046622,САМАРСКАЯ,2024,427.0,73.0,55.0
11271180,"ООО ""СТС""",6320046622,САМАРСКАЯ,2023,1200.0,8.0,6.0
11271180,"ООО ""СТС""",6320046622,САМАРСКАЯ,2022,741.0,1.0,1.0
11271180,"ООО ""СТС""",6320046622,САМАРСКАЯ,2021,2332.0,5.0,3.0
7024253,"ООО ""ЛИГА""",7113020508,ТУЛЬСКАЯ,2022,111.0,-315.0,-314.0
7024253,"ООО ""ЛИГА""",7113020508,ТУЛЬСКАЯ,2021,674.0,227.0,239.0
10362023,"ООО ИСК ""ИНТЕРПРОФИЛЬ""",9710034963,МОСКВА,2023,0.0,0.0,0.0
10362023,"ООО ИСК ""ИНТЕРПРОФИЛЬ""",9710034963,МОСКВА,2022,38376.0,174.0,138.0
10362023,"ООО ИСК ""ИНТЕРПРОФИЛЬ""",9710034963,МОСКВА,2021,60122.0,351.0,211.0
11164656,"ООО ""ФЛАЙ ТРЕЙД""",7727431852,МОСКВА,2024,263175.0,241.0,181.0
11164656,"ООО ""ФЛАЙ ТРЕЙД""",7727431852,МОСКВА,2023,0.0,0.0,0.0
11164656,"ООО ""ФЛАЙ ТРЕЙД""",7727431852,МОСКВА,2022,0.0,0.0,0.0
11164656,"ООО ""ФЛАЙ ТРЕЙД""",7727431852,МОСКВА,2021,0.0,0.0,0.0
11493208,"ООО ""АЛТИМ""",3123476483,БЕЛГОРОДСКАЯ,2022,43739.0,243.0,182.0
11493208,"ООО ""АЛТИМ""",3123476483,БЕЛГОРОДСКАЯ,2021,2561.0,5.0,4.0
11930895,"ООО ""МЭДОКС""",9722028280,МОСКВА,2022,0.0,0.0,0.0
7906996,"ООО ""СИБТЕХНОЛОГ""",5406746600,НОВОСИБИРСКАЯ,2023,0.0,0.0,0.0
12135502,"ООО ""ЕЖИВО""",7707486772,МОСКВА,2024,75103.0,190.0,152.0
12135502,"ООО ""ЕЖИВО""",7707486772,МОСКВА,2023,498913.0,14.0,10.0
10364111,"ООО ""СТРОЙСНАБ""",7727328990,МОСКВА,2021,0.0,0.0,0.0
11962189,"ООО ""ПРИОРИТЕТ""",9701223065,МОСКВА,2024,0.0,0.0,0.0
11962189,"ООО ""ПРИОРИТЕТ""",9701223065,МОСКВА,2023,44483.0,166.0,207.0
3850484,"ООО ""ЗАВОД ДМ""",7713716343,МОСКВА,2022,52290.0,17.0,21.0
3850484,"ООО ""ЗАВОД ДМ""",7713716343,МОСКВА,2021,92056.0,22.0,28.0
11395016,"ООО ""ТИТАН""",9718161593,МОСКВА,2023,154159.0,190.0,237.0
11395016,"ООО ""ТИТАН""",9718161593,МОСКВА,2022,147870.0,143.0,179.0
11395016,"ООО ""ТИТАН""",9718161593,МОСКВА,2021,126668.0,198.0,248.0
11698451,"ООО ""СТРОНЛИНКОР""",5258151691,НИЖЕГОРОДСКАЯ,2021,10232.0,47.0,55.0
12222151,"ООО ""ГИБЕКС""",9717139274,МОСКВА,2023,498.0,1.0,1.0
2310335,"ООО ЭСГ ""СТРОЙ-ЭКСП""",2511078392,ПРИМОРСКИЙ,2023,7157.0,-672.0,-672.0
2310335,"ООО ЭСГ ""СТРОЙ-ЭКСП""",2511078392,ПРИМОРСКИЙ,2022,7157.0,-672.0,-672.0
2310335,"ООО ЭСГ ""СТРОЙ-ЭКСП""",2511078392,ПРИМОРСКИЙ,2021,13225.0,-634.0,-634.0
10007561,"ООО ""РОБУСТ ГРУПП""",6686087719,СВЕРДЛОВСКАЯ,2023,0.0,0.0,0.0
10007561,"ООО ""РОБУСТ ГРУПП""",6686087719,СВЕРДЛОВСКАЯ,2022,61094.0,297.0,223.0
10007561,"ООО ""РОБУСТ ГРУПП""",6686087719,СВЕРДЛОВСКАЯ,2021,0.0,0.0,0.0
10947896,"ООО ""МСТ ГРУПП""",7734421485,МОСКВА,2023,290495.0,-954.0,20308.0
10947896,"ООО ""МСТ ГРУПП""",7734421485,МОСКВА,2022,735030.0,46217.0,47855.0
10947896,"ООО ""МСТ ГРУПП""",7734421485,МОСКВА,2021,523933.0,3067.0,32017.0
11220166,"ООО ""ГРАНДСТРОЙ""",5050145219,МОСКОВСКАЯ,2024,958043.0,-11566.0,-12632.0
11220166,"ООО ""ГРАНДСТРОЙ""",5050145219,МОСКОВСКАЯ,2023,63181.0,1490.0,1555.0
11220166,"ООО ""ГРАНДСТРОЙ""",5050145219,МОСКОВСКАЯ,2022,28497.0,-2835.0,-2835.0
11220166,"ООО ""ГРАНДСТРОЙ""",5050145219,МОСКОВСКАЯ,2021,17340.0,1084.0,1084.0
11528038,"ООО ""СК ПОБЕДА""",5024211218,МОСКОВСКАЯ,2022,0.0,0.0,0.0
11528038,"ООО ""СК ПОБЕДА""",5024211218,МОСКОВСКАЯ,2021,0.0,0.0,0.0
12594653,"ООО ""ВИШНЯ""",7733460330,МОСКВА,2024,0.0,0.0,0.0
11691595,"ООО ""ЭКО ФРЕЙМ""",2311325220,КРАСНОДАРСКИЙ,2021,0.0,0.0,0.0
12232263,"ООО ""АДАМАНТ""",5507295022,ОМСКАЯ,2024,2124.0,60.0,45.0
12232263,"ООО ""АДАМАНТ""",5507295022,ОМСКАЯ,2023,895.0,418.0,313.0
11297867,"ООО ""АСК-ГРУПП""",7802705777,САНКТ-ПЕТЕРБУРГ,2024,12362.0,197.0,197.0
11297867,"ООО ""АСК-ГРУПП""",7802705777,САНКТ-ПЕТЕРБУРГ,2023,21691.0,15.0,15.0
11297867,"ООО ""АСК-ГРУПП""",7802705777,САНКТ-ПЕТЕРБУРГ,2022,11448.0,-19.0,-23.0
11297867,"ООО ""АСК-ГРУПП""",7802705777,САНКТ-ПЕТЕРБУРГ,2021,25891.0,7.0,5.0
11304701,"ООО  ""ДСГРУПП""",2366020203,КРАСНОДАРСКИЙ,2024,0.0,0.0,0.0
11304701,"ООО  ""ДСГРУПП""",2366020203,КРАСНОДАРСКИЙ,2023,0.0,0.0,0.0
11304701,"ООО  ""ДСГРУПП""",2366020203,КРАСНОДАРСКИЙ,2022,0.0,0.0,0.0
11304701,"ООО  ""ДСГРУПП""",2366020203,КРАСНОДАРСКИЙ,2021,0.0,-1.0,-2.0
12427213,"ООО ""СК АЛМАКС""",1686037652,ТАТАРСТАН,2024,4981.0,-12698.0,-12199.0
12348181,"ООО ""ИНСТРОЙКОМ""",9728117650,МОСКВА,2024,0.0,-196.0,-196.0
6343521,"ООО ""СТРОЙКОМПЛЕКС""",2508074623,ПРИМОРСКИЙ,2024,27141.0,473.0,891.0
6343521,"ООО ""СТРОЙКОМПЛЕКС""",2508074623,ПРИМОРСКИЙ,2023,7879.0,95.0,117.0
6343521,"ООО ""СТРОЙКОМПЛЕКС""",2508074623,ПРИМОРСКИЙ,2022,9884.0,72.0,92.0
6343521,"ООО ""СТРОЙКОМПЛЕКС""",2508074623,ПРИМОРСКИЙ,2021,3771.0,38.0,47.0
12129126,"ООО ""ФОРТИС-СТРОЙ""",800007044,КАЛМЫКИЯ,2024,1735.0,77.0,96.0
12129126,"ООО ""ФОРТИС-СТРОЙ""",800007044,КАЛМЫКИЯ,2023,7829.0,145.0,181.0
12164400,"ООО ""ПГС""",5402077933,НОВОСИБИРСКАЯ,2024,0.0,-4198.0,-4159.0
12164400,"ООО ""ПГС""",5402077933,НОВОСИБИРСКАЯ,2023,1567.0,-24.0,-9.0
11571842,"ООО ""ОСМАНОВ-ГРУПП""",546026659,ДАГЕСТАН,2024,0.0,0.0,0.0
11571842,"ООО ""ОСМАНОВ-ГРУПП""",546026659,ДАГЕСТАН,2023,0.0,0.0,0.0
11571842,"ООО ""ОСМАНОВ-ГРУПП""",546026659,ДАГЕСТАН,2021,0.0,0.0,0.0
9138372,"ООО ""ПРОГРЕСССТРОЙ""",7733225590,МОСКВА,2024,51654.0,1215.0,906.0
9138372,"ООО ""ПРОГРЕСССТРОЙ""",7733225590,МОСКВА,2023,52678.0,267.0,193.0
9138372,"ООО ""ПРОГРЕСССТРОЙ""",7733225590,МОСКВА,2022,36798.0,245.0,159.0
9138372,"ООО ""ПРОГРЕСССТРОЙ""",7733225590,МОСКВА,2021,43585.0,683.0,286.0
12178935,"ООО ""СК ""МОНСТР""",7807264614,САНКТ-ПЕТЕРБУРГ,2024,61649.0,1036.0,1204.0
12178935,"ООО ""СК ""МОНСТР""",7807264614,САНКТ-ПЕТЕРБУРГ,2023,27842.0,375.0,487.0
1127247,"ООО ""РАНТЬЕ""",6316169540,САМАРСКАЯ,2024,0.0,-272.0,-272.0
1127247,"ООО ""РАНТЬЕ""",6316169540,САМАРСКАЯ,2023,0.0,1568.0,1568.0
1127247,"ООО ""РАНТЬЕ""",6316169540,САМАРСКАЯ,2022,0.0,-64.0,-64.0
1127247,"ООО ""РАНТЬЕ""",6316169540,САМАРСКАЯ,2021,0.0,-4.0,-4.0
11386855,"ООО ""ТЭНГРИ""",2901302480,АРХАНГЕЛЬСКАЯ,2024,19815.0,9.0,207.0
11386855,"ООО ""ТЭНГРИ""",2901302480,АРХАНГЕЛЬСКАЯ,2023,1169.0,8.0,81.0
11386855,"ООО ""ТЭНГРИ""",2901302480,АРХАНГЕЛЬСКАЯ,2022,1091.0,199.0,155.0
11386855,"ООО ""ТЭНГРИ""",2901302480,АРХАНГЕЛЬСКАЯ,2021,1153.0,4.0,-8.0
11458379,"ООО ""МЕДУРАЛТРАНС""",4501228821,КУРГАНСКАЯ,2024,0.0,-5581.0,-5581.0
11458379,"ООО ""МЕДУРАЛТРАНС""",4501228821,КУРГАНСКАЯ,2023,15970.0,7.0,5.0
11458379,"ООО ""МЕДУРАЛТРАНС""",4501228821,КУРГАНСКАЯ,2022,15293.0,158.0,118.0
11458379,"ООО ""МЕДУРАЛТРАНС""",4501228821,КУРГАНСКАЯ,2021,0.0,0.0,0.0
6171018,"ООО ""МОБИСТРОЙ""",2311095087,КРАСНОДАРСКИЙ,2024,1021.0,170.0,109.0
6171018,"ООО ""МОБИСТРОЙ""",2311095087,КРАСНОДАРСКИЙ,2023,737.0,1.0,-39.0
6171018,"ООО ""МОБИСТРОЙ""",2311095087,КРАСНОДАРСКИЙ,2022,1316.0,1.0,-38.0
6171018,"ООО ""МОБИСТРОЙ""",2311095087,КРАСНОДАРСКИЙ,2021,656.0,7.0,-13.0
8188352,"ООО ""ПРОФСТРОЙ""",6324044626,САМАРСКАЯ,2024,0.0,0.0,0.0
10692320,"ООО ""АЛЬФА-СТРОЙ""",2460108945,КРАСНОЯРСКИЙ,2024,655426.0,151190.0,183016.0
10692320,"ООО ""АЛЬФА-СТРОЙ""",2460108945,КРАСНОЯРСКИЙ,2023,0.0,0.0,0.0
2676474,"ООО СК ""СТРОЙ РЕСУРС""",278166224,БАШКОРТОСТАН,2024,0.0,-4.0,-4.0
2676474,"ООО СК ""СТРОЙ РЕСУРС""",278166224,БАШКОРТОСТАН,2023,0.0,0.0,0.0
2676474,"ООО СК ""СТРОЙ РЕСУРС""",278166224,БАШКОРТОСТАН,2022,1115.0,-108.0,-37.0
2676474,"ООО СК ""СТРОЙ РЕСУРС""",278166224,БАШКОРТОСТАН,2021,2757.0,-402.0,-307.0
9490887,"ООО ""САЛГИРСПЕЦСТРОЙ""",7810391066,САНКТ-ПЕТЕРБУРГ,2024,13907.0,325.0,406.0
9490887,"ООО ""САЛГИРСПЕЦСТРОЙ""",7810391066,САНКТ-ПЕТЕРБУРГ,2023,0.0,0.0,0.0
9490887,"ООО ""САЛГИРСПЕЦСТРОЙ""",7810391066,САНКТ-ПЕТЕРБУРГ,2022,0.0,0.0,0.0
9490887,"ООО ""САЛГИРСПЕЦСТРОЙ""",7810391066,САНКТ-ПЕТЕРБУРГ,2021,0.0,0.0,0.0
12428786,"ООО ""СМИРНОВ"" ",2618026206,СТАВРОПОЛЬСКИЙ,2024,0.0,0.0,0.0
8350934,"ООО ""ГЕОСТРОЙСНАБ +""",4703138955,ЛЕНИНГРАДСКАЯ,2021,0.0,0.0,0.0
8354831,"ООО ""РЕМТЕХСТРОЙМОНТАЖ""",3662199111,ВОРОНЕЖСКАЯ,2021,0.0,0.0,0.0
8380677,"ООО ""КРЕЧЕТ""",2508118207,ПРИМОРСКИЙ,2021,0.0,-9.0,-9.0
8367827,"ООО ""ГЛОБАЛПРОДЖЕКТС""",7736671508,МОСКВА,2021,0.0,-30.0,-30.0
7818766,"ООО  СК ""ЭНКИ""",6829089241,ТАМБОВСКАЯ,2021,0.0,0.0,0.0
7819223,"ООО СК ""КАПИТАЛ ГРУПП""",5401366361,НОВОСИБИРСКАЯ,2023,0.0,0.0,0.0
7819223,"ООО СК ""КАПИТАЛ ГРУПП""",5401366361,НОВОСИБИРСКАЯ,2022,0.0,0.0,0.0
7819223,"ООО СК ""КАПИТАЛ ГРУПП""",5401366361,НОВОСИБИРСКАЯ,2021,0.0,0.0,0.0
7657977,"ООО СК ""ПРОМЕТЕЙ""",1001266213,КАРЕЛИЯ,2022,13286.0,31.0,39.0
7657977,"ООО СК ""ПРОМЕТЕЙ""",1001266213,КАРЕЛИЯ,2021,44256.0,222.0,279.0
7658695,"ООО ""С-ПАРТС""",7715948082,МОСКВА,2022,0.0,0.0,0.0
7581727,"ООО ""ИНТЕРЛАЙН""",7717739912,МОСКВА,2021,1560.0,49.0,37.0
7619042,"ООО ""ЭНЕРГОСТРОЙ""",4726000505,ЛЕНИНГРАДСКАЯ,2021,0.0,0.0,0.0
7621148,"ООО ""ВИМ-СТРОЙ""",7726710148,МОСКВА,2024,0.0,0.0,0.0
7621148,"ООО ""ВИМ-СТРОЙ""",7726710148,МОСКВА,2023,0.0,-25.0,-25.0
7621148,"ООО ""ВИМ-СТРОЙ""",7726710148,МОСКВА,2022,0.0,-179.0,-179.0
7621148,"ООО ""ВИМ-СТРОЙ""",7726710148,МОСКВА,2021,0.0,0.0,0.0
7635986,"ООО ""АРДОКС""",5257134750,НИЖЕГОРОДСКАЯ,2021,1169.0,7.0,9.0
7637393,"ООО ""ОРГСТРОЙ""",7724855589,ВЛАДИМИРСКАЯ,2021,0.0,0.0,0.0
7638181,"ООО ""ГК ""ТЕХНОЛОГИЯ""""",2724171685,ХАБАРОВСКИЙ,2021,0.0,0.0,0.0
7632006,"ООО ""ФСК ""МГЦ""",7722794475,МОСКВА,2021,0.0,0.0,0.0
7649030,"ООО  ""СТРОЙ ИНДУСТРИЯ""",7842486137,САНКТ-ПЕТЕРБУРГ,2022,5618.0,0.0,0.0
7649030,"ООО  ""СТРОЙ ИНДУСТРИЯ""",7842486137,САНКТ-ПЕТЕРБУРГ,2021,109146.0,379.0,476.0
7647573,"ООО ""ПРЕМЬЕР СЕРВИС""",7724857508,МОСКВА,2022,0.0,-640.0,-640.0
7647573,"ООО ""ПРЕМЬЕР СЕРВИС""",7724857508,МОСКВА,2021,0.0,0.0,0.0
7497784,"ООО ""СПЕЦИАЛИЗИРОВАННЫЙ ЗАСТРОЙЩИК ""КВС МСК""",7802801583,МОСКОВСКАЯ,2024,0.0,0.0,0.0
7497784,"ООО ""СПЕЦИАЛИЗИРОВАННЫЙ ЗАСТРОЙЩИК ""КВС МСК""",7802801583,МОСКОВСКАЯ,2023,0.0,0.0,0.0
7497784,"ООО ""СПЕЦИАЛИЗИРОВАННЫЙ ЗАСТРОЙЩИК ""КВС МСК""",7802801583,МОСКОВСКАЯ,2022,0.0,0.0,0.0
7497784,"ООО ""СПЕЦИАЛИЗИРОВАННЫЙ ЗАСТРОЙЩИК ""КВС МСК""",7802801583,МОСКОВСКАЯ,2021,0.0,0.0,0.0
7567434,"ООО ""МОНТАЖСТРОЙ""",3525290129,ВОЛОГОДСКАЯ,2024,0.0,0.0,0.0
7567434,"ООО ""МОНТАЖСТРОЙ""",3525290129,ВОЛОГОДСКАЯ,2023,0.0,0.0,0.0
7567434,"ООО ""МОНТАЖСТРОЙ""",3525290129,ВОЛОГОДСКАЯ,2022,0.0,0.0,0.0
7567434,"ООО ""МОНТАЖСТРОЙ""",3525290129,ВОЛОГОДСКАЯ,2021,0.0,0.0,0.0
7591275,"ООО ""СЕВЕРНАЯ ГРУППА""",7017312480,ТОМСКАЯ,2021,0.0,-61.0,-61.0
11873458,"ООО ""СИРИУС""",9701209582,МОСКВА,2022,5732.0,37.0,43.0
11693180,"ООО ""СК БАШНЯ""",5835139001,ПЕНЗЕНСКАЯ,2023,6001.0,0.0,0.0
11693180,"ООО ""СК БАШНЯ""",5835139001,ПЕНЗЕНСКАЯ,2022,39648.0,123.0,148.0
11969082,"ООО ""СТРОЙТРАНСАТЛАНТ""",7730289532,МОСКВА,2022,13525.0,58.0,58.0
9587887,"ООО СК ""ДИУМ""",7726366368,МОСКВА,2022,0.0,0.0,0.0
9587887,"ООО СК ""ДИУМ""",7726366368,МОСКВА,2021,5400.0,-1302.0,-1248.0
12293991,"ООО ""ИНВЕСТ ГРУПП""",1400027680,САХА (ЯКУТИЯ),2024,137544.0,-25181.0,-22430.0
12293991,"ООО ""ИНВЕСТ ГРУПП""",1400027680,САХА (ЯКУТИЯ),2023,0.0,3.0,3.0
11849754,"ООО ""БРИЗ""",9704138379,МОСКВА,2022,6788.0,-14.0,-14.0
10470500,"ООО ""СЕКТОР ВЭД""",2511104035,ПРИМОРСКИЙ,2024,0.0,0.0,0.0
10470500,"ООО ""СЕКТОР ВЭД""",2511104035,ПРИМОРСКИЙ,2021,0.0,-2.0,-2.0
11806066,"ООО ""СМК ""КАПИТАЛ""",2465345820,КРАСНОЯРСКИЙ,2024,718.0,-284.0,-260.0
11806066,"ООО ""СМК ""КАПИТАЛ""",2465345820,КРАСНОЯРСКИЙ,2023,14269.0,1839.0,2614.0
11806066,"ООО ""СМК ""КАПИТАЛ""",2465345820,КРАСНОЯРСКИЙ,2022,822.0,73.0,108.0
11193780,"ООО ""БРСК""",3801149907,ИРКУТСКАЯ,2023,4966.0,519.0,592.0
11193780,"ООО ""БРСК""",3801149907,ИРКУТСКАЯ,2022,0.0,-1.0,-1.0
11193780,"ООО ""БРСК""",3801149907,ИРКУТСКАЯ,2021,0.0,-27.0,-21.0
11366193,"ООО ""АЛЬФА-СТРОЙ""",4205390976,КЕМЕРОВСКАЯ ОБЛАСТЬ - КУЗБАСС,2022,5054.0,234.0,294.0
11366193,"ООО ""АЛЬФА-СТРОЙ""",4205390976,КЕМЕРОВСКАЯ ОБЛАСТЬ - КУЗБАСС,2021,0.0,-65.0,-65.0
11902976,"ООО ""СТРОЙГРАД""",5406824270,НОВОСИБИРСКАЯ,2022,0.0,0.0,0.0
11595952,"ООО ""МСКПРОЕКТ""",9704066854,МОСКВА,2021,498.0,25.0,31.0
11929120,"ООО ""КУЗБАСССИБСТРОЙ""",5473005438,НОВОСИБИРСКАЯ,2022,0.0,0.0,0.0
11883647,"ООО ""ИНТЕРКОМЕРЦ""",6658554489,СВЕРДЛОВСКАЯ,2022,0.0,0.0,0.0
11903015,"ООО ""РЕКМАСТЕР""",6230123329,РЯЗАНСКАЯ,2022,9257.0,123.0,92.0
11940874,"ООО ""ЯСЕНЬ""",7460057930,ЧЕЛЯБИНСКАЯ,2023,0.0,-3.0,-3.0
11940874,"ООО ""ЯСЕНЬ""",7460057930,ЧЕЛЯБИНСКАЯ,2022,8202.0,1.0,1.0
11707567,"ООО СК ""ЛЕГИОН""",6686136878,СВЕРДЛОВСКАЯ,2023,121241.0,116.0,151.0
11707567,"ООО СК ""ЛЕГИОН""",6686136878,СВЕРДЛОВСКАЯ,2022,122312.0,148.0,184.0
11707567,"ООО СК ""ЛЕГИОН""",6686136878,СВЕРДЛОВСКАЯ,2021,1.0,1.0,1.0
12044340,"ООО ""АДАМАНТ""",3700001245,ИВАНОВСКАЯ,2023,1911.0,89.0,111.0
11951500,"ООО ""ЮНИСТРОЙ""",2543169187,ПРИМОРСКИЙ,2022,5772.0,22.0,26.0
11029202,"ООО ""ДИМАКС""",7720466408,МОСКВА,2024,1400.0,73.0,55.0
11029202,"ООО ""ДИМАКС""",7720466408,МОСКВА,2023,0.0,0.0,0.0
11029202,"ООО ""ДИМАКС""",7720466408,МОСКВА,2021,0.0,0.0,0.0
11440673,"ООО ""ФОКУС СТРОЙ""",9703021106,МОСКВА,2021,28093.0,73.0,90.0
11442870,"ООО ""СТРОЙЛЕГИОН-НН""",5249173219,НИЖЕГОРОДСКАЯ,2021,0.0,0.0,0.0
11447247,"ООО ""СМК-11""",1101170113,КОМИ,2024,0.0,0.0,0.0
11447247,"ООО ""СМК-11""",1101170113,КОМИ,2023,502.0,0.0,0.0
11447247,"ООО ""СМК-11""",1101170113,КОМИ,2022,11441.0,1621.0,1621.0
11447247,"ООО ""СМК-11""",1101170113,КОМИ,2021,31876.0,3886.0,3571.0
11447604,"ООО ""ОДОЛИТ""",1655447810,ТАТАРСТАН,2021,52134.0,14.0,11.0
11448168,"ООО ""ФРОСТ""",9706010310,МОСКВА,2021,0.0,0.0,0.0
11448286,"ООО ""ГРАНТА""",1841095926,УДМУРТСКАЯ,2021,370.0,2.0,3.0
11448760,"ООО ""АГС-ЦЕНТР""",7606123758,ЯРОСЛАВСКАЯ,2022,177.0,-1132.0,-1132.0
11448760,"ООО ""АГС-ЦЕНТР""",7606123758,ЯРОСЛАВСКАЯ,2021,0.0,-22.0,-22.0
11448922,"ООО ""ПРАЙМ""",9728019437,МОСКВА,2021,283184.0,75.0,94.0
11449126,"ООО ""СИНЕРГИЯ""",7707445695,МОСКВА,2021,0.0,-140.0,-48.0
11437585,"ООО ""МЕГАПОЛИС""",2627027686,СТАВРОПОЛЬСКИЙ,2022,0.0,0.0,0.0
11439193,"ООО ""КОМЕТА""",9703020960,МОСКВА,2022,310.0,10.0,13.0
11439193,"ООО ""КОМЕТА""",9703020960,МОСКВА,2021,96449.0,218.0,273.0
11439014,"ООО ""ВЕЛЕС-ТЕХ""",9710086224,МОСКВА,2021,0.0,-5586.0,-5586.0
11431618,"ООО ""ГЕРМЕС""",4632273779,КУРСКАЯ,2022,0.0,0.0,0.0
11431618,"ООО ""ГЕРМЕС""",4632273779,КУРСКАЯ,2021,8737.0,91.0,91.0
11431733,"ООО ""СТБ""",274960997,БАШКОРТОСТАН,2022,198305.0,35.0,26.0
11431733,"ООО ""СТБ""",274960997,БАШКОРТОСТАН,2021,339568.0,71.0,53.0
11432478,"ООО СК ""ВЕРТЭКС""",7801689603,САНКТ-ПЕТЕРБУРГ,2021,86798.0,175.0,131.0
11433139,"ООО ""ПУЛЬСАР""",1655446101,ТАТАРСТАН,2021,53413.0,8.0,6.0
11411636,"ООО ""КУРСКГАЗПРОМ""",4632272775,КУРСКАЯ,2021,1843.0,4.0,5.0
11413244,"ООО ""СПЕЦПОЖСТРОЙ""",274960274,БАШКОРТОСТАН,2021,0.0,0.0,0.0
11427581,"ООО ""ДЕКОРНН""",5260474386,НИЖЕГОРОДСКАЯ,2021,23650.0,27.0,20.0
11428493,"ООО ""СК-НЕВА""",7814781719,САНКТ-ПЕТЕРБУРГ,2021,0.0,0.0,0.0
11738127,"ООО ""СТАРВАТ""",9725069694,МОСКВА,2021,0.0,0.0,0.0
11738142,"ООО ""ПОРТЕР""",7727480602,МОСКВА,2021,0.0,0.0,0.0
11738385,"ООО ""СИРИУС""",6320062631,САМАРСКАЯ,2021,0.0,0.0,0.0
11738464,"ООО ""ЮПИТЕР""",6382087812,САМАРСКАЯ,2021,0.0,0.0,0.0
11738613,"ООО ""СК ПРОСТОР""",7100014680,ТУЛЬСКАЯ,2024,0.0,0.0,0.0
11738613,"ООО ""СК ПРОСТОР""",7100014680,ТУЛЬСКАЯ,2023,760.0,318.0,398.0
11738613,"ООО ""СК ПРОСТОР""",7100014680,ТУЛЬСКАЯ,2022,0.0,0.0,0.0
11738613,"ООО ""СК ПРОСТОР""",7100014680,ТУЛЬСКАЯ,2021,0.0,0.0,0.0
11738777,"ООО ""НОВАТОРСТВО""",2508141982,ПРИМОРСКИЙ,2021,0.0,0.0,0.0
11850637,"ООО ""ТЕХНО ПЛЮС""",9704138523,МОСКВА,2022,0.0,0.0,0.0
11850788,"ООО ""ШТУРМ-М""",9701206091,МОСКВА,2022,0.0,0.0,0.0
11852439,"ООО ""ФЛАЙ""",3661179257,ВОРОНЕЖСКАЯ,2022,1982.0,4.0,5.0
11852123,"ООО ""СТРОЙЛОГИЯ""",9718192626,МОСКВА,2022,0.0,0.0,0.0
11852664,"ООО ""ЗЕМСТРОЙ""",9725084068,МОСКВА,2023,0.0,-4527.0,-4527.0
11852664,"ООО ""ЗЕМСТРОЙ""",9725084068,МОСКВА,2022,0.0,-2625.0,-2625.0
11853472,"ООО ""ЕВРОЗИМСТРОЙПРОМГРУПП""",7734454473,МОСКВА,2022,0.0,0.0,0.0
11708478,"ООО ""ГРАНДСТРОЙ""",275926734,БАШКОРТОСТАН,2021,115422.0,49.0,37.0
11708592,"ООО ""ОРИОН ПЛЮС""",9721148592,МОСКВА,2021,30487.0,0.0,0.0
11709180,"ООО ""СТРОЙ ДОМ""",7743369538,МОСКВА,2022,17021.0,1249.0,1562.0
11709180,"ООО ""СТРОЙ ДОМ""",7743369538,МОСКВА,2021,0.0,0.0,0.0
11709209,"ООО ""ГРАНД""",9728050035,МОСКВА,2022,0.0,0.0,0.0
11709225,"ООО ""АРТ-КОНСТРУКЦИИ""",7743369584,МОСКВА,2022,340.0,-46.0,-46.0
11709459,"ООО ""АЛЬФА-КРОНОС""",6320061187,САМАРСКАЯ,2021,5174.0,20.0,23.0
11709530,"ООО ""СТРОЙТЕХДОМ""",9701188822,МОСКВА,2021,8905.0,0.0,0.0
11709681,"ООО ""СИМАНТИС""",9704098782,МОСКВА,2021,511.0,6.0,8.0
2716694,"АО ""АВАНГАРД-ИНВЕСТ""",7718200320,МОСКВА,2021,683.0,152.0,114.0
2680610,"ООО ""САХАЛИН-СТРОЙ""",6501197084,САХАЛИНСКАЯ,2022,0.0,-9.0,-9.0
2680610,"ООО ""САХАЛИН-СТРОЙ""",6501197084,САХАЛИНСКАЯ,2021,0.0,-1.0,-1.0
2682828,"ООО ""АЛЬФА""",4826063474,ЛИПЕЦКАЯ,2021,0.0,0.0,0.0
2725840,"ООО ""АЛЬЯНС ПРОФИ""",5905271616,ПЕРМСКИЙ,2023,0.0,0.0,0.0
2725840,"ООО ""АЛЬЯНС ПРОФИ""",5905271616,ПЕРМСКИЙ,2022,0.0,0.0,0.0
2725840,"ООО ""АЛЬЯНС ПРОФИ""",5905271616,ПЕРМСКИЙ,2021,48081.0,-1751.0,-2220.0
2725867,"ООО ""ДОРСЕРВИС""",5905271581,ПЕРМСКИЙ,2021,0.0,0.0,0.0
2281141,"ООО ""КРЕДО""",5310000105,НОВГОРОДСКАЯ,2021,0.0,0.0,0.0
2295725,"ООО ""ЭНЕРГО""",5402466672,НОВОСИБИРСКАЯ,2022,520.0,6.0,6.0
2295725,"ООО ""ЭНЕРГО""",5402466672,НОВОСИБИРСКАЯ,2021,754.0,0.0,0.0
2381572,"ООО ""ЦЕНТР""",7705626777,МОСКВА,2022,91.0,4.0,4.0
2381572,"ООО ""ЦЕНТР""",7705626777,МОСКВА,2021,328.0,8.0,6.0
2363119,"ООО ""СОЮЗСТРОЙ""",8602166583,Ханты-Мансийский Автономный округ - Югра,2022,0.0,0.0,0.0
2363119,"ООО ""СОЮЗСТРОЙ""",8602166583,Ханты-Мансийский Автономный округ - Югра,2021,0.0,0.0,0.0
2347033,"ООО ""ДЕКОР-ИНВЕСТ""",7814509079,САНКТ-ПЕТЕРБУРГ,2021,0.0,0.0,0.0
2351038,"ООО ""ИТН""",5445121810,НОВОСИБИРСКАЯ,2021,0.0,0.0,0.0
2258787,"ООО  ""ИНСЕКО ГРУПП""",5262268195,НИЖЕГОРОДСКАЯ,2022,148640.0,34841.0,25329.0
2258787,"ООО  ""ИНСЕКО ГРУПП""",5262268195,НИЖЕГОРОДСКАЯ,2021,316752.0,62715.0,46840.0
2405173,"ООО ""ХАРОН""",2002003018,ЧЕЧЕНСКАЯ,2021,0.0,0.0,0.0
2342785,"ООО ""ИНЖКОМГРУПП""",7724664760,МОСКВА,2022,13020.0,0.0,0.0
2379185,"ООО ""ТЕХНОСТРОЙИНВЕСТ""",7718233364,МОСКВА,2021,0.0,0.0,0.0
2380099,"ООО ""СТРОЙЭЛЕКТРО""",7840422988,САНКТ-ПЕТЕРБУРГ,2021,12235.0,13.0,31.0
2929813,"ООО ""КОМПАНИЯ МАКСИМ""",323354550,БУРЯТИЯ,2021,0.0,0.0,0.0
2933761,"ООО ""ЕВРОСАМСОН""",5024096558,МОСКОВСКАЯ,2021,0.0,0.0,0.0
2958533,"ООО ""ЭКО-СИНТЕЗ УРАЛ""",6659216034,СВЕРДЛОВСКАЯ,2021,0.0,0.0,0.0
2926196,"ООО ""ЭНЕРГОСБЕРЕГАЮЩИЕ ТЕХНОЛОГИИ""",7705934517,МОСКВА,2022,11394.0,38.0,28.0
2926196,"ООО ""ЭНЕРГОСБЕРЕГАЮЩИЕ ТЕХНОЛОГИИ""",7705934517,МОСКВА,2021,578.0,10.0,7.0
9920021,"ООО ""АСП""",2304070525,КРАСНОДАРСКИЙ,2024,0.0,-4887.0,-4887.0
9920021,"ООО ""АСП""",2304070525,КРАСНОДАРСКИЙ,2023,591120.0,31010.0,23205.0
9920021,"ООО ""АСП""",2304070525,КРАСНОДАРСКИЙ,2022,359975.0,32609.0,25046.0
9920021,"ООО ""АСП""",2304070525,КРАСНОДАРСКИЙ,2021,41417.0,-2974.0,-2974.0
2828854,"ООО ""ТРИОЛЬ""",2130079372,ЧУВАШСКАЯ РЕСПУБЛИКА -,2024,0.0,0.0,0.0
2828854,"ООО ""ТРИОЛЬ""",2130079372,ЧУВАШСКАЯ РЕСПУБЛИКА -,2023,0.0,0.0,0.0
2828854,"ООО ""ТРИОЛЬ""",2130079372,ЧУВАШСКАЯ РЕСПУБЛИКА -,2022,0.0,0.0,0.0
2828854,"ООО ""ТРИОЛЬ""",2130079372,ЧУВАШСКАЯ РЕСПУБЛИКА -,2021,0.0,0.0,0.0
11596409,"ООО ""ПОЛИСТРОЙ""",9724048797,МОСКВА,2024,30698.0,190.0,142.0
11596409,"ООО ""ПОЛИСТРОЙ""",9724048797,МОСКВА,2023,15999.0,19.0,19.0
11596409,"ООО ""ПОЛИСТРОЙ""",9724048797,МОСКВА,2022,0.0,0.0,0.0
11596409,"ООО ""ПОЛИСТРОЙ""",9724048797,МОСКВА,2021,0.0,0.0,0.0
11529087,"ООО ""СК ""ИЛЕРИ""",9104030454,КРЫМ,2024,0.0,0.0,0.0
11529087,"ООО ""СК ""ИЛЕРИ""",9104030454,КРЫМ,2023,34847.0,1188.0,1604.0
11529087,"ООО ""СК ""ИЛЕРИ""",9104030454,КРЫМ,2022,6053.0,514.0,644.0
11529087,"ООО ""СК ""ИЛЕРИ""",9104030454,КРЫМ,2021,0.0,-9.0,-9.0
11259791,"ООО ""МКМ-ГОСТ""",265049925,БАШКОРТОСТАН,2024,50460.0,1430.0,1787.0
11259791,"ООО ""МКМ-ГОСТ""",265049925,БАШКОРТОСТАН,2023,78692.0,5828.0,7291.0
11259791,"ООО ""МКМ-ГОСТ""",265049925,БАШКОРТОСТАН,2022,11149.0,235.0,298.0
11259791,"ООО ""МКМ-ГОСТ""",265049925,БАШКОРТОСТАН,2021,0.0,0.0,0.0
11700487,"ООО ""АТЛАНТА""",5257204990,НИЖЕГОРОДСКАЯ,2024,8633.0,-691.0,-674.0
11700487,"ООО ""АТЛАНТА""",5257204990,НИЖЕГОРОДСКАЯ,2023,10374.0,97.0,129.0
11700487,"ООО ""АТЛАНТА""",5257204990,НИЖЕГОРОДСКАЯ,2022,4283.0,50.0,80.0
11700487,"ООО ""АТЛАНТА""",5257204990,НИЖЕГОРОДСКАЯ,2021,0.0,0.0,0.0
11770604,"ООО ""МИКО""",9703071210,МОСКВА,2024,289012.0,12612.0,15765.0
11770604,"ООО ""МИКО""",9703071210,МОСКВА,2023,201100.0,183.0,208.0
11770604,"ООО ""МИКО""",9703071210,МОСКВА,2022,0.0,0.0,0.0
9726091,"ООО  ""ИЗУМРУД""",6311164884,САМАРСКАЯ,2024,0.0,0.0,0.0
9726091,"ООО  ""ИЗУМРУД""",6311164884,САМАРСКАЯ,2023,0.0,0.0,0.0
9726091,"ООО  ""ИЗУМРУД""",6311164884,САМАРСКАЯ,2022,0.0,0.0,0.0
9726091,"ООО  ""ИЗУМРУД""",6311164884,САМАРСКАЯ,2021,0.0,0.0,0.0
12060072,"ООО ""ЭЗА""",1500007711,ЛЕНИНГРАДСКАЯ,2024,0.0,0.0,0.0
12060072,"ООО ""ЭЗА""",1500007711,ЛЕНИНГРАДСКАЯ,2023,352.0,17.0,20.0
10640476,"ООО ""ОСНОВАНИЕ""",3702197466,ИВАНОВСКАЯ,2024,1162.0,-631.0,-656.0
10640476,"ООО ""ОСНОВАНИЕ""",3702197466,ИВАНОВСКАЯ,2023,6940.0,556.0,278.0
10640476,"ООО ""ОСНОВАНИЕ""",3702197466,ИВАНОВСКАЯ,2022,3395.0,500.0,296.0
10640476,"ООО ""ОСНОВАНИЕ""",3702197466,ИВАНОВСКАЯ,2021,4067.0,281.0,37.0
11247994,"ООО ""СТРОЙТРАНСДАР""",3525453790,ВОЛОГОДСКАЯ,2024,0.0,-272.0,-260.0
11247994,"ООО ""СТРОЙТРАНСДАР""",3525453790,ВОЛОГОДСКАЯ,2023,0.0,0.0,0.0
11247994,"ООО ""СТРОЙТРАНСДАР""",3525453790,ВОЛОГОДСКАЯ,2022,71.0,37.0,177.0
11247994,"ООО ""СТРОЙТРАНСДАР""",3525453790,ВОЛОГОДСКАЯ,2021,1304.0,-260.0,-202.0
12054726,"ООО ""НОВАЯ ВЫСОТА""",7730294564,МОСКВА,2024,0.0,0.0,0.0
12054726,"ООО ""НОВАЯ ВЫСОТА""",7730294564,МОСКВА,2023,18415.0,213.0,375.0
12054726,"ООО ""НОВАЯ ВЫСОТА""",7730294564,МОСКВА,2022,0.0,0.0,0.0
3903561,"ООО ""ТЕПЛОКОМПЛЕКТ""",5009049867,МОСКВА,2024,367350.0,-85145.0,-85080.0
3903561,"ООО ""ТЕПЛОКОМПЛЕКТ""",5009049867,МОСКВА,2023,54160.0,0.0,0.0
3903561,"ООО ""ТЕПЛОКОМПЛЕКТ""",5009049867,МОСКВА,2022,0.0,0.0,0.0
3903561,"ООО ""ТЕПЛОКОМПЛЕКТ""",5009049867,МОСКВА,2021,0.0,-181.0,-181.0
12400154,"ООО ""ДОМСТРОЙ ПОВОЛЖЬЕ""",2312325262,КРАСНОДАРСКИЙ,2024,0.0,-2.0,-2.0
1996665,"ООО ""ССК""",4713000924,ЛЕНИНГРАДСКАЯ,2024,0.0,-48.0,-48.0
1996665,"ООО ""ССК""",4713000924,ЛЕНИНГРАДСКАЯ,2023,0.0,-106.0,-106.0
1996665,"ООО ""ССК""",4713000924,ЛЕНИНГРАДСКАЯ,2022,0.0,-64.0,-64.0
1996665,"ООО ""ССК""",4713000924,ЛЕНИНГРАДСКАЯ,2021,455.0,21.0,21.0
3660512,"ООО ""СТРОЙ ГАРАНТ""",2364005619,КРАСНОДАРСКИЙ,2024,0.0,0.0,0.0
3660512,"ООО ""СТРОЙ ГАРАНТ""",2364005619,КРАСНОДАРСКИЙ,2023,0.0,0.0,0.0
3660512,"ООО ""СТРОЙ ГАРАНТ""",2364005619,КРАСНОДАРСКИЙ,2022,0.0,0.0,0.0
3660512,"ООО ""СТРОЙ ГАРАНТ""",2364005619,КРАСНОДАРСКИЙ,2021,0.0,0.0,0.0
11220502,"ООО ""КАПИТАЛИНВЕСТ""",1660339810,ТАТАРСТАН,2024,5639.0,-19891.0,-18321.0
11220502,"ООО ""КАПИТАЛИНВЕСТ""",1660339810,ТАТАРСТАН,2023,12126.0,-28001.0,-29145.0
11220502,"ООО ""КАПИТАЛИНВЕСТ""",1660339810,ТАТАРСТАН,2022,38973.0,1449.0,1069.0
11220502,"ООО ""КАПИТАЛИНВЕСТ""",1660339810,ТАТАРСТАН,2021,29995.0,4095.0,3778.0
11080993,"ООО ""БИЛДИКС""",5049024587,МОСКОВСКАЯ,2024,10151.0,444.0,333.0
11080993,"ООО ""БИЛДИКС""",5049024587,МОСКОВСКАЯ,2023,0.0,0.0,0.0
11080993,"ООО ""БИЛДИКС""",5049024587,МОСКОВСКАЯ,2022,1200.0,2.0,0.0
12419574,"ООО ""ПКР""",5074087541,МОСКОВСКАЯ,2024,319.0,-10133.0,-10133.0
12448736,"ООО ""САД СТРОЙ""",4253056386,КЕМЕРОВСКАЯ ОБЛАСТЬ - КУЗБАСС,2024,2435.0,11.0,11.0
11543904,"ООО ""ДЕЛЬТА""",7839138059,САНКТ-ПЕТЕРБУРГ,2021,5376.0,14.0,17.0
11543975,"ООО ""ДРИАДА""",7707450021,МОСКВА,2021,12471.0,48.0,48.0
11544456,"ООО ""ВМ-РЕМСТРОЙ""",2373019544,КРАСНОДАРСКИЙ,2023,0.0,0.0,0.0
11544456,"ООО ""ВМ-РЕМСТРОЙ""",2373019544,КРАСНОДАРСКИЙ,2021,372.0,117.0,244.0
11544948,"ООО ""ЛЕО-СТРОЙ""",7801696350,САНКТ-ПЕТЕРБУРГ,2021,0.0,0.0,0.0
11544955,"ООО ""М-ИНВЕСТ""",6324118317,САМАРСКАЯ,2022,0.0,0.0,0.0
11544955,"ООО ""М-ИНВЕСТ""",6324118317,САМАРСКАЯ,2021,0.0,-85.0,-85.0
11585250,"ООО ""БОРТ-ИК""",9703034200,МОСКВА,2021,0.0,0.0,0.0
11585437,"ООО ""СПЕКТР""",5256195608,НИЖЕГОРОДСКАЯ,2021,23014.0,11.0,9.0
11585508,"ООО ""ПРЕСТИЖ""",2312300814,КРАСНОДАРСКИЙ,2021,13694.0,3.0,3.0
11586194,"ГСК ""АЛУПКА""",9103096847,КРЫМ,2023,0.0,-8.0,-8.0
11586194,"ГСК ""АЛУПКА""",9103096847,КРЫМ,2022,0.0,54.0,54.0
11586854,"ООО ""АТЛАНТ-ВДК""",2540260960,ПРИМОРСКИЙ,2021,0.0,0.0,0.0
11586963,"ООО ""ЧЕРКЕС-ГРУПП""",7734442735,МОСКВА,2024,0.0,0.0,0.0
11592502,"ООО ""АИДНЕДВИЖИМОСТЬ""",9706016070,МОСКВА,2023,0.0,0.0,0.0
11592502,"ООО ""АИДНЕДВИЖИМОСТЬ""",9706016070,МОСКВА,2022,0.0,0.0,0.0
11592502,"ООО ""АИДНЕДВИЖИМОСТЬ""",9706016070,МОСКВА,2021,0.0,0.0,0.0
11592737,"ООО ""КОМПЛЕКТ-СТРОЙ""",9704065836,МОСКВА,2021,7564.0,40.0,30.0
11593052,"ООО ""СТРОЙГРАД48""",4826148262,ЛИПЕЦКАЯ,2021,3806.0,89.0,67.0
11593816,"ООО ""СК РУНА""",9102273885,КРЫМ,2021,10287.0,-1676.0,-1676.0
11593898,"ООО ""ПСК ""ЧЕБСТР""",9721129952,МОСКВА,2021,0.0,0.0,0.0
11593980,"ООО ""ПОЛЕМИСТ""",6319253335,САМАРСКАЯ,2021,0.0,0.0,0.0
11594278,"ООО ""ЛИДЕРСТРОЙ""",4826148304,ЛИПЕЦКАЯ,2021,3499.0,78.0,58.0
11608540,"ООО ""ТГ""",9725052595,МОСКВА,2021,884.0,35.0,117.0
5532451,"ООО ""ЭКОСВЕТ-ДОН""",6140025768,РОСТОВСКАЯ,2022,36282.0,3339.0,4174.0
5532451,"ООО ""ЭКОСВЕТ-ДОН""",6140025768,РОСТОВСКАЯ,2021,38628.0,892.0,1130.0
12538574,"ООО ""ВИСТЕЙН""",7810965320,САНКТ-ПЕТЕРБУРГ,2024,0.0,-219.0,-219.0
12148209,"ООО ""РЕЕЛ-ТОРГ24""",6685209957,СВЕРДЛОВСКАЯ,2023,0.0,0.0,0.0
11071777,"ООО ""АФИНА""",6671097055,СВЕРДЛОВСКАЯ,2024,0.0,0.0,0.0
11071777,"ООО ""АФИНА""",6671097055,СВЕРДЛОВСКАЯ,2023,0.0,0.0,0.0
11071777,"ООО ""АФИНА""",6671097055,СВЕРДЛОВСКАЯ,2021,0.0,-39.0,-39.0
8013107,"ООО ""СТРОЙЭКОТОРГ-М""",2014008490,ЧЕЧЕНСКАЯ,2024,86330.0,313.0,235.0
8013107,"ООО ""СТРОЙЭКОТОРГ-М""",2014008490,ЧЕЧЕНСКАЯ,2023,118085.0,207.0,155.0
8013107,"ООО ""СТРОЙЭКОТОРГ-М""",2014008490,ЧЕЧЕНСКАЯ,2022,126938.0,4.0,3.0
8013107,"ООО ""СТРОЙЭКОТОРГ-М""",2014008490,ЧЕЧЕНСКАЯ,2021,45995.0,31.0,23.0
12467027,"ООО ""АВИДИС""",274987798,БАШКОРТОСТАН,2024,151697.0,29.0,37.0
3166455,"ООО ""СКС-ПВХ""",1901097127,ХАКАСИЯ,2021,864.0,-5228.0,-5219.0
10231205,"ООО ""ЛИДЕРСТРОЙСНАБ""",1660294013,ТАТАРСТАН,2024,20079.0,283.0,1357.0
10231205,"ООО ""ЛИДЕРСТРОЙСНАБ""",1660294013,ТАТАРСТАН,2023,59287.0,332.0,424.0
10231205,"ООО ""ЛИДЕРСТРОЙСНАБ""",1660294013,ТАТАРСТАН,2022,53907.0,1019.0,1135.0
10231205,"ООО ""ЛИДЕРСТРОЙСНАБ""",1660294013,ТАТАРСТАН,2021,25233.0,494.0,617.0
478174,"ООО ""ФОРТ""",3808170665,ИРКУТСКАЯ,2022,0.0,-1.0,-1.0
478174,"ООО ""ФОРТ""",3808170665,ИРКУТСКАЯ,2021,1336.0,170.0,186.0
11855479,"ООО ""СПЕЦСТРОЙ-МСК""",9701206863,МОСКВА,2024,139276.0,6182.0,6182.0
11855479,"ООО ""СПЕЦСТРОЙ-МСК""",9701206863,МОСКВА,2023,5787.0,284.0,213.0
11855479,"ООО ""СПЕЦСТРОЙ-МСК""",9701206863,МОСКВА,2022,7583.0,541.0,406.0
11953383,"ООО ""КЕДР""",7743393361,МОСКВА,2023,33110.0,10.0,7.0
9832305,"ООО ""САРМАТ""",265043458,БАШКОРТОСТАН,2022,4566.0,7.0,5.0
9832305,"ООО ""САРМАТ""",265043458,БАШКОРТОСТАН,2021,14239.0,56.0,42.0
10952290,"ООО ""ЗИС""",9102253254,КРЫМ,2024,1667.0,-6560.0,-6560.0
10952290,"ООО ""ЗИС""",9102253254,КРЫМ,2023,0.0,-10.0,-10.0
10952290,"ООО ""ЗИС""",9102253254,КРЫМ,2022,667.0,-596.0,-596.0
10952290,"ООО ""ЗИС""",9102253254,КРЫМ,2021,5489.0,1269.0,1588.0
9785378,"ООО ""ИНДИ ХАУС""",3906989950,КАЛИНИНГРАДСКАЯ,2024,1121.0,-356.0,-356.0
9785378,"ООО ""ИНДИ ХАУС""",3906989950,КАЛИНИНГРАДСКАЯ,2023,0.0,-42.0,-42.0
9785378,"ООО ""ИНДИ ХАУС""",3906989950,КАЛИНИНГРАДСКАЯ,2022,1133.0,8.0,8.0
9785378,"ООО ""ИНДИ ХАУС""",3906989950,КАЛИНИНГРАДСКАЯ,2021,714.0,156.0,228.0
11326783,"ООО ""ТК ПИРОС""",7810795319,САНКТ-ПЕТЕРБУРГ,2023,14918.0,460.0,598.0
11326783,"ООО ""ТК ПИРОС""",7810795319,САНКТ-ПЕТЕРБУРГ,2022,16624.0,-296.0,-141.0
11326783,"ООО ""ТК ПИРОС""",7810795319,САНКТ-ПЕТЕРБУРГ,2021,32995.0,917.0,1303.0
11148891,"ООО ""РУСИЧ - ДОМОДЕДОВО""",9715364690,МОСКВА,2024,0.0,2.0,4.0
11148891,"ООО ""РУСИЧ - ДОМОДЕДОВО""",9715364690,МОСКВА,2023,0.0,-4278.0,-1739.0
11148891,"ООО ""РУСИЧ - ДОМОДЕДОВО""",9715364690,МОСКВА,2022,0.0,-9406.0,13012.0
11148891,"ООО ""РУСИЧ - ДОМОДЕДОВО""",9715364690,МОСКВА,2021,0.0,753.0,6574.0
8020126,"ООО ""МЕДВЕЖКА""",6511005458,САХАЛИНСКАЯ,2022,0.0,0.0,0.0
8020126,"ООО ""МЕДВЕЖКА""",6511005458,САХАЛИНСКАЯ,2021,0.0,-610.0,-610.0
10963193,"ООО ""РУСАЛИМ""",726022011,КАБАРДИНО-БАЛКАРСКАЯ,2024,191.0,145.0,137.0
10963193,"ООО ""РУСАЛИМ""",726022011,КАБАРДИНО-БАЛКАРСКАЯ,2023,239.0,143.0,143.0
10963193,"ООО ""РУСАЛИМ""",726022011,КАБАРДИНО-БАЛКАРСКАЯ,2022,4210.0,1626.0,1626.0
10963193,"ООО ""РУСАЛИМ""",726022011,КАБАРДИНО-БАЛКАРСКАЯ,2021,2349.0,237.0,237.0
9565593,"ООО ""РСК""",6950044889,ТВЕРСКАЯ,2023,0.0,0.0,0.0
9565593,"ООО ""РСК""",6950044889,ТВЕРСКАЯ,2022,0.0,0.0,0.0
9565593,"ООО ""РСК""",6950044889,ТВЕРСКАЯ,2021,0.0,0.0,0.0
9841994,"ООО ""ТТСК ВЕКТОР""",2508127385,ПРИМОРСКИЙ,2022,0.0,-140.0,-140.0
9841994,"ООО ""ТТСК ВЕКТОР""",2508127385,ПРИМОРСКИЙ,2021,0.0,-1350.0,-1350.0
2090891,"ООО ""ЛИДЕР-СТРОЙ""",5040113419,МОСКОВСКАЯ,2021,70998.0,89.0,67.0
2148110,"ООО ""УНИСТРОЙ""",269030467,БАШКОРТОСТАН,2023,0.0,-124.0,-124.0
2148110,"ООО ""УНИСТРОЙ""",269030467,БАШКОРТОСТАН,2022,1142.0,-21.0,-20.0
2148110,"ООО ""УНИСТРОЙ""",269030467,БАШКОРТОСТАН,2021,0.0,-55.0,-55.0
2151554,"ООО ПК ""РУССКИЙ МИР""",3444152900,ВОЛГОГРАДСКАЯ,2022,0.0,0.0,0.0
2151554,"ООО ПК ""РУССКИЙ МИР""",3444152900,ВОЛГОГРАДСКАЯ,2021,0.0,0.0,0.0
2138195,"ООО ""МОНОЛИТСТРОЙ""",7805561107,САНКТ-ПЕТЕРБУРГ,2021,26323.0,822.0,1156.0
2106913,"ООО  ""ДЕВЕЛОПМЕНТ - СЗ""",5902885209,ПЕРМСКИЙ,2023,2464.0,593.0,682.0
2106913,"ООО  ""ДЕВЕЛОПМЕНТ - СЗ""",5902885209,ПЕРМСКИЙ,2022,2556.0,56.0,45.0
2106913,"ООО  ""ДЕВЕЛОПМЕНТ - СЗ""",5902885209,ПЕРМСКИЙ,2021,2600.0,93.0,99.0
2039056,"ООО ""СК-СТРАТЕГИЯ""",7707777122,МОСКВА,2021,3152.0,-265.0,-233.0
2005072,"ООО ""ИСК ""ИНТЕР-СТРОЙ""",7814388346,САНКТ-ПЕТЕРБУРГ,2022,0.0,0.0,0.0
2005072,"ООО ""ИСК ""ИНТЕР-СТРОЙ""",7814388346,САНКТ-ПЕТЕРБУРГ,2021,36390.0,-9198.0,-8280.0
2047048,"ООО  ""ФОРТУНА""",7603025960,ЯРОСЛАВСКАЯ,2021,0.0,0.0,0.0
1982209,"ООО ""ГАРАНТ СИСТЕМ""",3255506335,МОСКВА,2022,0.0,0.0,0.0
1982209,"ООО ""ГАРАНТ СИСТЕМ""",3255506335,МОСКВА,2021,120223.0,276.0,512.0
2026513,"ООО ""МОДУЛЬАРТ""",7103505172,МОСКВА,2024,16519.0,18.0,13.0
2026513,"ООО ""МОДУЛЬАРТ""",7103505172,МОСКВА,2023,97125.0,6033.0,4525.0
2026513,"ООО ""МОДУЛЬАРТ""",7103505172,МОСКВА,2021,0.0,0.0,0.0
2077347,"ООО ""ФОНЕКАРД""",7723824690,МОСКВА,2023,9809.0,173.0,246.0
2077347,"ООО ""ФОНЕКАРД""",7723824690,МОСКВА,2022,15137.0,-299.0,-283.0
2077347,"ООО ""ФОНЕКАРД""",7723824690,МОСКВА,2021,22214.0,324.0,507.0
2308754,"ООО ""РЕСУРСЫ ПАРТНЕРОВ""",7743533227,МОСКВА,2022,34184.0,802.0,1003.0
2308754,"ООО ""РЕСУРСЫ ПАРТНЕРОВ""",7743533227,МОСКВА,2021,5350.0,250.0,312.0
12338231,"ООО ""НИЦ ""ЭКСПЕРТ""",7814831945,САНКТ-ПЕТЕРБУРГ,2024,0.0,0.0,0.0
12338231,"ООО ""НИЦ ""ЭКСПЕРТ""",7814831945,САНКТ-ПЕТЕРБУРГ,2023,0.0,0.0,0.0
12339400,"ООО ""НТЦ ""ЭКСПЕРТ""",7814831984,САНКТ-ПЕТЕРБУРГ,2024,0.0,0.0,0.0
12339400,"ООО ""НТЦ ""ЭКСПЕРТ""",7814831984,САНКТ-ПЕТЕРБУРГ,2023,0.0,0.0,0.0
12080194,"ООО ""СТРОЙ-ПЛЮС""",700007805,КАБАРДИНО-БАЛКАРСКАЯ,2023,0.0,0.0,0.0
12083002,"ООО ""СТРОЙЭКСПЕРТ+""",7300014769,УЛЬЯНОВСКАЯ,2023,0.0,0.0,0.0
12083561,"ООО ""ЛОС АЛУШТОС""",9103101053,КРЫМ,2024,312.0,0.0,0.0
12083561,"ООО ""ЛОС АЛУШТОС""",9103101053,КРЫМ,2023,1757.0,68.0,85.0
12083743,"ООО ""ТЕПЛОДОМ""",2015009803,ЧЕЧЕНСКАЯ,2023,0.0,0.0,0.0
12083932,"ООО ""ИГЛЕКТ""",9725111635,МОСКВА,2023,0.0,-52252.0,-50971.0
12085278,"ООО ""ГРАД""",1686023603,ТАТАРСТАН,2023,1687.0,12.0,15.0
6615858,"ООО ""ИМО""",7716571199,САНКТ-ПЕТЕРБУРГ,2022,0.0,0.0,0.0
6615858,"ООО ""ИМО""",7716571199,САНКТ-ПЕТЕРБУРГ,2021,0.0,0.0,0.0
6289516,"ООО ""АВАНГАРД-СТРОЙСЕРВИС""",6432011233,САРАТОВСКАЯ,2023,0.0,0.0,0.0
6289516,"ООО ""АВАНГАРД-СТРОЙСЕРВИС""",6432011233,САРАТОВСКАЯ,2022,0.0,0.0,0.0
6289516,"ООО ""АВАНГАРД-СТРОЙСЕРВИС""",6432011233,САРАТОВСКАЯ,2021,0.0,0.0,0.0
9836440,"ЖСК ""КЕРЕПЕТЬ-М""",7017405784,ТОМСКАЯ,2023,0.0,0.0,0.0
9836440,"ЖСК ""КЕРЕПЕТЬ-М""",7017405784,ТОМСКАЯ,2022,0.0,0.0,0.0
9836440,"ЖСК ""КЕРЕПЕТЬ-М""",7017405784,ТОМСКАЯ,2021,0.0,0.0,0.0
7815600,"ООО ""СЗ""ТГ СТРОЙ""",3906291040,КАЛИНИНГРАДСКАЯ,2023,0.0,-184.0,-184.0
7815600,"ООО ""СЗ""ТГ СТРОЙ""",3906291040,КАЛИНИНГРАДСКАЯ,2022,0.0,183.0,183.0
7815600,"ООО ""СЗ""ТГ СТРОЙ""",3906291040,КАЛИНИНГРАДСКАЯ,2021,0.0,0.0,0.0
9113097,"ООО СК ""КОНТИНЕНТ""",6671006315,СВЕРДЛОВСКАЯ,2022,0.0,-360.0,-360.0
7762317,"ООО ""МОНОЛИТ-42""",4205260751,КЕМЕРОВСКАЯ ОБЛАСТЬ - КУЗБАСС,2024,0.0,-108.0,-108.0
7762317,"ООО ""МОНОЛИТ-42""",4205260751,КЕМЕРОВСКАЯ ОБЛАСТЬ - КУЗБАСС,2023,73438.0,-591.0,-591.0
7762317,"ООО ""МОНОЛИТ-42""",4205260751,КЕМЕРОВСКАЯ ОБЛАСТЬ - КУЗБАСС,2022,167585.0,292.0,292.0
7762317,"ООО ""МОНОЛИТ-42""",4205260751,КЕМЕРОВСКАЯ ОБЛАСТЬ - КУЗБАСС,2021,140283.0,64.0,64.0
5744094,"ООО ""СУ-4""",4210000406,КЕМЕРОВСКАЯ ОБЛАСТЬ - КУЗБАСС,2024,0.0,-12.0,-12.0
5744094,"ООО ""СУ-4""",4210000406,КЕМЕРОВСКАЯ ОБЛАСТЬ - КУЗБАСС,2023,2183.0,-7939.0,-7950.0
5744094,"ООО ""СУ-4""",4210000406,КЕМЕРОВСКАЯ ОБЛАСТЬ - КУЗБАСС,2022,3913.0,-592.0,-600.0
5744094,"ООО ""СУ-4""",4210000406,КЕМЕРОВСКАЯ ОБЛАСТЬ - КУЗБАСС,2021,29016.0,-270.0,-280.0
8061437,"ООО ""ОРАНЖЕВЫЙ ДОМ""",7804515242,САНКТ-ПЕТЕРБУРГ,2022,22727.0,11.0,8.0
8061437,"ООО ""ОРАНЖЕВЫЙ ДОМ""",7804515242,САНКТ-ПЕТЕРБУРГ,2021,140.0,101.0,101.0
9254181,"ООО ""СТРОЙКОНСАЛТИНГ""",8911007943,ЯМАЛО-НЕНЕЦКИЙ,2022,6061.0,-12132.0,-11974.0
9254181,"ООО ""СТРОЙКОНСАЛТИНГ""",8911007943,ЯМАЛО-НЕНЕЦКИЙ,2021,12648.0,2502.0,2629.0
10644755,"ООО ""ПЛАНЕТ ЭКСПРЕСС""",7728424618,МОСКВА,2024,159488.0,1567.0,1235.0
10644755,"ООО ""ПЛАНЕТ ЭКСПРЕСС""",7728424618,МОСКВА,2023,64458.0,1480.0,1150.0
10644755,"ООО ""ПЛАНЕТ ЭКСПРЕСС""",7728424618,МОСКВА,2022,38267.0,690.0,518.0
10644755,"ООО ""ПЛАНЕТ ЭКСПРЕСС""",7728424618,МОСКВА,2021,2572.0,49.0,8.0
11831107,"ООО ""ОБРАЗ ДОМА""",5405072531,НОВОСИБИРСКАЯ,2023,3050.0,178.0,210.0
11831107,"ООО ""ОБРАЗ ДОМА""",5405072531,НОВОСИБИРСКАЯ,2022,1050.0,64.0,76.0
11537257,"ООО ""СТРОЙГРАД""",5260476714,НИЖЕГОРОДСКАЯ,2023,6379.0,460.0,577.0
11537257,"ООО ""СТРОЙГРАД""",5260476714,НИЖЕГОРОДСКАЯ,2022,8984.0,854.0,957.0
11537257,"ООО ""СТРОЙГРАД""",5260476714,НИЖЕГОРОДСКАЯ,2021,4709.0,1043.0,1227.0
12054705,"ООО ""ОЛИМП""",7203548726,ТЮМЕНСКАЯ,2023,0.0,0.0,0.0
12054705,"ООО ""ОЛИМП""",7203548726,ТЮМЕНСКАЯ,2022,7639.0,26.0,30.0
8912121,"ООО ""СУПЕРСТРОЙ""",7722860054,МОСКВА,2023,4381.0,650.0,676.0
8912121,"ООО ""СУПЕРСТРОЙ""",7722860054,МОСКВА,2022,83.0,2.0,5.0
8912121,"ООО ""СУПЕРСТРОЙ""",7722860054,МОСКВА,2021,0.0,0.0,0.0
717530,"ООО ""ПИР-СТРОЙ""",7726659974,МОСКВА,2024,247108.0,5.0,7.0
717530,"ООО ""ПИР-СТРОЙ""",7726659974,МОСКВА,2022,599604.0,5996.0,4416.0
717530,"ООО ""ПИР-СТРОЙ""",7726659974,МОСКВА,2021,1470.0,9.0,-34.0
4734282,"ООО ""ГИК""",7723599766,МОСКВА,2024,462134.0,2338.0,1870.0
4734282,"ООО ""ГИК""",7723599766,МОСКВА,2023,372803.0,27.0,27.0
4734282,"ООО ""ГИК""",7723599766,МОСКВА,2022,390000.0,2200.0,2200.0
4734282,"ООО ""ГИК""",7723599766,МОСКВА,2021,0.0,0.0,0.0
12359812,"ООО ""ЯРКОЕ НАЧАЛО""",9707023231,МОСКВА,2024,659584.0,155.0,124.0
6545736,"ООО ФСК ""ВЕНТСПЕЦСТРОЙ""",7737509811,МОСКВА,2021,5494.0,64.0,91.0
12515765,"ООО ""ЛОГОТРАНС""",6658574911,СВЕРДЛОВСКАЯ,2024,0.0,-361.0,-129.0
9461275,"ООО ""БКС ПОЛИМЕР""",5031117939,МОСКОВСКАЯ,2022,25562.0,547.0,716.0
9461275,"ООО ""БКС ПОЛИМЕР""",5031117939,МОСКОВСКАЯ,2021,0.0,-60.0,-60.0
9489320,"ООО ""СИЛЬФИУМ""",7713406895,МОСКВА,2024,309280.0,815.0,612.0
9489320,"ООО ""СИЛЬФИУМ""",7713406895,МОСКВА,2023,122509.0,1597.0,1198.0
9489320,"ООО ""СИЛЬФИУМ""",7713406895,МОСКВА,2022,350319.0,30314.0,22736.0
9489320,"ООО ""СИЛЬФИУМ""",7713406895,МОСКВА,2021,189700.0,4960.0,3720.0
780420,"ООО ""ЭНЕРГОСТРОЙПРОЕКТ""",7810006934,САНКТ-ПЕТЕРБУРГ,2024,1462551.0,16001.0,20001.0
780420,"ООО ""ЭНЕРГОСТРОЙПРОЕКТ""",7810006934,САНКТ-ПЕТЕРБУРГ,2023,1368217.0,16732.0,21112.0
780420,"ООО ""ЭНЕРГОСТРОЙПРОЕКТ""",7810006934,САНКТ-ПЕТЕРБУРГ,2022,1122512.0,12822.0,16031.0
780420,"ООО ""ЭНЕРГОСТРОЙПРОЕКТ""",7810006934,САНКТ-ПЕТЕРБУРГ,2021,964129.0,7710.0,9652.0
9013353,"ООО ""ТИТАН""",7714324469,МОСКВА,2024,453869.0,-54562.0,-49318.0
9013353,"ООО ""ТИТАН""",7714324469,МОСКВА,2023,769642.0,17318.0,22215.0
9013353,"ООО ""ТИТАН""",7714324469,МОСКВА,2022,432175.0,8825.0,11192.0
9013353,"ООО ""ТИТАН""",7714324469,МОСКВА,2021,60912.0,-9858.0,-8512.0
11112637,"ООО ""ПСЭ""",1655422340,МОСКВА,2024,61606.0,2328.0,4777.0
11112637,"ООО ""ПСЭ""",1655422340,МОСКВА,2023,140296.0,1053.0,1462.0
11112637,"ООО ""ПСЭ""",1655422340,МОСКВА,2022,56109.0,1081.0,1372.0
11112637,"ООО ""ПСЭ""",1655422340,МОСКВА,2021,81410.0,555.0,724.0
5087034,"ООО ""ЮРУМ""",7106519180,МОСКВА,2022,0.0,0.0,0.0
5087034,"ООО ""ЮРУМ""",7106519180,МОСКВА,2021,0.0,0.0,0.0
12388444,"ООО ""ОПТИМУМХАУС МСК""",9715474502,МОСКВА,2024,0.0,-14.0,-14.0
10219126,"ООО ""БАЛУ""",9729081678,МОСКВА,2023,0.0,0.0,0.0
10219126,"ООО ""БАЛУ""",9729081678,МОСКВА,2022,0.0,0.0,0.0
10981081,"ООО ""МОЖАЙСКСТРОЙ""",5028035820,МОСКОВСКАЯ,2021,0.0,-24.0,-30.0
10539061,"ООО ""АНТАР""",5229011932,НИЖЕГОРОДСКАЯ,2021,0.0,-78.0,-73.0
8401104,"ООО ""ВИТАКОНСАЛТСТРОЙ""",7713785347,МОСКВА,2021,0.0,0.0,0.0
8403321,"ООО ""СТРОЙПРОМСЕРВИС""",2625802072,СТАВРОПОЛЬСКИЙ,2021,0.0,0.0,0.0
8403340,"ООО ""СМУ 18""",2630804244,СТАВРОПОЛЬСКИЙ,2021,8179.0,-163.0,96.0
8501513,"ООО ""СЗ ""ГОРОД-ЖСИ""",278211212,БАШКОРТОСТАН,2023,14734.0,-8226.0,-9703.0
8501513,"ООО ""СЗ ""ГОРОД-ЖСИ""",278211212,БАШКОРТОСТАН,2022,1011.0,-7709.0,-7731.0
8501513,"ООО ""СЗ ""ГОРОД-ЖСИ""",278211212,БАШКОРТОСТАН,2021,85350.0,52115.0,80880.0
8502030,"ООО ""ДСО ""КАНОН""",6324049751,САМАРСКАЯ,2021,0.0,0.0,0.0
8495581,"ООО ""АЛЬФАБЛАГОВЕСТ""",7451371385,ЧЕЛЯБИНСКАЯ,2022,0.0,0.0,0.0
8495581,"ООО ""АЛЬФАБЛАГОВЕСТ""",7451371385,ЧЕЛЯБИНСКАЯ,2021,0.0,0.0,0.0
8498108,"ООО ""СТРОЙЭКСПРЕСС""",7735601515,МОСКВА,2021,0.0,0.0,0.0
8498333,"ООО ""ГРАДЕЖ""",4018010617,КАЛУЖСКАЯ,2023,0.0,0.0,0.0
8498333,"ООО ""ГРАДЕЖ""",4018010617,КАЛУЖСКАЯ,2021,1308.0,187.0,234.0
8492196,"ООО ""ИНЖСЕТЬСТРОЙ""",7707832415,МОСКВА,2022,23248.0,161.0,121.0
8492196,"ООО ""ИНЖСЕТЬСТРОЙ""",7707832415,МОСКВА,2021,195947.0,1876.0,1407.0
8493642,"ООО ВО ""ЭКСПО-ЛЮКС""",5029184960,МОСКОВСКАЯ,2024,6486.0,29.0,36.0
8493642,"ООО ВО ""ЭКСПО-ЛЮКС""",5029184960,МОСКОВСКАЯ,2023,1426.0,16.0,20.0
8493642,"ООО ВО ""ЭКСПО-ЛЮКС""",5029184960,МОСКОВСКАЯ,2022,25.0,0.0,0.0
8493642,"ООО ВО ""ЭКСПО-ЛЮКС""",5029184960,МОСКОВСКАЯ,2021,0.0,0.0,0.0
8458660,"ООО ""ТЕХНОСПУТНИК""",7725824495,МОСКВА,2022,279.0,241.0,304.0
8458660,"ООО ""ТЕХНОСПУТНИК""",7725824495,МОСКВА,2021,1561.0,-7303.0,-7303.0
8462696,"ООО ""СПЕЦСТРОЙМОНТАЖ""",7701391595,МОСКВА,2022,0.0,0.0,0.0
8462696,"ООО ""СПЕЦСТРОЙМОНТАЖ""",7701391595,МОСКВА,2021,0.0,0.0,0.0
8513021,"ЖСК ""РЕГИОНСТРОЙ""",571003750,ДАГЕСТАН,2021,0.0,0.0,0.0
8514919,"ООО ""ДСА""",7202261230,ТЮМЕНСКАЯ,2021,0.0,0.0,0.0
8515424,"МУП ""КАПИТАЛЬНОЕ СТРОИТЕЛЬСТВО""",6449073460,САРАТОВСКАЯ,2022,1503.0,-926.0,-868.0
8515424,"МУП ""КАПИТАЛЬНОЕ СТРОИТЕЛЬСТВО""",6449073460,САРАТОВСКАЯ,2021,2708.0,0.0,83.0
8505151,"ЖСК ""СВЕРДЛОВСКИЙ""",277136160,БАШКОРТОСТАН,2022,0.0,0.0,0.0
8505151,"ЖСК ""СВЕРДЛОВСКИЙ""",277136160,БАШКОРТОСТАН,2021,0.0,9.0,9.0
8507414,"ООО ""УРЕНЬСТРОЙ""",5235007571,НИЖЕГОРОДСКАЯ,2022,181.0,45.0,45.0
8507414,"ООО ""УРЕНЬСТРОЙ""",5235007571,НИЖЕГОРОДСКАЯ,2021,2767.0,553.0,553.0
8511045,"ООО ""МАГИСТРАЛЬ""",6509022745,САХАЛИНСКАЯ,2024,0.0,0.0,0.0
8511045,"ООО ""МАГИСТРАЛЬ""",6509022745,САХАЛИНСКАЯ,2023,0.0,0.0,0.0
8511045,"ООО ""МАГИСТРАЛЬ""",6509022745,САХАЛИНСКАЯ,2022,0.0,0.0,0.0
8511045,"ООО ""МАГИСТРАЛЬ""",6509022745,САХАЛИНСКАЯ,2021,1968.0,56.0,84.0
8521034,"ООО ""ЭТАЛОН""",2635829877,СТАВРОПОЛЬСКИЙ,2021,0.0,0.0,0.0
8546357,"ООО ""СТРОЙАСПЕКТ""",5040131055,МОСКОВСКАЯ,2022,0.0,0.0,0.0
8546357,"ООО ""СТРОЙАСПЕКТ""",5040131055,МОСКОВСКАЯ,2021,0.0,0.0,0.0
11572733,"ООО ""ФЕЛИКС""",7743359378,МОСКВА,2021,24501.0,0.0,0.0
11573440,"ООО ""ОМИКРОН""",9704061140,МОСКВА,2021,16783.0,111.0,83.0
11582573,"ООО ""СБЫТ-С""",7448233025,ЧЕЛЯБИНСКАЯ,2021,0.0,0.0,0.0
11582690,"ООО ""ТАЙКАН""",1840104293,УДМУРТСКАЯ,2021,35669.0,19.0,24.0
11583413,"ООО ""КОРПОРАЦИЯ""",9704063420,МОСКВА,2021,0.0,0.0,0.0
11583465,"ООО ""КМК""",2308279013,КРАСНОДАРСКИЙ,2021,0.0,-131.0,-131.0
11583740,"ООО ""СТАРТРЕМ-ГРУПП""",9724046736,МОСКВА,2021,9761.0,27.0,27.0
11576839,"ООО ""ОРИОН""",7733368302,МОСКВА,2022,33481.0,48.0,36.0
11576839,"ООО ""ОРИОН""",7733368302,МОСКВА,2021,5184.0,2.0,1.0
11576480,"ООО ""СТРОЙ СЕРВИС""",6317153092,САМАРСКАЯ,2022,47091.0,120.0,90.0
11576480,"ООО ""СТРОЙ СЕРВИС""",6317153092,САМАРСКАЯ,2021,27304.0,228.0,171.0
11576630,"ООО ""МУСА""",9723115264,МОСКВА,2021,14445.0,30.0,38.0
11577262,"ООО ""СТРОИТЕЛЬНАЯ КОМПАНИЯ""",4345510257,КИРОВСКАЯ,2024,9257.0,9250.0,9250.0
11577262,"ООО ""СТРОИТЕЛЬНАЯ КОМПАНИЯ""",4345510257,КИРОВСКАЯ,2023,15594.0,-567.0,-567.0
11577262,"ООО ""СТРОИТЕЛЬНАЯ КОМПАНИЯ""",4345510257,КИРОВСКАЯ,2022,0.0,0.0,0.0
11577262,"ООО ""СТРОИТЕЛЬНАЯ КОМПАНИЯ""",4345510257,КИРОВСКАЯ,2021,4783.0,33.0,356.0
11579039,"ООО ""ДСК-7""",2368014981,КРАСНОДАРСКИЙ,2021,8928.0,-6375.0,-7880.0
11548905,"ООО ""КАПИТАЛ СТРОЙ""",278966213,БАШКОРТОСТАН,2021,9.0,0.0,0.0
11549438,"ООО ""ПРОФИТ""",1001352536,КАРЕЛИЯ,2021,8298.0,5759.0,3663.0
11549743,"ООО  СК ""СЕВЕР""",9703029680,МОСКВА,2021,17496.0,283.0,353.0
11549832,"ООО ""МИРОСТРОЙ""",2376003937,КРАСНОДАРСКИЙ,2022,0.0,0.0,0.0
11549832,"ООО ""МИРОСТРОЙ""",2376003937,КРАСНОДАРСКИЙ,2021,13156.0,524.0,655.0
11550177,"ООО ""СТРОЙ КОМПЛЕКТ""",2543156124,ПРИМОРСКИЙ,2021,1828.0,2.0,2.0
11551538,"ООО ""ХОУМ""",3528328596,ВОЛОГОДСКАЯ,2021,46728.0,59.0,74.0
10397874,ООО ПСК ЭКОСТРОЙ-ГРУПП,5034054638,МОСКОВСКАЯ,2024,0.0,0.0,0.0
10397874,ООО ПСК ЭКОСТРОЙ-ГРУПП,5034054638,МОСКОВСКАЯ,2023,0.0,0.0,0.0
10397874,ООО ПСК ЭКОСТРОЙ-ГРУПП,5034054638,МОСКОВСКАЯ,2022,0.0,0.0,0.0
10397874,ООО ПСК ЭКОСТРОЙ-ГРУПП,5034054638,МОСКОВСКАЯ,2021,0.0,0.0,0.0
11941544,"ООО СК ""РКС""",7708408833,МОСКВА,2024,1212.0,25.0,25.0
11941544,"ООО СК ""РКС""",7708408833,МОСКВА,2023,0.0,0.0,0.0
11941544,"ООО СК ""РКС""",7708408833,МОСКВА,2022,0.0,0.0,0.0
11063362,"ООО ""ГОЭЛРО""",268087245,БАШКОРТОСТАН,2024,101264.0,175.0,1561.0
11063362,"ООО ""ГОЭЛРО""",268087245,БАШКОРТОСТАН,2023,39263.0,258.0,697.0
11063362,"ООО ""ГОЭЛРО""",268087245,БАШКОРТОСТАН,2022,0.0,0.0,0.0
8152703,"ООО ""ВОСТОКЭНЕРГОСТРОЙ""",7017340921,ТОМСКАЯ,2024,2697.0,-8212.0,-7460.0
8152703,"ООО ""ВОСТОКЭНЕРГОСТРОЙ""",7017340921,ТОМСКАЯ,2023,86429.0,-94909.0,-93477.0
8152703,"ООО ""ВОСТОКЭНЕРГОСТРОЙ""",7017340921,ТОМСКАЯ,2022,87637.0,318.0,1853.0
8152703,"ООО ""ВОСТОКЭНЕРГОСТРОЙ""",7017340921,ТОМСКАЯ,2021,92252.0,948.0,2209.0
12193624,"ООО ""СВС""",5040185364,МОСКОВСКАЯ,2024,34774.0,277.0,346.0
12193624,"ООО ""СВС""",5040185364,МОСКОВСКАЯ,2023,12186.0,565.0,706.0
10533418,"ООО ""СТРОЙГАРАНТ""",7716891512,МОСКВА,2022,785369.0,560.0,560.0
10533418,"ООО ""СТРОЙГАРАНТ""",7716891512,МОСКВА,2021,719986.0,633.0,633.0
11718056,"ООО СК ""СТЕКЛОКОНСТРУКЦИИ""",9723129612,МОСКВА,2022,16751.0,237.0,296.0
11554361,"ООО ""ОЛИМПСТРОЙ-124""",2440008325,КРАСНОЯРСКИЙ,2024,0.0,0.0,0.0
11554361,"ООО ""ОЛИМПСТРОЙ-124""",2440008325,КРАСНОЯРСКИЙ,2023,504.0,22.0,17.0
11554361,"ООО ""ОЛИМПСТРОЙ-124""",2440008325,КРАСНОЯРСКИЙ,2022,2645.0,132.0,132.0
11554361,"ООО ""ОЛИМПСТРОЙ-124""",2440008325,КРАСНОЯРСКИЙ,2021,216.0,4.0,4.0
11489027,"ООО ""СТРОЙБАТ""",3023024010,АСТРАХАНСКАЯ,2022,4654.0,375.0,654.0
11489027,"ООО ""СТРОЙБАТ""",3023024010,АСТРАХАНСКАЯ,2021,0.0,0.0,0.0
9832229,"ООО ""АВТОМАТИКА СТРОЙ СЕРВИС""",4345448880,КИРОВСКАЯ,2022,0.0,0.0,0.0
9832229,"ООО ""АВТОМАТИКА СТРОЙ СЕРВИС""",4345448880,КИРОВСКАЯ,2021,0.0,-16.0,-16.0
5467125,"ООО ""МЕЛИСА""",7743710765,МОСКВА,2023,0.0,0.0,0.0
5467125,"ООО ""МЕЛИСА""",7743710765,МОСКВА,2022,1744.0,-88.0,-34.0
5467125,"ООО ""МЕЛИСА""",7743710765,МОСКВА,2021,789.0,172.0,239.0
11739191,"ООО ""ЛААМ-СТРОЙ""",2630052139,СТАВРОПОЛЬСКИЙ,2022,16269.0,210.0,-842.0
11739191,"ООО ""ЛААМ-СТРОЙ""",2630052139,СТАВРОПОЛЬСКИЙ,2021,2858.0,47.0,58.0
11470022,"ООО ""КАПРЕМСТРОЙ79""",5038156535,МОСКОВСКАЯ,2024,30613.0,180.0,218.0
11470022,"ООО ""КАПРЕМСТРОЙ79""",5038156535,МОСКОВСКАЯ,2023,82218.0,-3932.0,-3824.0
11470022,"ООО ""КАПРЕМСТРОЙ79""",5038156535,МОСКОВСКАЯ,2022,69490.0,567.0,709.0
11470022,"ООО ""КАПРЕМСТРОЙ79""",5038156535,МОСКОВСКАЯ,2021,45701.0,396.0,495.0
12258098,"ООО ""ЭВЕРЕСТ""",1651094748,ТАТАРСТАН,2024,46952.0,696.0,696.0
12258098,"ООО ""ЭВЕРЕСТ""",1651094748,ТАТАРСТАН,2023,4724.0,436.0,545.0
11698438,"ООО ""СК ЗЭСТ""",9722009930,МОСКВА,2022,429.0,-624.0,-606.0
11698438,"ООО ""СК ЗЭСТ""",9722009930,МОСКВА,2021,607.0,83.0,83.0
10404232,"ООО ""ГРАНИТ""",7811665785,САНКТ-ПЕТЕРБУРГ,2024,0.0,-49.0,-49.0
10404232,"ООО ""ГРАНИТ""",7811665785,САНКТ-ПЕТЕРБУРГ,2023,0.0,-4315.0,-4287.0
10404232,"ООО ""ГРАНИТ""",7811665785,САНКТ-ПЕТЕРБУРГ,2022,7600.0,-31510.0,-31462.0
10404232,"ООО ""ГРАНИТ""",7811665785,САНКТ-ПЕТЕРБУРГ,2021,5475.0,949.0,1009.0
11608499,"ООО ""РУАЛСТРОЙ""",7817115499,САНКТ-ПЕТЕРБУРГ,2024,30369.0,-2726.0,-1901.0
11608499,"ООО ""РУАЛСТРОЙ""",7817115499,САНКТ-ПЕТЕРБУРГ,2023,41436.0,3228.0,4191.0
11608499,"ООО ""РУАЛСТРОЙ""",7817115499,САНКТ-ПЕТЕРБУРГ,2022,13933.0,486.0,598.0
11608499,"ООО ""РУАЛСТРОЙ""",7817115499,САНКТ-ПЕТЕРБУРГ,2021,3950.0,630.0,787.0
11751928,"ООО ""СТРОЙГРУПП""",5835139594,ПЕНЗЕНСКАЯ,2024,461426.0,11780.0,8756.0
11751928,"ООО ""СТРОЙГРУПП""",5835139594,ПЕНЗЕНСКАЯ,2023,59203.0,7261.0,5511.0
11751928,"ООО ""СТРОЙГРУПП""",5835139594,ПЕНЗЕНСКАЯ,2022,76416.0,2837.0,2125.0
12077345,"ООО ""ТПСК""",6800001244,ТАМБОВСКАЯ,2024,2049.0,1114.0,1392.0
12077345,"ООО ""ТПСК""",6800001244,ТАМБОВСКАЯ,2023,291.0,28.0,30.0
10281055,"ООО ""ЗВЕЗДА""",5036167789,МОСКОВСКАЯ,2024,4319.0,-4692.0,-4242.0
10281055,"ООО ""ЗВЕЗДА""",5036167789,МОСКОВСКАЯ,2023,147741.0,5132.0,3842.0
10281055,"ООО ""ЗВЕЗДА""",5036167789,МОСКОВСКАЯ,2022,152010.0,420.0,234.0
10281055,"ООО ""ЗВЕЗДА""",5036167789,МОСКОВСКАЯ,2021,40901.0,642.0,345.0
2516798,"ООО ""МАГИСТРАЛЬ - 86""",7206040472,ТЮМЕНСКАЯ,2021,0.0,0.0,0.0
2521199,"ООО ""ПРОМЫШЛЕННАЯ АВТОМАТИЗАЦИЯ""",6319706835,САМАРСКАЯ,2024,0.0,0.0,0.0
2521199,"ООО ""ПРОМЫШЛЕННАЯ АВТОМАТИЗАЦИЯ""",6319706835,САМАРСКАЯ,2023,0.0,0.0,0.0
2521199,"ООО ""ПРОМЫШЛЕННАЯ АВТОМАТИЗАЦИЯ""",6319706835,САМАРСКАЯ,2022,0.0,0.0,0.0
2521199,"ООО ""ПРОМЫШЛЕННАЯ АВТОМАТИЗАЦИЯ""",6319706835,САМАРСКАЯ,2021,0.0,0.0,0.0
3889719,"ООО ""СЭК""",1327002939,МОРДОВИЯ,2021,224.0,2.0,2.0
3893770,"ООО ""АЛЬЯНС""",8602225408,Ханты-Мансийский Автономный округ - Югра,2022,0.0,0.0,0.0
3893770,"ООО ""АЛЬЯНС""",8602225408,Ханты-Мансийский Автономный округ - Югра,2021,295.0,3.0,3.0
3918842,"ООО ""МПС""",6612025806,СВЕРДЛОВСКАЯ,2021,33432.0,-5048.0,-5009.0
3902905,"ООО ""ИНВЕСТ-СТРОЙ""",1514005182,СЕВЕРНАЯ ОСЕТИЯ - АЛАНИЯ,2021,0.0,0.0,0.0
3869723,"ООО ""КОМФОРТ""",5102043637,МУРМАНСКАЯ,2022,0.0,0.0,0.0
3869723,"ООО ""КОМФОРТ""",5102043637,МУРМАНСКАЯ,2021,0.0,-98.0,-98.0
3239023,"АО ""ИНЖИЛСТРОЙ""",6905064019,ТВЕРСКАЯ,2023,0.0,0.0,0.0
3239023,"АО ""ИНЖИЛСТРОЙ""",6905064019,ТВЕРСКАЯ,2022,0.0,0.0,0.0
3239023,"АО ""ИНЖИЛСТРОЙ""",6905064019,ТВЕРСКАЯ,2021,6770.0,396.0,409.0
3477645,"ООО ""АЗОВ-СТРОЙ""",2347010658,КРАСНОДАРСКИЙ,2023,0.0,0.0,0.0
3477645,"ООО ""АЗОВ-СТРОЙ""",2347010658,КРАСНОДАРСКИЙ,2022,0.0,0.0,0.0
3477645,"ООО ""АЗОВ-СТРОЙ""",2347010658,КРАСНОДАРСКИЙ,2021,0.0,-56.0,-56.0
3516051,"ООО ""НОВЫЙ ПИОНЕР""",5504138511,ОМСКАЯ,2021,369519.0,36136.0,28456.0
3503842,"ООО ПКФ ""ЭНЕРГОАЛЬЯНС""",7106064173,ТУЛЬСКАЯ,2021,0.0,0.0,0.0
3505172,"ООО ""ЭНЕРГОСТРОЙМОНТАЖ""",7203161670,ТЮМЕНСКАЯ,2022,74701.0,120.0,250.0
3505172,"ООО ""ЭНЕРГОСТРОЙМОНТАЖ""",7203161670,ТЮМЕНСКАЯ,2021,55765.0,1244.0,1225.0
3502492,"ООО ""ТРЕНД""",2130039115,МОСКВА,2022,845037.0,10753.0,8064.0
3502492,"ООО ""ТРЕНД""",2130039115,МОСКВА,2021,732303.0,8536.0,6402.0
3222981,"ООО ""М-СТРОЙ""",2723132919,ХАБАРОВСКИЙ,2021,0.0,0.0,0.0
3425595,"ООО ПКФ ""ОМВЕНТ""",5503108708,ОМСКАЯ,2021,0.0,-188.0,-188.0
3427849,"ООО ""СТРОЙСПОРТ""",7703734079,МОСКВА,2024,0.0,0.0,0.0
3427849,"ООО ""СТРОЙСПОРТ""",7703734079,МОСКВА,2023,0.0,0.0,0.0
3427849,"ООО ""СТРОЙСПОРТ""",7703734079,МОСКВА,2022,0.0,0.0,0.0
3427849,"ООО ""СТРОЙСПОРТ""",7703734079,МОСКВА,2021,0.0,0.0,0.0
3427942,"ООО "" СПК "" ВЕКТОР ПЛЮС """,2465080725,КРАСНОЯРСКИЙ,2021,0.0,0.0,0.0
3427988,"ООО ""КПД ЛИДЕР""",7446044512,ЧЕЛЯБИНСКАЯ,2021,7330.0,14.0,11.0
3417424,"ООО ""КРАСНОЯРСКОЕ СПЕЦИАЛИЗИРОВАННОЕ СТРОИТЕЛЬНОЕ УПРАВЛЕНИЕ""",2460056912,КРАСНОЯРСКИЙ,2021,0.0,0.0,0.0
3437064,"ООО ""РИК-ТЕХНОПОЛИС""",5012064706,МОСКОВСКАЯ,2021,0.0,0.0,0.0
10699504,"ООО ""ЕВ-ИНВЕСТ""",7713459590,МОСКВА,2023,678987.0,8632.0,6474.0
10699504,"ООО ""ЕВ-ИНВЕСТ""",7713459590,МОСКВА,2022,659459.0,6595.0,4946.0
3823398,"ООО ""СК ФУНДАМЕНТ""",8614008486,ХАНТЫ-МАНСИЙСКИЙ АВТОНОМНЫЙ ОКРУГ - ЮГРА,2022,571.0,0.0,0.0
3823398,"ООО ""СК ФУНДАМЕНТ""",8614008486,ХАНТЫ-МАНСИЙСКИЙ АВТОНОМНЫЙ ОКРУГ - ЮГРА,2021,10227.0,186.0,510.0
10292630,"ООО ""АНГАРА""",6155077381,РОСТОВСКАЯ,2024,89252.0,128.0,160.0
10292630,"ООО ""АНГАРА""",6155077381,РОСТОВСКАЯ,2023,398.0,7.0,5.0
10292630,"ООО ""АНГАРА""",6155077381,РОСТОВСКАЯ,2022,2593.0,-270.0,-264.0
10292630,"ООО ""АНГАРА""",6155077381,РОСТОВСКАЯ,2021,10163.0,140.0,168.0
10577383,"ООО ""СТРОЙ ГРУПП""",6168102042,РОСТОВСКАЯ,2021,300.0,50.0,50.0
12125545,"ООО ""ДОНАТОР""",2222901352,АЛТАЙСКИЙ,2024,16579.0,-955.0,-396.0
12125545,"ООО ""ДОНАТОР""",2222901352,АЛТАЙСКИЙ,2023,55935.0,1675.0,1893.0
11114557,"ООО ""ЭКСПЕРТ""",1655422453,ТАТАРСТАН,2022,176765.0,-2464.0,-2643.0
11114557,"ООО ""ЭКСПЕРТ""",1655422453,ТАТАРСТАН,2021,332113.0,-2456.0,-2524.0
9866113,"ООО ""КСС""",7706440888,МОСКВА,2022,1122553.0,45298.0,35154.0
9866113,"ООО ""КСС""",7706440888,МОСКВА,2021,357650.0,20464.0,15737.0
11750596,"ООО ""СПЕЦРЕМОНТ""",1840109005,УДМУРТСКАЯ,2023,488.0,82.0,62.0
11750596,"ООО ""СПЕЦРЕМОНТ""",1840109005,УДМУРТСКАЯ,2022,1018.0,15.0,12.0
11796137,"ООО ""ПЕРЕСВЕТ""",7707463662,МОСКВА,2023,498614.0,4.0,3.0
11796137,"ООО ""ПЕРЕСВЕТ""",7707463662,МОСКВА,2022,0.0,0.0,0.0
9498119,"ООО ""ГЕРМЕС ГРУПП""",1657202911,ТАТАРСТАН,2022,0.0,0.0,0.0
9498119,"ООО ""ГЕРМЕС ГРУПП""",1657202911,ТАТАРСТАН,2021,0.0,0.0,0.0
9194645,"ООО ""АЖИЛ""",326538901,БУРЯТИЯ,2021,0.0,0.0,0.0
10672273,"ООО ""НИКА РЕМСТРОЙ""",9718100640,МОСКВА,2022,0.0,0.0,0.0
10672273,"ООО ""НИКА РЕМСТРОЙ""",9718100640,МОСКВА,2021,0.0,0.0,0.0
11147051,"ООО ""АДМИРАЛ""",9705137530,МОСКВА,2021,93260.0,70.0,87.0
11471259,"ООО ""ГРАНД-СТРОЙ""",2315219061,КРАСНОДАРСКИЙ,2021,0.0,0.0,0.0
8955241,"ООО ""СКС""",1435288499,САХА /ЯКУТИЯ/,2022,0.0,0.0,0.0
8955241,"ООО ""СКС""",1435288499,САХА /ЯКУТИЯ/,2021,0.0,0.0,0.0
11096508,"ООО ""КАПРЕМЕЙК""",5321200314,НОВГОРОДСКАЯ,2022,0.0,0.0,0.0
11096508,"ООО ""КАПРЕМЕЙК""",5321200314,НОВГОРОДСКАЯ,2021,0.0,0.0,0.0
11284644,"ООО ""СБГ СТРОЙ""",7727441561,МОСКВА,2022,2664.0,-38043.0,-35109.0
11284644,"ООО ""СБГ СТРОЙ""",7727441561,МОСКВА,2021,0.0,-159.0,-159.0
11547207,"ООО ""ВАЛСТРОЙ""",225995700,БАШКОРТОСТАН,2024,0.0,0.0,0.0
11547207,"ООО ""ВАЛСТРОЙ""",225995700,БАШКОРТОСТАН,2023,0.0,0.0,0.0
11547207,"ООО ""ВАЛСТРОЙ""",225995700,БАШКОРТОСТАН,2022,0.0,0.0,0.0
11547207,"ООО ""ВАЛСТРОЙ""",225995700,БАШКОРТОСТАН,2021,0.0,0.0,0.0
11690621,"ООО ""ГД 36""",3666261811,ВОРОНЕЖСКАЯ,2022,203448.0,3.0,4.0
10313325,"ООО СК""ЭНЕРГИЯ""",276924666,БАШКОРТОСТАН,2022,0.0,0.0,0.0
10313325,"ООО СК""ЭНЕРГИЯ""",276924666,БАШКОРТОСТАН,2021,0.0,0.0,0.0
11564083,"ООО ""КГСТРОЙ""",4029063650,КАЛУЖСКАЯ,2023,0.0,0.0,0.0
11564083,"ООО ""КГСТРОЙ""",4029063650,КАЛУЖСКАЯ,2022,0.0,0.0,0.0
11564083,"ООО ""КГСТРОЙ""",4029063650,КАЛУЖСКАЯ,2021,509.0,0.0,31.0
11564569,"ООО ""КОНТЕЙНЕРНЫЕ ПЕРЕВОЗКИ""",7714470815,МОСКВА,2021,33325.0,100.0,75.0
11553580,"ООО ""РАНД""",9731077301,МОСКВА,2022,13015.0,-132.0,-159.0
11553580,"ООО ""РАНД""",9731077301,МОСКВА,2021,16002.0,50.0,36.0
11553838,"ООО ""ЭКО АЛЬЯНС""",7730263220,МОСКВА,2023,171.0,35.0,65.0
11553838,"ООО ""ЭКО АЛЬЯНС""",7730263220,МОСКВА,2021,1127.0,54.0,67.0
11554581,"ООО ""ЮНИСТРОЙ""",9728032269,МОСКВА,2021,0.0,0.0,0.0
11554992,"ООО ""СК ГРУПП""",7722499286,МОСКВА,2021,0.0,-3.0,-3.0
11555533,"ООО ""ПЕТРОГРАД""",7814788577,САНКТ-ПЕТЕРБУРГ,2021,1636.0,-296.0,-296.0
11555660,"ООО ""СТРОЙТОРГ""",1655455459,ТАТАРСТАН,2022,62098.0,412.0,548.0
11555660,"ООО ""СТРОЙТОРГ""",1655455459,ТАТАРСТАН,2021,18016.0,28.0,48.0
11555678,"ООО ""СИСТЕМА""",5402066025,НОВОСИБИРСКАЯ,2021,0.0,0.0,0.0
11547654,"ООО ""ЧЕРНОМОРЕЦ""",7203517397,ТЮМЕНСКАЯ,2022,3121485.0,3011437.0,3008874.0
11547654,"ООО ""ЧЕРНОМОРЕЦ""",7203517397,ТЮМЕНСКАЯ,2021,277607.0,188574.0,184229.0
11559135,"ООО ""ПСК-ИННОВАЦИЯ""",9717100608,МОСКВА,2022,52587.0,-531.0,-531.0
11559135,"ООО ""ПСК-ИННОВАЦИЯ""",9717100608,МОСКВА,2021,90777.0,-18691.0,-18691.0
11559987,"ООО ""РЕКОРД""",2225219814,АЛТАЙСКИЙ,2021,18153.0,1.0,1.0
11560035,"ООО ""АЭРОСТАТ""",9706014668,МОСКВА,2021,0.0,0.0,0.0
11560163,"ООО ""ФЛЭШ""",2311317460,КРАСНОДАРСКИЙ,2023,182.0,-401.0,-396.0
11560163,"ООО ""ФЛЭШ""",2311317460,КРАСНОДАРСКИЙ,2022,712.0,-90.0,-69.0
11560163,"ООО ""ФЛЭШ""",2311317460,КРАСНОДАРСКИЙ,2021,181.0,-331.0,-326.0
11363262,"ООО ""ЭРКЕР""",9709063720,МОСКВА,2022,0.0,0.0,0.0
11363262,"ООО ""ЭРКЕР""",9709063720,МОСКВА,2021,74879.0,88.0,63.0
11363583,"ООО ""СТРОЙПРОЕКТ""",6330091110,САМАРСКАЯ,2021,3253.0,-52.0,-48.0
11363843,"ООО ""РЕГИОН""",400014752,АЛТАЙ,2022,0.0,0.0,0.0
11363886,"ООО ""ФАСАД РС""",9721101788,МОСКВА,2021,0.0,0.0,0.0
11364432,"ООО ""НОРД-М""",9704024244,МОСКВА,2022,36164.0,2.0,3.0
11364432,"ООО ""НОРД-М""",9704024244,МОСКВА,2021,33288.0,3.0,4.0
11364590,"ООО ""КРЕПОСТЬ""",2634107170,СТАВРОПОЛЬСКИЙ,2023,23356.0,627.0,867.0
11364590,"ООО ""КРЕПОСТЬ""",2634107170,СТАВРОПОЛЬСКИЙ,2022,11930.0,988.0,1113.0
11364590,"ООО ""КРЕПОСТЬ""",2634107170,СТАВРОПОЛЬСКИЙ,2021,12835.0,3.0,133.0
11648237,"ООО ""ВЫСОТА""",6820041661,ТАМБОВСКАЯ,2024,0.0,0.0,0.0
11648237,"ООО ""ВЫСОТА""",6820041661,ТАМБОВСКАЯ,2023,929.0,-169.0,-164.0
11648237,"ООО ""ВЫСОТА""",6820041661,ТАМБОВСКАЯ,2022,1526.0,15.0,35.0
11648237,"ООО ""ВЫСОТА""",6820041661,ТАМБОВСКАЯ,2021,0.0,0.0,0.0
11119916,"ООО ""ВС-СТРОЙ""",7814764135,САНКТ-ПЕТЕРБУРГ,2024,0.0,-30.0,-30.0
11119916,"ООО ""ВС-СТРОЙ""",7814764135,САНКТ-ПЕТЕРБУРГ,2023,613.0,1454.0,1090.0
11119916,"ООО ""ВС-СТРОЙ""",7814764135,САНКТ-ПЕТЕРБУРГ,2022,713469.0,22015.0,16511.0
11119916,"ООО ""ВС-СТРОЙ""",7814764135,САНКТ-ПЕТЕРБУРГ,2021,1726716.0,70924.0,53193.0
12229623,"ООО ""ЭС+""",4000004490,КАЛУЖСКАЯ,2024,0.0,-19.0,-19.0
12229623,"ООО ""ЭС+""",4000004490,КАЛУЖСКАЯ,2023,0.0,0.0,0.0
12155042,"ООО ""МЕГАТРАНСГРУППСПБ""",7806609295,САНКТ-ПЕТЕРБУРГ,2024,38202.0,2292.0,2292.0
12155042,"ООО ""МЕГАТРАНСГРУППСПБ""",7806609295,САНКТ-ПЕТЕРБУРГ,2023,18033.0,6743.0,7825.0
12283871,"ООО ""ФЕНИКС""",4345527476,КИРОВСКАЯ,2024,20275.0,256.0,320.0
11161665,"ООО ""ГРУППА КОМПАНИЙ 2М""",2367011392,КРАСНОДАРСКИЙ,2024,0.0,-19.0,-19.0
11161665,"ООО ""ГРУППА КОМПАНИЙ 2М""",2367011392,КРАСНОДАРСКИЙ,2023,0.0,-4.0,-4.0
11161665,"ООО ""ГРУППА КОМПАНИЙ 2М""",2367011392,КРАСНОДАРСКИЙ,2022,0.0,-69.0,-69.0
11161665,"ООО ""ГРУППА КОМПАНИЙ 2М""",2367011392,КРАСНОДАРСКИЙ,2021,0.0,-28.0,-28.0
11235702,"ООО  ""АМАТЭРАСУ""",7751175649,МОСКВА,2024,39246.0,6963.0,8611.0
11235702,"ООО  ""АМАТЭРАСУ""",7751175649,МОСКВА,2023,30434.0,457.0,571.0
11235702,"ООО  ""АМАТЭРАСУ""",7751175649,МОСКВА,2022,26195.0,480.0,480.0
11235702,"ООО  ""АМАТЭРАСУ""",7751175649,МОСКВА,2021,21727.0,743.0,743.0
11830738,"ООО ""ДОМА.НЕТ""",9728062094,МОСКВА,2024,0.0,0.0,0.0
11720877,"ООО ""НПО ""ПРОГРЕСС""",2312306164,КРАСНОДАРСКИЙ,2024,4477.0,-16.0,-16.0
11720877,"ООО ""НПО ""ПРОГРЕСС""",2312306164,КРАСНОДАРСКИЙ,2023,34435.0,397.0,397.0
11720877,"ООО ""НПО ""ПРОГРЕСС""",2312306164,КРАСНОДАРСКИЙ,2022,4528.0,895.0,1083.0
11720877,"ООО ""НПО ""ПРОГРЕСС""",2312306164,КРАСНОДАРСКИЙ,2021,71.0,169.0,169.0
12097623,"ООО ""ПРОФСТРОЙ""",3100013182,БЕЛГОРОДСКАЯ,2024,38606.0,237.0,178.0
11665619,"ООО ""ЛАВР""",7733373180,МОСКВА,2024,0.0,0.0,0.0
11665619,"ООО ""ЛАВР""",7733373180,МОСКВА,2023,0.0,0.0,0.0
11665619,"ООО ""ЛАВР""",7733373180,МОСКВА,2021,391.0,1.0,1.0
12241233,"ООО ""СЛК-СТРОЙ""",6950271144,ТВЕРСКАЯ,2024,1482.0,292.0,300.0
12241233,"ООО ""СЛК-СТРОЙ""",6950271144,ТВЕРСКАЯ,2023,0.0,-742.0,-730.0
12094297,"ООО ""РАДУГА""",9727024459,МОСКВА,2024,7556.0,5.0,4.0
11839656,"ООО ""СМП-85""",6658553020,СВЕРДЛОВСКАЯ,2024,0.0,-1312.0,-1230.0
11839656,"ООО ""СМП-85""",6658553020,СВЕРДЛОВСКАЯ,2023,1038.0,784.0,714.0
11839656,"ООО ""СМП-85""",6658553020,СВЕРДЛОВСКАЯ,2022,0.0,0.0,0.0
10116297,"ООО ""ЭКО-ГОРОД""",7743195296,МОСКВА,2024,106327.0,687.0,2681.0
10116297,"ООО ""ЭКО-ГОРОД""",7743195296,МОСКВА,2023,117891.0,598.0,1278.0
10116297,"ООО ""ЭКО-ГОРОД""",7743195296,МОСКВА,2022,119686.0,593.0,1147.0
10116297,"ООО ""ЭКО-ГОРОД""",7743195296,МОСКВА,2021,85569.0,408.0,803.0
6444702,"ООО ""СТРОЙ СЕРВИС"" ВИСТА",7733584430,МОСКВА,2023,18826.0,82.0,61.0
6444702,"ООО ""СТРОЙ СЕРВИС"" ВИСТА",7733584430,МОСКВА,2022,13029.0,168.0,126.0
6444702,"ООО ""СТРОЙ СЕРВИС"" ВИСТА",7733584430,МОСКВА,2021,45779.0,589.0,441.0
12260678,"ООО ""ОРАКУЛ""",9724145889,МОСКВА,2023,728.0,2.0,3.0
11502787,"ООО ""СК УЮТНЫЙ ДОМ""",3524017127,ВОЛОГОДСКАЯ,2021,0.0,0.0,0.0
2672013,"ООО ""НОВПРОМБАЗА""",5321127801,НОВГОРОДСКАЯ,2024,15732.0,19598.0,31297.0
2672013,"ООО ""НОВПРОМБАЗА""",5321127801,НОВГОРОДСКАЯ,2023,21745.0,6311.0,13312.0
2672013,"ООО ""НОВПРОМБАЗА""",5321127801,НОВГОРОДСКАЯ,2022,13179.0,5131.0,6553.0
2672013,"ООО ""НОВПРОМБАЗА""",5321127801,НОВГОРОДСКАЯ,2021,6067.0,1175.0,3828.0
10176496,"ООО ""ПОБЕДА""",7105050481,ТУЛЬСКАЯ,2023,26290.0,430.0,323.0
10176496,"ООО ""ПОБЕДА""",7105050481,ТУЛЬСКАЯ,2022,0.0,0.0,0.0
10176496,"ООО ""ПОБЕДА""",7105050481,ТУЛЬСКАЯ,2021,16071.0,300.0,226.0
9783944,"ООО ""ГНБ""",1655362444,ТАТАРСТАН,2023,0.0,0.0,0.0
9783944,"ООО ""ГНБ""",1655362444,ТАТАРСТАН,2022,0.0,0.0,0.0
9783944,"ООО ""ГНБ""",1655362444,ТАТАРСТАН,2021,0.0,0.0,0.0
9635295,"ООО ""МОССТРОЙАЛЬЯНС""",7727283643,МОСКВА,2022,0.0,0.0,0.0
9635295,"ООО ""МОССТРОЙАЛЬЯНС""",7727283643,МОСКВА,2021,0.0,0.0,0.0
11265513,"ООО СТРОИТЕЛЬНАЯ КОМПАНИЯ ""СТРОЙ ПАТРИОТ КРЫМ""",9203547123,СЕВАСТОПОЛЬ,2024,2726.0,-2048.0,-1992.0
11265513,"ООО СТРОИТЕЛЬНАЯ КОМПАНИЯ ""СТРОЙ ПАТРИОТ КРЫМ""",9203547123,СЕВАСТОПОЛЬ,2023,8301.0,2997.0,3101.0
11265513,"ООО СТРОИТЕЛЬНАЯ КОМПАНИЯ ""СТРОЙ ПАТРИОТ КРЫМ""",9203547123,СЕВАСТОПОЛЬ,2022,1402.0,-3531.0,-3435.0
11265513,"ООО СТРОИТЕЛЬНАЯ КОМПАНИЯ ""СТРОЙ ПАТРИОТ КРЫМ""",9203547123,СЕВАСТОПОЛЬ,2021,10337.0,726.0,1064.0
11980998,"ООО ""ПРОФЛИДЕР""",9722032230,МОСКВА,2024,0.0,-11.0,-11.0
11980998,"ООО ""ПРОФЛИДЕР""",9722032230,МОСКВА,2023,0.0,0.0,0.0
11980998,"ООО ""ПРОФЛИДЕР""",9722032230,МОСКВА,2022,0.0,0.0,0.0
11925099,"ООО ""ТРИНИТИ""",7743389686,МОСКВА,2024,150021.0,28.0,21.0
11925099,"ООО ""ТРИНИТИ""",7743389686,МОСКВА,2023,0.0,0.0,0.0
11925099,"ООО ""ТРИНИТИ""",7743389686,МОСКВА,2022,0.0,0.0,0.0
11484485,"ООО ""СТРОЙПРОФИ""",5406810615,НОВОСИБИРСКАЯ,2024,0.0,0.0,0.0
11484485,"ООО ""СТРОЙПРОФИ""",5406810615,НОВОСИБИРСКАЯ,2023,551.0,40.0,91.0
11484485,"ООО ""СТРОЙПРОФИ""",5406810615,НОВОСИБИРСКАЯ,2022,0.0,0.0,0.0
11484485,"ООО ""СТРОЙПРОФИ""",5406810615,НОВОСИБИРСКАЯ,2021,30674.0,3851.0,4530.0
10366952,"ООО СК ""ВЕКТОР""",7017431590,ТОМСКАЯ,2024,0.0,-520.0,-520.0
10366952,"ООО СК ""ВЕКТОР""",7017431590,ТОМСКАЯ,2023,0.0,0.0,0.0
10366952,"ООО СК ""ВЕКТОР""",7017431590,ТОМСКАЯ,2022,163084.0,261.0,634.0
10366952,"ООО СК ""ВЕКТОР""",7017431590,ТОМСКАЯ,2021,201493.0,907.0,680.0
194301,"ООО ""ЧИРАХЪ""",513000398,ДАГЕСТАН,2024,0.0,0.0,0.0
194301,"ООО ""ЧИРАХЪ""",513000398,ДАГЕСТАН,2023,680.0,680.0,680.0
194301,"ООО ""ЧИРАХЪ""",513000398,ДАГЕСТАН,2022,0.0,0.0,0.0
194301,"ООО ""ЧИРАХЪ""",513000398,ДАГЕСТАН,2021,0.0,0.0,0.0
5495357,"ЗАО ""СТРОИТЕЛЬ-4""",2508016999,ПРИМОРСКИЙ,2024,0.0,0.0,0.0
5495357,"ЗАО ""СТРОИТЕЛЬ-4""",2508016999,ПРИМОРСКИЙ,2023,0.0,0.0,0.0
5495357,"ЗАО ""СТРОИТЕЛЬ-4""",2508016999,ПРИМОРСКИЙ,2022,0.0,0.0,0.0
5495357,"ЗАО ""СТРОИТЕЛЬ-4""",2508016999,ПРИМОРСКИЙ,2021,0.0,0.0,0.0
12352168,"ООО ""ХАПАМА""",9722065885,МОСКВА,2024,0.0,75.0,75.0
12352168,"ООО ""ХАПАМА""",9722065885,МОСКВА,2023,0.0,150.0,150.0
12158227,"ООО ""СИСТЕМА СТРОЙ""",4800005911,ЛИПЕЦКАЯ,2024,134.0,0.0,0.0
12158227,"ООО ""СИСТЕМА СТРОЙ""",4800005911,ЛИПЕЦКАЯ,2023,640.0,3.0,4.0
1720680,"ООО ""АКТУАЛЬНЫЙ БИЗНЕС""",4205230323,КЕМЕРОВСКАЯ ОБЛАСТЬ - КУЗБАСС,2024,0.0,0.0,0.0
1720680,"ООО ""АКТУАЛЬНЫЙ БИЗНЕС""",4205230323,КЕМЕРОВСКАЯ ОБЛАСТЬ - КУЗБАСС,2023,6790.0,19.0,14.0
1720680,"ООО ""АКТУАЛЬНЫЙ БИЗНЕС""",4205230323,КЕМЕРОВСКАЯ ОБЛАСТЬ - КУЗБАСС,2021,2980.0,79.0,108.0
5520176,"ООО ПСК "" СТРОЙ-ДИЗАЙН """,561048946,ДАГЕСТАН,2024,4236.0,966.0,915.0
5520176,"ООО ПСК "" СТРОЙ-ДИЗАЙН """,561048946,ДАГЕСТАН,2023,7327.0,1463.0,1386.0
5520176,"ООО ПСК "" СТРОЙ-ДИЗАЙН """,561048946,ДАГЕСТАН,2022,5158.0,522.0,465.0
10899531,"ООО ""ЮНГС""",8602290260,ХАНТЫ-МАНСИЙСКИЙ АВТОНОМНЫЙ ОКРУГ - ЮГРА,2024,182182.0,-20858.0,-18113.0
10899531,"ООО ""ЮНГС""",8602290260,ХАНТЫ-МАНСИЙСКИЙ АВТОНОМНЫЙ ОКРУГ - ЮГРА,2023,353760.0,67601.0,84556.0
10899531,"ООО ""ЮНГС""",8602290260,ХАНТЫ-МАНСИЙСКИЙ АВТОНОМНЫЙ ОКРУГ - ЮГРА,2022,427834.0,59352.0,44889.0
10899531,"ООО ""ЮНГС""",8602290260,ХАНТЫ-МАНСИЙСКИЙ АВТОНОМНЫЙ ОКРУГ - ЮГРА,2021,198905.0,5663.0,4237.0
9486283,"ООО  ""СТРОЙ МЕХАНИКА""",7604288070,ЯРОСЛАВСКАЯ,2024,0.0,0.0,0.0
9486283,"ООО  ""СТРОЙ МЕХАНИКА""",7604288070,ЯРОСЛАВСКАЯ,2023,38935.0,410.0,307.0
9486283,"ООО  ""СТРОЙ МЕХАНИКА""",7604288070,ЯРОСЛАВСКАЯ,2022,6230.0,22.0,16.0
9486283,"ООО  ""СТРОЙ МЕХАНИКА""",7604288070,ЯРОСЛАВСКАЯ,2021,0.0,0.0,0.0
12001478,"ООО ""ПРОФИ-СТРОЙ""",5050157172,МОСКОВСКАЯ,2024,43100.0,183.0,137.0
12001478,"ООО ""ПРОФИ-СТРОЙ""",5050157172,МОСКОВСКАЯ,2023,27890.0,232.0,179.0
12001478,"ООО ""ПРОФИ-СТРОЙ""",5050157172,МОСКОВСКАЯ,2022,0.0,0.0,0.0
9915264,"ООО "" АГРА-РА """,7813260706,САНКТ-ПЕТЕРБУРГ,2024,0.0,0.0,0.0
9915264,"ООО "" АГРА-РА """,7813260706,САНКТ-ПЕТЕРБУРГ,2023,920.0,14.0,15.0
2893652,"ООО ""КРАСПРО""",2466121004,КРАСНОЯРСКИЙ,2024,0.0,0.0,0.0
2893652,"ООО ""КРАСПРО""",2466121004,КРАСНОЯРСКИЙ,2023,0.0,0.0,0.0
2893652,"ООО ""КРАСПРО""",2466121004,КРАСНОЯРСКИЙ,2022,0.0,0.0,0.0
2893652,"ООО ""КРАСПРО""",2466121004,КРАСНОЯРСКИЙ,2021,0.0,0.0,0.0
10683765,"ООО ""СТРОЙРЕГИОН""",5836686889,ПЕНЗЕНСКАЯ,2024,0.0,-974.0,-965.0
10683765,"ООО ""СТРОЙРЕГИОН""",5836686889,ПЕНЗЕНСКАЯ,2023,14455.0,6587.0,7335.0
10683765,"ООО ""СТРОЙРЕГИОН""",5836686889,ПЕНЗЕНСКАЯ,2022,4874.0,-570.0,-301.0
10683765,"ООО ""СТРОЙРЕГИОН""",5836686889,ПЕНЗЕНСКАЯ,2021,8671.0,6511.0,6693.0
8798769,"ООО ""АРХБИЛДИНГ""",2901250673,АРХАНГЕЛЬСКАЯ,2022,0.0,-32.0,-22.0
8798769,"ООО ""АРХБИЛДИНГ""",2901250673,АРХАНГЕЛЬСКАЯ,2021,720.0,3.0,17.0
8683003,"ООО ""ПАРАПЕТСТРОЙИНВЕСТ""",3811181762,ИРКУТСКАЯ,2023,661.0,-439.0,-453.0
8683003,"ООО ""ПАРАПЕТСТРОЙИНВЕСТ""",3811181762,ИРКУТСКАЯ,2022,593.0,-2033.0,-2037.0
8775840,"ООО ""ПЕРСПЕКТИВА""",9204005356,СЕВАСТОПОЛЬ,2023,0.0,0.0,0.0
8775840,"ООО ""ПЕРСПЕКТИВА""",9204005356,СЕВАСТОПОЛЬ,2022,0.0,0.0,0.0
8775840,"ООО ""ПЕРСПЕКТИВА""",9204005356,СЕВАСТОПОЛЬ,2021,272.0,-521.0,-540.0
8775885,"ООО ""ЮБКРЕМСТРОЙ-21""",9204000661,СЕВАСТОПОЛЬ,2021,0.0,0.0,0.0
8776557,"ООО ""ЛОГОС ДЕВЕЛОПМЕНТ ГРУПП""",9203001454,СЕВАСТОПОЛЬ,2021,0.0,-591.0,-591.0
8777268,"ООО""БСК""",7810941930,САНКТ-ПЕТЕРБУРГ,2021,0.0,0.0,0.0
8712896,"ООО ""ЭНЕРГОСТРОЙКОМПЛЕКТ""",7743934814,МОСКВА,2021,0.0,0.0,0.0
8718770,"ООО ""СК ПЕРСПЕКТИВА""",7710966708,МОСКВА,2023,0.0,-916.0,-916.0
8718770,"ООО ""СК ПЕРСПЕКТИВА""",7710966708,МОСКВА,2022,0.0,-595.0,-595.0
8720862,"ООО ""ДОРОЖНО-СТРОИТЕЛЬНАЯ КОМПАНИЯ 82""",9102001916,ЧЕЛЯБИНСКАЯ,2021,1197057.0,1505.0,1886.0
8473077,"ООО ""РСК ""МАСТЕР ПЛЮС""",5263106253,НИЖЕГОРОДСКАЯ,2022,0.0,-17.0,-17.0
8473077,"ООО ""РСК ""МАСТЕР ПЛЮС""",5263106253,НИЖЕГОРОДСКАЯ,2021,9556.0,19.0,14.0
8473574,"ООО ""ПРИНС""",5012083804,МОСКВА,2021,47443.0,-9240.0,-18480.0
8474849,"ООО ""ЕВРОСТРОЙ""",2442012870,КРАСНОЯРСКИЙ,2021,0.0,0.0,0.0
8475315,"ООО ""МАГНАТ""",4604006010,КУРСКАЯ,2022,11072.0,63.0,47.0
8475315,"ООО ""МАГНАТ""",4604006010,КУРСКАЯ,2021,12782.0,67.0,47.0
8596537,"ООО ""ЗАБМЕТСТРОЙ""",7536144656,ЗАБАЙКАЛЬСКИЙ,2021,0.0,0.0,0.0
8393336,"ООО ""СК ""АРХПРОЕКТ""",7710958016,МОСКВА,2021,0.0,0.0,0.0
8394204,"ООО ""СПЕЦСТРОЙ""",5404505535,НОВОСИБИРСКАЯ,2021,25571.0,5080.0,5625.0
8394760,"ООО СК ""ОСНОВА""",5404505609,НОВОСИБИРСКАЯ,2021,0.0,0.0,0.0
8615566,"ООО ""РАДИАНТРЕМСТРОЙ""",5012085248,МОСКОВСКАЯ,2022,11047.0,939.0,1174.0
8615566,"ООО ""РАДИАНТРЕМСТРОЙ""",5012085248,МОСКОВСКАЯ,2021,100292.0,2868.0,3585.0
8616066,"ООО ""ИНКОМСТРОЙ""",7743931700,МОСКВА,2022,0.0,0.0,0.0
8616066,"ООО ""ИНКОМСТРОЙ""",7743931700,МОСКВА,2021,0.0,0.0,0.0
8611179,"ООО ""СТРОЙМИР""",8614009352,ХАНТЫ-МАНСИЙСКИЙ АВТОНОМНЫЙ ОКРУГ - ЮГРА,2021,40580.0,10052.0,10878.0
7028850,"ПК ""АПРЕЛЬСКИЙ""",7202003470,ТЮМЕНСКАЯ,2024,0.0,0.0,0.0
7028850,"ПК ""АПРЕЛЬСКИЙ""",7202003470,ТЮМЕНСКАЯ,2023,0.0,0.0,0.0
7028850,"ПК ""АПРЕЛЬСКИЙ""",7202003470,ТЮМЕНСКАЯ,2022,0.0,-4.0,-4.0
7028850,"ПК ""АПРЕЛЬСКИЙ""",7202003470,ТЮМЕНСКАЯ,2021,0.0,-456.0,-389.0
10775651,"ООО ""СТРОЙСЕРВИС""",7327088493,УЛЬЯНОВСКАЯ,2023,0.0,-10.0,-10.0
10775651,"ООО ""СТРОЙСЕРВИС""",7327088493,УЛЬЯНОВСКАЯ,2022,0.0,-22.0,-22.0
10775651,"ООО ""СТРОЙСЕРВИС""",7327088493,УЛЬЯНОВСКАЯ,2021,0.0,0.0,0.0
10755225,"ООО ""ИРМА""",6229090781,РЯЗАНСКАЯ,2023,21997.0,88.0,66.0
10755225,"ООО ""ИРМА""",6229090781,РЯЗАНСКАЯ,2022,31944.0,25.0,19.0
10755225,"ООО ""ИРМА""",6229090781,РЯЗАНСКАЯ,2021,51262.0,50.0,38.0
10998808,"ООО ""ТИНОР""",9718135201,МОСКВА,2024,23665.0,895.0,1743.0
10998808,"ООО ""ТИНОР""",9718135201,МОСКВА,2023,16776.0,1350.0,1953.0
10998808,"ООО ""ТИНОР""",9718135201,МОСКВА,2022,32050.0,2434.0,3640.0
10998808,"ООО ""ТИНОР""",9718135201,МОСКВА,2021,18068.0,109.0,693.0
10954197,"ООО ""ИНТЕЛЛЕКТ""",7701080141,МОСКВА,2023,0.0,-603.0,-603.0
10954197,"ООО ""ИНТЕЛЛЕКТ""",7701080141,МОСКВА,2022,3204.0,-48.0,236.0
10954197,"ООО ""ИНТЕЛЛЕКТ""",7701080141,МОСКВА,2021,10028.0,1261.0,2086.0
4492562,"ООО ""РК ЦЕНТР НЕДВИЖИМОСТИ""",5753032152,ОРЛОВСКАЯ,2023,23594.0,109.0,101.0
4492562,"ООО ""РК ЦЕНТР НЕДВИЖИМОСТИ""",5753032152,ОРЛОВСКАЯ,2022,0.0,0.0,0.0
4492562,"ООО ""РК ЦЕНТР НЕДВИЖИМОСТИ""",5753032152,ОРЛОВСКАЯ,2021,0.0,0.0,0.0
11663269,"ООО СКК ""АДАРТ""",9723123233,МОСКВА,2023,183198.0,1089.0,957.0
12117333,"ООО ""СЕРВИС-СВН""",9111029731,КРЫМ,2023,0.0,0.0,0.0
11531138,"ООО ""СПС""",6829158270,ТАМБОВСКАЯ,2023,1502.0,-1919.0,-1919.0
11531138,"ООО ""СПС""",6829158270,ТАМБОВСКАЯ,2022,7397.0,54.0,35.0
11531138,"ООО ""СПС""",6829158270,ТАМБОВСКАЯ,2021,13100.0,359.0,269.0
11816825,"ООО ""ЕВРОСТИЛЬ""",9723147065,МОСКВА,2023,0.0,0.0,0.0
11816825,"ООО ""ЕВРОСТИЛЬ""",9723147065,МОСКВА,2022,0.0,0.0,0.0
12251386,"ООО ""ПРЕСТИЖ""",6000004888,ПСКОВСКАЯ,2023,1798.0,713.0,812.0
9459522,"ООО ""АЛЬТЕРА""",3906972988,КАЛИНИНГРАДСКАЯ,2023,0.0,0.0,0.0
9459522,"ООО ""АЛЬТЕРА""",3906972988,КАЛИНИНГРАДСКАЯ,2022,0.0,-5.0,-5.0
9459522,"ООО ""АЛЬТЕРА""",3906972988,КАЛИНИНГРАДСКАЯ,2021,1663.0,-2482.0,-2599.0
10716982,"ООО ""МЛ - СТРОЙ""",6455070595,САРАТОВСКАЯ,2023,17344.0,232.0,290.0
10716982,"ООО ""МЛ - СТРОЙ""",6455070595,САРАТОВСКАЯ,2022,26933.0,328.0,427.0
10716982,"ООО ""МЛ - СТРОЙ""",6455070595,САРАТОВСКАЯ,2021,0.0,0.0,0.0
8717746,"ООО ""СПОРТСТРОЙ""",7727840830,МОСКВА,2023,49.0,6.0,11.0
8717746,"ООО ""СПОРТСТРОЙ""",7727840830,МОСКВА,2022,373.0,21.0,25.0
8717746,"ООО ""СПОРТСТРОЙ""",7727840830,МОСКВА,2021,2957.0,178.0,209.0
11404830,"ООО ""БРАВО""",1656115663,ТАТАРСТАН,2024,453340.0,368705.0,359312.0
11404830,"ООО ""БРАВО""",1656115663,ТАТАРСТАН,2023,310615.0,120103.0,111337.0
11404830,"ООО ""БРАВО""",1656115663,ТАТАРСТАН,2022,198799.0,109892.0,107172.0
11404830,"ООО ""БРАВО""",1656115663,ТАТАРСТАН,2021,109060.0,73563.0,71692.0
4034485,"ООО ""А-ПЛАСТ-СТРОЙ""",4823029771,ЛИПЕЦКАЯ,2023,0.0,0.0,0.0
4034485,"ООО ""А-ПЛАСТ-СТРОЙ""",4823029771,ЛИПЕЦКАЯ,2022,0.0,0.0,0.0
4034485,"ООО ""А-ПЛАСТ-СТРОЙ""",4823029771,ЛИПЕЦКАЯ,2021,0.0,0.0,0.0
9402716,"ООО ""ЭНЕРГОТРЕЙДСИБИРЬ""",3811044822,ИРКУТСКАЯ,2023,0.0,0.0,0.0
9402716,"ООО ""ЭНЕРГОТРЕЙДСИБИРЬ""",3811044822,ИРКУТСКАЯ,2022,0.0,0.0,0.0
9402716,"ООО ""ЭНЕРГОТРЕЙДСИБИРЬ""",3811044822,ИРКУТСКАЯ,2021,0.0,0.0,0.0
8918150,"ООО СК ""БАЙКАЛСТРОЙРЕСУРС""",3808239099,ИРКУТСКАЯ,2021,0.0,-1279.0,-1279.0
12048345,"ООО ""ЗАМАН""",278975472,БАШКОРТОСТАН,2024,0.0,-56.0,-56.0
12048345,"ООО ""ЗАМАН""",278975472,БАШКОРТОСТАН,2023,4896.0,-1605.0,-1499.0
11656438,"ООО ""МАГНАТ-М""",276964066,БАШКОРТОСТАН,2022,81489.0,266.0,310.0
11656438,"ООО ""МАГНАТ-М""",276964066,БАШКОРТОСТАН,2021,1493.0,-101.0,-101.0
11645886,"ООО ""СИСТЕМФОРС""",9729311843,МОСКВА,2023,97.0,-2.0,-3.0
11645886,"ООО ""СИСТЕМФОРС""",9729311843,МОСКВА,2022,398.0,-2.0,-2.0
11645886,"ООО ""СИСТЕМФОРС""",9729311843,МОСКВА,2021,683.0,66.0,82.0
11856324,"ООО ""НЕОН""",6732230099,СМОЛЕНСКАЯ,2022,7874.0,1.0,1.0
11832328,"ООО ""РЕГИОН СТРОЙ""",5406821430,НОВОСИБИРСКАЯ,2022,5866.0,7.0,6.0
11943472,"ООО ""ТРИУМФ-М""",6009008887,ПСКОВСКАЯ,2022,68882.0,1.0,1.0
11916169,"ООО ""НИКС""",9727005985,МОСКВА,2022,1570.0,7.0,9.0
8343777,"ООО ""ДЕЛЬТА-РЕГИОН""",2724186160,ХАБАРОВСКИЙ,2023,0.0,0.0,0.0
8343777,"ООО ""ДЕЛЬТА-РЕГИОН""",2724186160,ХАБАРОВСКИЙ,2022,0.0,0.0,0.0
8343777,"ООО ""ДЕЛЬТА-РЕГИОН""",2724186160,ХАБАРОВСКИЙ,2021,0.0,0.0,0.0
11078123,"ООО ""СТРОЙ-ИНЖИНИРИНГ""",7116159219,ТУЛЬСКАЯ,2023,0.0,0.0,0.0
11078123,"ООО ""СТРОЙ-ИНЖИНИРИНГ""",7116159219,ТУЛЬСКАЯ,2022,0.0,0.0,0.0
11078123,"ООО ""СТРОЙ-ИНЖИНИРИНГ""",7116159219,ТУЛЬСКАЯ,2021,0.0,0.0,0.0
5682304,"ООО ""МАРТАНСТРОЙ""",2626031841,СТАВРОПОЛЬСКИЙ,2024,0.0,0.0,0.0
5682304,"ООО ""МАРТАНСТРОЙ""",2626031841,СТАВРОПОЛЬСКИЙ,2023,0.0,0.0,0.0
5682304,"ООО ""МАРТАНСТРОЙ""",2626031841,СТАВРОПОЛЬСКИЙ,2022,0.0,0.0,0.0
5682304,"ООО ""МАРТАНСТРОЙ""",2626031841,СТАВРОПОЛЬСКИЙ,2021,0.0,0.0,0.0
11734115,"ООО ""ГК СТРОИТЕЛЬСТВО""",7727479928,МОСКВА,2022,27484.0,17502.0,21877.0
8276199,"ООО ""ФОРМУЛА СТ""",7024038260,ТОМСКАЯ,2023,0.0,0.0,0.0
8276199,"ООО ""ФОРМУЛА СТ""",7024038260,ТОМСКАЯ,2022,0.0,0.0,0.0
8276199,"ООО ""ФОРМУЛА СТ""",7024038260,ТОМСКАЯ,2021,0.0,0.0,0.0
11899583,"ООО ""ЮГСТРОЙВЕК""",6101005510,РОСТОВСКАЯ,2023,0.0,-9.0,-9.0
11899583,"ООО ""ЮГСТРОЙВЕК""",6101005510,РОСТОВСКАЯ,2022,0.0,0.0,0.0
8042619,"ООО ""ЛОТОС""",6321318558,САМАРСКАЯ,2021,24470.0,18.0,13.0
11340331,"ООО ""СК-ЭНЕРГИЯ""",4345502591,КИРОВСКАЯ,2023,0.0,-10.0,-10.0
11340331,"ООО ""СК-ЭНЕРГИЯ""",4345502591,КИРОВСКАЯ,2022,0.0,0.0,0.0
11340331,"ООО ""СК-ЭНЕРГИЯ""",4345502591,КИРОВСКАЯ,2021,691.0,21.0,0.0
824593,"ООО ""СТАНДАРТ КАЧЕСТВА""",6321170206,САМАРСКАЯ,2023,8609.0,5.0,6.0
824593,"ООО ""СТАНДАРТ КАЧЕСТВА""",6321170206,САМАРСКАЯ,2022,0.0,0.0,0.0
824593,"ООО ""СТАНДАРТ КАЧЕСТВА""",6321170206,САМАРСКАЯ,2021,7.0,11.0,11.0
8319288,"ООО ""ТЭК""",5401375888,НОВОСИБИРСКАЯ,2022,107091.0,1111.0,1389.0
8319288,"ООО ""ТЭК""",5401375888,НОВОСИБИРСКАЯ,2021,56657.0,562.0,703.0
11632516,"ООО ""МИГРЕСА""",9704077616,МОСКВА,2021,442.0,1.0,1.0
11965286,"ООО СК ""РЕГИОНСТРОЙ""",275929118,БАШКОРТОСТАН,2023,368.0,-474.0,-474.0
11965286,"ООО СК ""РЕГИОНСТРОЙ""",275929118,БАШКОРТОСТАН,2022,5071.0,867.0,707.0
1574410,"ООО ""СИБИРЬ-РАЗВИТИЕ""",5405418050,НОВОСИБИРСКАЯ,2021,84279.0,44.0,55.0
11886986,"ООО ""ЭКОСТРОЙ""",7802927579,САНКТ-ПЕТЕРБУРГ,2022,39888.0,110.0,138.0
7639803,"ООО ""ПИРАМИДА""",6501250387,САХАЛИНСКАЯ,2024,0.0,0.0,0.0
7639803,"ООО ""ПИРАМИДА""",6501250387,САХАЛИНСКАЯ,2023,0.0,0.0,0.0
7639803,"ООО ""ПИРАМИДА""",6501250387,САХАЛИНСКАЯ,2022,0.0,0.0,0.0
7639803,"ООО ""ПИРАМИДА""",6501250387,САХАЛИНСКАЯ,2021,0.0,0.0,0.0
5067264,"ООО ""ЭТАЛОН""",2222078435,АЛТАЙСКИЙ,2021,241.0,0.0,0.0
5068431,"ПК ""ВОСХОД""",2536003230,ПРИМОРСКИЙ,2023,0.0,-276.0,-276.0
5068431,"ПК ""ВОСХОД""",2536003230,ПРИМОРСКИЙ,2022,0.0,0.0,0.0
4796379,"ООО ""НОВСТРОЙ""",2315168160,КРАСНОДАРСКИЙ,2024,0.0,0.0,0.0
4796379,"ООО ""НОВСТРОЙ""",2315168160,КРАСНОДАРСКИЙ,2021,0.0,0.0,0.0
5953884,"ООО ""РЭИ""",5005020507,МОСКОВСКАЯ,2021,0.0,0.0,0.0
5944790,"ООО ""ПАНИДКАМ""",4101105977,КАМЧАТСКИЙ,2021,12614.0,18.0,18.0
6051457,"ООО НПФ  ""НЕДРА""",3702090723,ИВАНОВСКАЯ,2024,14652.0,181.0,136.0
6051457,"ООО НПФ  ""НЕДРА""",3702090723,ИВАНОВСКАЯ,2023,16335.0,195.0,146.0
6051457,"ООО НПФ  ""НЕДРА""",3702090723,ИВАНОВСКАЯ,2022,62.0,-52.0,-48.0
6051457,"ООО НПФ  ""НЕДРА""",3702090723,ИВАНОВСКАЯ,2021,63.0,33.0,37.0
6053090,"ООО ОП ""ГВАРДИЯ""",5406163894,НОВОСИБИРСКАЯ,2021,0.0,0.0,0.0
6106556,"ООО ""ВОЛГОБЫТСЕРВИС""",6312033080,САМАРСКАЯ,2022,0.0,0.0,0.0
6106556,"ООО ""ВОЛГОБЫТСЕРВИС""",6312033080,САМАРСКАЯ,2021,0.0,0.0,0.0
6093650,"ООО ""ППП И К""",6311005186,САМАРСКАЯ,2021,0.0,0.0,0.0
5475905,"ООО ""ТУР""",1502046770,СЕВЕРНАЯ ОСЕТИЯ - АЛАНИЯ,2022,0.0,0.0,0.0
5412694,"ООО ""ЭНКОМ""",6449050343,САРАТОВСКАЯ,2021,0.0,0.0,0.0
5558940,"ООО ""СТРОИТЕЛЬ""",3245500831,БРЯНСКАЯ,2021,180.0,67.0,76.0
5893751,"ООО ""СПФ ""ВЕНС СЕРВИС""",5243019250,НИЖЕГОРОДСКАЯ,2024,0.0,0.0,0.0
5893751,"ООО ""СПФ ""ВЕНС СЕРВИС""",5243019250,НИЖЕГОРОДСКАЯ,2023,0.0,0.0,0.0
5893751,"ООО ""СПФ ""ВЕНС СЕРВИС""",5243019250,НИЖЕГОРОДСКАЯ,2022,0.0,0.0,0.0
5893751,"ООО ""СПФ ""ВЕНС СЕРВИС""",5243019250,НИЖЕГОРОДСКАЯ,2021,0.0,0.0,0.0
5912341,"ООО ""СТРОЙРЕКОНСТРУКЦИЯ""",5012013518,МОСКОВСКАЯ,2024,0.0,0.0,0.0
5912341,"ООО ""СТРОЙРЕКОНСТРУКЦИЯ""",5012013518,МОСКОВСКАЯ,2023,0.0,0.0,0.0
5912341,"ООО ""СТРОЙРЕКОНСТРУКЦИЯ""",5012013518,МОСКОВСКАЯ,2022,15660.0,923.0,692.0
5912341,"ООО ""СТРОЙРЕКОНСТРУКЦИЯ""",5012013518,МОСКОВСКАЯ,2021,2232.0,192.0,144.0
5874861,"ООО ""ФЕРРА""",3812089760,ИРКУТСКАЯ,2021,0.0,0.0,0.0
5864488,"АО ""СТЭМ-2001""",5037050896,МОСКОВСКАЯ,2022,0.0,0.0,0.0
5821797,"ООО ""СТРОЙМЕНЕДЖЕР - 2""",2540125456,ПРИМОРСКИЙ,2022,0.0,0.0,0.0
5821797,"ООО ""СТРОЙМЕНЕДЖЕР - 2""",2540125456,ПРИМОРСКИЙ,2021,66.0,45.0,45.0
5931753,"ООО ""КИРОВСТРОЙ""",4345129186,КИРОВСКАЯ,2022,0.0,0.0,0.0
5931753,"ООО ""КИРОВСТРОЙ""",4345129186,КИРОВСКАЯ,2021,0.0,0.0,0.0
5934974,"ООО ""СТАЛЬСТРОЙПРОЕКТ""",5019013490,МОСКОВСКАЯ,2021,0.0,-81.0,-81.0
8622991,"ООО ""МАКС""",5043052186,МОСКОВСКАЯ,2022,0.0,-21.0,-21.0
8622991,"ООО ""МАКС""",5043052186,МОСКОВСКАЯ,2021,0.0,-334.0,-334.0
8623656,"ООО ""ИНСОЛ""",276158789,БАШКОРТОСТАН,2022,0.0,0.0,0.0
8623656,"ООО ""ИНСОЛ""",276158789,БАШКОРТОСТАН,2021,0.0,72.0,119.0
8855605,"ООО СК ""ЮНИОНГРУПП""",274190346,БАШКОРТОСТАН,2021,0.0,-153.0,-153.0
8883561,"ООО СТК ""РЕГИОН РОСТ""",6658460978,СВЕРДЛОВСКАЯ,2021,0.0,0.0,0.0
8884880,"ООО ""ИНЖЕНИРИНГ СТРОЙ""",7718301663,МОСКВА,2021,4812.0,-3770.0,-3681.0
8861165,"ООО ""ДЕОН""",2721211724,ХАБАРОВСКИЙ,2024,0.0,0.0,0.0
8861165,"ООО ""ДЕОН""",2721211724,ХАБАРОВСКИЙ,2023,60.0,11.0,15.0
8861165,"ООО ""ДЕОН""",2721211724,ХАБАРОВСКИЙ,2022,60.0,11.0,15.0
8861165,"ООО ""ДЕОН""",2721211724,ХАБАРОВСКИЙ,2021,420.0,141.0,166.0
8861503,"ООО ""ПРОМ РЕСУРС""",4212037120,КЕМЕРОВСКАЯ ОБЛАСТЬ - КУЗБАСС,2021,0.0,0.0,0.0
8862577,"ООО СК ""ЭВЕРЕСТ""",274190811,БАШКОРТОСТАН,2022,0.0,0.0,0.0
8862577,"ООО СК ""ЭВЕРЕСТ""",274190811,БАШКОРТОСТАН,2021,0.0,0.0,0.0
8877253,"ООО ""СТРОЙ-ГРАД""",3461011793,ВОЛГОГРАДСКАЯ,2023,0.0,0.0,0.0
8877253,"ООО ""СТРОЙ-ГРАД""",3461011793,ВОЛГОГРАДСКАЯ,2022,0.0,0.0,0.0
8877253,"ООО ""СТРОЙ-ГРАД""",3461011793,ВОЛГОГРАДСКАЯ,2021,0.0,0.0,0.0
8850214,"ООО ""СПЕЦИАЛИЗИРОВАННЫЙ ЗАСТРОЙЩИК ""СТРОЙКОМПЛЕКС""",3328498390,ВЛАДИМИРСКАЯ,2023,0.0,-79.0,-79.0
8850214,"ООО ""СПЕЦИАЛИЗИРОВАННЫЙ ЗАСТРОЙЩИК ""СТРОЙКОМПЛЕКС""",3328498390,ВЛАДИМИРСКАЯ,2022,5485.0,-22432.0,-22432.0
8850214,"ООО ""СПЕЦИАЛИЗИРОВАННЫЙ ЗАСТРОЙЩИК ""СТРОЙКОМПЛЕКС""",3328498390,ВЛАДИМИРСКАЯ,2021,41979.0,-123965.0,-123965.0
8851975,"ООО СК ""ЭЛИТ-СТРОЙ""",7604267458,ЯРОСЛАВСКАЯ,2022,50586.0,648.0,648.0
8851975,"ООО СК ""ЭЛИТ-СТРОЙ""",7604267458,ЯРОСЛАВСКАЯ,2021,47694.0,554.0,554.0
8852078,"ООО ""СТРОЙКОМ""",1007023369,КАРЕЛИЯ,2024,0.0,0.0,0.0
8852078,"ООО ""СТРОЙКОМ""",1007023369,КАРЕЛИЯ,2023,0.0,0.0,0.0
8852078,"ООО ""СТРОЙКОМ""",1007023369,КАРЕЛИЯ,2022,0.0,0.0,0.0
8852078,"ООО ""СТРОЙКОМ""",1007023369,КАРЕЛИЯ,2021,850.0,71.0,122.0
8852453,"ООО ""ИСТТЭК-СТРОЙСЕРВИС""",7733895179,МОСКВА,2021,0.0,-36.0,-36.0
8870086,"ООО ПК ""АРХИДЕЯ""",5038108041,МОСКВА,2021,49382.0,-6901.0,-6866.0
8871424,"ООО ""ЕВРОСЕРВИСКОМПЛЕКТ""",6679057801,СВЕРДЛОВСКАЯ,2021,0.0,0.0,0.0
8878107,"ООО ""КОРПОРАЦИЯ ВОИН""",9102029781,КРЫМ,2022,0.0,0.0,0.0
8878107,"ООО ""КОРПОРАЦИЯ ВОИН""",9102029781,КРЫМ,2021,0.0,0.0,0.0
8880004,"ООО ""КСК""",2311180279,КРАСНОДАРСКИЙ,2021,0.0,0.0,0.0
8882161,"ООО ""АВЕРС-СТАЙЛ""",2461227529,КРАСНОЯРСКИЙ,2023,0.0,0.0,0.0
8869809,"ООО ""2А ИНВЕСТ""",7804541323,САНКТ-ПЕТЕРБУРГ,2021,0.0,-17.0,-17.0
8635267,"ООО ""СПЕЦСТРОЙСЕРВИС""",278213820,БАШКОРТОСТАН,2022,0.0,0.0,0.0
8635267,"ООО ""СПЕЦСТРОЙСЕРВИС""",278213820,БАШКОРТОСТАН,2021,0.0,0.0,0.0
9766984,"ООО ""ИВЕНТ 2017""",9729008533,МОСКВА,2021,0.0,0.0,0.0
9756571,"ООО ""СУ 32""",9729007321,МОСКВА,2023,0.0,0.0,0.0
9756571,"ООО ""СУ 32""",9729007321,МОСКВА,2022,0.0,0.0,0.0
9756571,"ООО ""СУ 32""",9729007321,МОСКВА,2021,0.0,0.0,0.0
9761278,"ЖСК ""ЭТАЛОН 05""",533016188,ДАГЕСТАН,2024,0.0,0.0,0.0
9762514,"ООО ""ИНВЕСТСТРОЙПРОЕКТ""",9701040664,МОСКВА,2023,50.0,-695.0,-695.0
9762514,"ООО ""ИНВЕСТСТРОЙПРОЕКТ""",9701040664,МОСКВА,2022,100.0,-782.0,-782.0
9762514,"ООО ""ИНВЕСТСТРОЙПРОЕКТ""",9701040664,МОСКВА,2021,1568.0,-156.0,-150.0
9745228,"ООО ""РЕСНОТ""",7017401123,ТОМСКАЯ,2022,0.0,0.0,0.0
9745228,"ООО ""РЕСНОТ""",7017401123,ТОМСКАЯ,2021,0.0,0.0,0.0
9746912,"ООО ""СИТИ-СНАБ""",7456031664,ЧЕЛЯБИНСКАЯ,2021,0.0,0.0,0.0
9747293,"ООО ""ПУСК""",7448192330,ЧЕЛЯБИНСКАЯ,2021,0.0,-501.0,-494.0
9750171,"ООО ""ПРОФИСТРОЙ""",5609181105,ОРЕНБУРГСКАЯ,2021,0.0,0.0,0.0
9751284,"ООО ""ТЕПЛЫЙ УГОЛ""",7806237093,САНКТ-ПЕТЕРБУРГ,2022,44737.0,1186.0,1482.0
9751284,"ООО ""ТЕПЛЫЙ УГОЛ""",7806237093,САНКТ-ПЕТЕРБУРГ,2021,14300.0,0.0,0.0
9752319,"ООО ""ФОРТУНА""",261029967,БАШКОРТОСТАН,2021,0.0,0.0,0.0
9769621,"ООО ""ТЕХКОМ""",7722365116,МОСКВА,2021,18204.0,215.0,216.0
9770938,"ООО ""ДАБЛТИСТРОЙ""",7704358469,МОСКВА,2021,0.0,0.0,0.0
9770765,"ООО ""СМК-1""",7724365979,МОСКВА,2024,0.0,0.0,0.0
9770765,"ООО ""СМК-1""",7724365979,МОСКВА,2023,21916.0,48.0,60.0
9770765,"ООО ""СМК-1""",7724365979,МОСКВА,2022,667.0,30.0,38.0
9658027,"ООО ""РЕЗАНА""",9102206078,КРЫМ,2021,50969.0,-163570.0,-161093.0
9658181,"ООО ""СМУ № 2 - НОВОШИПСТРОЙ""",2315987994,КРАСНОДАРСКИЙ,2023,0.0,0.0,0.0
9658181,"ООО ""СМУ № 2 - НОВОШИПСТРОЙ""",2315987994,КРАСНОДАРСКИЙ,2022,0.0,0.0,0.0
9658181,"ООО ""СМУ № 2 - НОВОШИПСТРОЙ""",2315987994,КРАСНОДАРСКИЙ,2021,0.0,0.0,0.0
9658933,"ООО ""СОЛНЕЧНЫЙ ГОРОД""",7733273805,МОСКВА,2021,0.0,0.0,0.0
9738510,"ООО ""ИДНА""",5904335497,ПЕРМСКИЙ,2023,0.0,0.0,0.0
9738510,"ООО ""ИДНА""",5904335497,ПЕРМСКИЙ,2022,0.0,-6.0,-12.0
9738510,"ООО ""ИДНА""",5904335497,ПЕРМСКИЙ,2021,0.0,-35.0,-35.0
9739947,"ООО ""КСК""",1660271288,ТАТАРСТАН,2021,0.0,0.0,0.0
9743277,"ООО ""ССМ""",7743154074,МОСКВА,2022,0.0,0.0,0.0
9743277,"ООО ""ССМ""",7743154074,МОСКВА,2021,109.0,9.0,7.0
9743332,"ООО ""МОНТАЖРЕСУРС-М""",7733283480,МОСКВА,2021,0.0,-7360.0,-7360.0
11204581,"ООО ""СТАРТ М""",2007007129,ЧЕЧЕНСКАЯ,2021,17447.0,28.0,33.0
11263754,"ООО ""ПЕРСПЕКТИВА ПВ""",7716945479,МОСКВА,2022,23170.0,478.0,597.0
11263754,"ООО ""ПЕРСПЕКТИВА ПВ""",7716945479,МОСКВА,2021,232501.0,10916.0,8187.0
11263820,"ООО ""РАЯН""",546026151,ДАГЕСТАН,2022,0.0,0.0,0.0
11263820,"ООО ""РАЯН""",546026151,ДАГЕСТАН,2021,0.0,0.0,0.0
11264747,"ООО ""МЕГА""",7733352278,МОСКВА,2021,10639.0,458.0,344.0
11264862,"ООО ""МСТ-СТРОЙ""",7727440134,МОСКВА,2021,0.0,0.0,0.0
11262693,"ООО ""СТРОЙ ИНВЕСТ""",7810789160,САНКТ-ПЕТЕРБУРГ,2022,369.0,-950.0,-952.0
11262693,"ООО ""СТРОЙ ИНВЕСТ""",7810789160,САНКТ-ПЕТЕРБУРГ,2021,5423.0,479.0,459.0
11262769,"ООО ""СП""",2304076245,КРАСНОДАРСКИЙ,2021,783.0,-2515.0,-2515.0
11265796,"ООО ""СК ""СЕВЕР-СТРОЙ""",7810789393,САНКТ-ПЕТЕРБУРГ,2021,63159.0,189.0,-183.0
11266144,"ООО ""СВ КОНСТРАКШНСЕРВИС""",7736327008,САРАТОВСКАЯ,2021,1293318.0,13099.0,9170.0
11266300,"ООО СТК ""МЕГАПОЛИС ГРУПП""",7730256350,МОСКВА,2021,0.0,-17.0,-17.0
11267416,"ООО ""ФИРМА ""СПЕЦСТРОЙ""",2363001347,КРАСНОДАРСКИЙ,2023,0.0,0.0,0.0
11267416,"ООО ""ФИРМА ""СПЕЦСТРОЙ""",2363001347,КРАСНОДАРСКИЙ,2022,0.0,0.0,0.0
11267416,"ООО ""ФИРМА ""СПЕЦСТРОЙ""",2363001347,КРАСНОДАРСКИЙ,2021,98.0,33.0,25.0
11267479,"ООО ""СК ДОМОСТРОЙ""",3528313230,ВОЛОГОДСКАЯ,2021,4194.0,44.0,55.0
11267884,"ООО ""ВУЛКАН""",1103046030,КОМИ,2022,0.0,-8.0,-8.0
11267884,"ООО ""ВУЛКАН""",1103046030,КОМИ,2021,0.0,-918.0,-903.0
11267897,"ООО ""ЗЕТ СТРОЙ ИНВЕСТ""",7720497269,МОСКВА,2022,2171.0,23.0,17.0
11267897,"ООО ""ЗЕТ СТРОЙ ИНВЕСТ""",7720497269,МОСКВА,2021,0.0,0.0,0.0
11275262,"ООО ""СТРОЙГИД""",4253047374,КЕМЕРОВСКАЯ ОБЛАСТЬ - КУЗБАСС,2022,144.0,35.0,39.0
11275262,"ООО ""СТРОЙГИД""",4253047374,КЕМЕРОВСКАЯ ОБЛАСТЬ - КУЗБАСС,2021,0.0,0.0,0.0
11275472,"ООО ""АРСЕНАЛ""",7602153261,ЯРОСЛАВСКАЯ,2021,0.0,0.0,0.0
11275834,"ООО ""ЭЛЕМЕНТСТРОЙ""",7708375730,МОСКВА,2022,48.0,2.0,1.0
11275834,"ООО ""ЭЛЕМЕНТСТРОЙ""",7708375730,МОСКВА,2021,35.0,-50.0,-50.0
11276024,"ООО ""АЛЬФА-М""",7727440913,МОСКВА,2021,0.0,0.0,0.0
11268923,"ООО ""СТРОЙ-ИНВЕСТ-ЛОГИСТИК""",6320046541,САМАРСКАЯ,2021,296718.0,8556.0,10503.0
2532895,"ООО ""ОАЗИС""",6311080708,САМАРСКАЯ,2024,0.0,-11970.0,-11970.0
2532895,"ООО ""ОАЗИС""",6311080708,САМАРСКАЯ,2023,0.0,-3960.0,-3960.0
2532895,"ООО ""ОАЗИС""",6311080708,САМАРСКАЯ,2022,0.0,-19321.0,-19321.0
2532895,"ООО ""ОАЗИС""",6311080708,САМАРСКАЯ,2021,2100.0,-9048.0,-9048.0
12373623,"ООО ""ХАНИФСТРОЙ""",9721226762,МОСКВА,2024,0.0,0.0,0.0
12428705,"ООО ""НОЙ СТРОЙ-КОМПАНИ""",9109030602,КРЫМ,2024,583.0,3.0,2.0
12347901,"ООО ""НИКА""",9713008055,МОСКВА,2024,0.0,-50.0,-50.0
12418502,"ООО ""МЕГАСТРОЙ""",5024241861,МОСКОВСКАЯ,2024,0.0,0.0,0.0
8821205,"ООО ""СМУ ТЕНТЕК""",7743938512,МОСКВА,2024,0.0,0.0,0.0
8821205,"ООО ""СМУ ТЕНТЕК""",7743938512,МОСКВА,2023,46.0,-12.0,-12.0
8821205,"ООО ""СМУ ТЕНТЕК""",7743938512,МОСКВА,2022,29.0,1.0,0.0
8821205,"ООО ""СМУ ТЕНТЕК""",7743938512,МОСКВА,2021,43.0,7.0,5.0
8954898,"ООО ""КРЫМСТРОЙЭЛИТ""",9102044540,КРЫМ,2024,0.0,-4874.0,46.0
8954898,"ООО ""КРЫМСТРОЙЭЛИТ""",9102044540,КРЫМ,2023,0.0,-655.0,-655.0
8954898,"ООО ""КРЫМСТРОЙЭЛИТ""",9102044540,КРЫМ,2022,0.0,-728.0,-728.0
8954898,"ООО ""КРЫМСТРОЙЭЛИТ""",9102044540,КРЫМ,2021,0.0,-692.0,-692.0
11214283,"ООО ""СТАНДАРТ-М""",706005730,КАБАРДИНО-БАЛКАРСКАЯ,2024,0.0,0.0,0.0
11214283,"ООО ""СТАНДАРТ-М""",706005730,КАБАРДИНО-БАЛКАРСКАЯ,2023,1012.0,223.0,269.0
11214283,"ООО ""СТАНДАРТ-М""",706005730,КАБАРДИНО-БАЛКАРСКАЯ,2022,16031.0,2238.0,2717.0
11214283,"ООО ""СТАНДАРТ-М""",706005730,КАБАРДИНО-БАЛКАРСКАЯ,2021,7918.0,649.0,812.0
3130680,"ООО ""СТРОЙКОМПАНИЯ""",278062850,БАШКОРТОСТАН,2021,146.0,18.0,16.0
1161868,"ООО ""ИНТЕКСТРОЙ""",5406635628,НОВОСИБИРСКАЯ,2022,4274.0,7.0,9.0
1161868,"ООО ""ИНТЕКСТРОЙ""",5406635628,НОВОСИБИРСКАЯ,2021,26774.0,133.0,166.0
228321,"ООО ""КСК""",1658134132,ТАТАРСТАН,2024,0.0,0.0,0.0
228321,"ООО ""КСК""",1658134132,ТАТАРСТАН,2023,0.0,0.0,0.0
228321,"ООО ""КСК""",1658134132,ТАТАРСТАН,2022,782.0,13664.0,11329.0
228321,"ООО ""КСК""",1658134132,ТАТАРСТАН,2021,1496.0,-1272.0,-1409.0
10824450,"ООО ""АЛЬФА""",3525431997,ВОЛОГОДСКАЯ,2023,0.0,0.0,0.0
10824450,"ООО ""АЛЬФА""",3525431997,ВОЛОГОДСКАЯ,2022,0.0,0.0,0.0
10824450,"ООО ""АЛЬФА""",3525431997,ВОЛОГОДСКАЯ,2021,0.0,-54.0,-54.0
4858293,"ООО ""ЕДИНСТВО""",5034041364,МОСКОВСКАЯ,2023,0.0,0.0,0.0
4858293,"ООО ""ЕДИНСТВО""",5034041364,МОСКОВСКАЯ,2022,0.0,0.0,0.0
4858293,"ООО ""ЕДИНСТВО""",5034041364,МОСКОВСКАЯ,2021,0.0,0.0,0.0
8953685,"ООО ""ПРАВИЛЬНЫЕ РЕШЕНИЯ""",4802025550,ОРЛОВСКАЯ,2023,0.0,-421.0,-421.0
8953685,"ООО ""ПРАВИЛЬНЫЕ РЕШЕНИЯ""",4802025550,ОРЛОВСКАЯ,2022,11978.0,726.0,1464.0
8953685,"ООО ""ПРАВИЛЬНЫЕ РЕШЕНИЯ""",4802025550,ОРЛОВСКАЯ,2021,36571.0,2928.0,4554.0
9333213,"ООО ""СТРОЙМОНТАЖ""",6321389220,САМАРСКАЯ,2023,0.0,0.0,0.0
9333213,"ООО ""СТРОЙМОНТАЖ""",6321389220,САМАРСКАЯ,2022,0.0,0.0,0.0
9333213,"ООО ""СТРОЙМОНТАЖ""",6321389220,САМАРСКАЯ,2021,0.0,0.0,0.0
11400254,"ООО ""УМР""",7708387799,МОСКВА,2021,7661.0,62.0,62.0
8128880,"ООО ""ТРАК-ГАРАЖ""",7814578636,САНКТ-ПЕТЕРБУРГ,2022,18333.0,578.0,912.0
8128880,"ООО ""ТРАК-ГАРАЖ""",7814578636,САНКТ-ПЕТЕРБУРГ,2021,28620.0,173.0,459.0
10685778,"ООО ""СК КАПСТРОЙФАСАД""",7733327930,МОСКВА,2021,0.0,0.0,0.0
633789,"ООО ""ПРИОРИТЕТ""",1215160091,ЧУВАШСКАЯ РЕСПУБЛИКА -,2023,57.0,-1187.0,-1187.0
633789,"ООО ""ПРИОРИТЕТ""",1215160091,ЧУВАШСКАЯ РЕСПУБЛИКА -,2022,299.0,-1051.0,-1051.0
633789,"ООО ""ПРИОРИТЕТ""",1215160091,ЧУВАШСКАЯ РЕСПУБЛИКА -,2021,180.0,-1054.0,-1054.0
11320449,"ООО ""ПАВЛОВГРУПП""",6027201570,ПСКОВСКАЯ,2023,0.0,0.0,0.0
11320449,"ООО ""ПАВЛОВГРУПП""",6027201570,ПСКОВСКАЯ,2022,0.0,0.0,0.0
11320449,"ООО ""ПАВЛОВГРУПП""",6027201570,ПСКОВСКАЯ,2021,0.0,0.0,0.0
11067622,"ООО ""СК АЛЬТЕРНАТИВА""",5933011803,ПЕРМСКИЙ,2021,0.0,-69.0,-69.0
11454037,"ООО ""АПГРЕЙД""",1655448719,ТАТАРСТАН,2021,0.0,0.0,0.0
11314605,"ООО ""КРОНА""",7839127804,САНКТ-ПЕТЕРБУРГ,2021,1002.0,2.0,1.0
11398595,"ООО ""АКРОН""",6732200182,СМОЛЕНСКАЯ,2023,0.0,0.0,0.0
11398595,"ООО ""АКРОН""",6732200182,СМОЛЕНСКАЯ,2022,0.0,0.0,0.0
11398595,"ООО ""АКРОН""",6732200182,СМОЛЕНСКАЯ,2021,41564.0,14.0,14.0
821978,"ООО ""НГС ИНЖИНИРИНГ""",6322035376,САМАРСКАЯ,2021,0.0,0.0,0.0
9482237,"ООО ""СТРОЙ-ЭКСПЕРТ""",5262326418,НИЖЕГОРОДСКАЯ,2021,326347.0,3968.0,1483.0
11677169,"ООО ""БИЛДХАУС""",242013560,БАШКОРТОСТАН,2021,4500.0,-3128.0,-3843.0
5883137,"ООО ""РЕГИОННОРДСТРОЙ""",5190116715,МУРМАНСКАЯ,2021,0.0,0.0,0.0
10766695,"ООО ""СТРОЙГАРАНТ""",5031130915,МОСКОВСКАЯ,2021,67535.0,133.0,167.0
11525559,"ООО ""АЛЬТЕРНАТИВА""",2366025603,КРАСНОДАРСКИЙ,2022,15670.0,302.0,227.0
11525559,"ООО ""АЛЬТЕРНАТИВА""",2366025603,КРАСНОДАРСКИЙ,2021,5971.0,77.0,58.0
12242221,"ООО""СТРОЙТРЕСТ""",5406834126,НОВОСИБИРСКАЯ,2024,0.0,0.0,0.0
12242221,"ООО""СТРОЙТРЕСТ""",5406834126,НОВОСИБИРСКАЯ,2023,0.0,0.0,0.0
5566911,"ООО ""РАЗВИТИЕ""",3311017203,ВЛАДИМИРСКАЯ,2024,0.0,0.0,0.0
5566911,"ООО ""РАЗВИТИЕ""",3311017203,ВЛАДИМИРСКАЯ,2022,0.0,0.0,0.0
11082961,"ООО ""ПАРУС""",3665806300,ВОРОНЕЖСКАЯ,2024,41251.0,229.0,286.0
11082961,"ООО ""ПАРУС""",3665806300,ВОРОНЕЖСКАЯ,2023,2508.0,821.0,864.0
11082961,"ООО ""ПАРУС""",3665806300,ВОРОНЕЖСКАЯ,2022,48839.0,397.0,496.0
11082961,"ООО ""ПАРУС""",3665806300,ВОРОНЕЖСКАЯ,2021,43673.0,334.0,417.0
11657450,"ООО ""ДОБОРЫЧ""",1660367712,ТАТАРСТАН,2023,19932.0,135.0,169.0
11657450,"ООО ""ДОБОРЫЧ""",1660367712,ТАТАРСТАН,2022,11632.0,112.0,138.0
11657450,"ООО ""ДОБОРЫЧ""",1660367712,ТАТАРСТАН,2021,0.0,-8.0,-8.0
11565929,"ООО ""СТ-МИКС""",6165228784,РОСТОВСКАЯ,2023,20780.0,-1294.0,1172.0
11565929,"ООО ""СТ-МИКС""",6165228784,РОСТОВСКАЯ,2022,11902.0,5423.0,5542.0
11565929,"ООО ""СТ-МИКС""",6165228784,РОСТОВСКАЯ,2021,3228.0,1913.0,2075.0
11208608,"ООО ""СТРОЙКОМПАНИ""",7839124426,САНКТ-ПЕТЕРБУРГ,2022,0.0,-927.0,-916.0
11208608,"ООО ""СТРОЙКОМПАНИ""",7839124426,САНКТ-ПЕТЕРБУРГ,2021,21311.0,-8940.0,-8809.0
12373441,"ООО ""АЛЬФА ГАРАНТ""",5012112540,МОСКОВСКАЯ,2024,1833.0,190.0,238.0
11474154,"ООО ""КОНСТРУКЦИЯ""",1657265679,ТАТАРСТАН,2023,282.0,10.0,7.0
11474154,"ООО ""КОНСТРУКЦИЯ""",1657265679,ТАТАРСТАН,2022,9529.0,161.0,121.0
11474154,"ООО ""КОНСТРУКЦИЯ""",1657265679,ТАТАРСТАН,2021,5546.0,99.0,74.0
10922880,"ООО ""СК ИНЖСТРОЙ""",9718127120,МОСКВА,2024,203679.0,4088.0,8032.0
10922880,"ООО ""СК ИНЖСТРОЙ""",9718127120,МОСКВА,2023,803153.0,31.0,11357.0
10922880,"ООО ""СК ИНЖСТРОЙ""",9718127120,МОСКВА,2022,244964.0,27425.0,42258.0
10922880,"ООО ""СК ИНЖСТРОЙ""",9718127120,МОСКВА,2021,540464.0,136.0,358.0
5312635,"ООО ""СВ ПРОЕКТ""",5261046993,МОСКОВСКАЯ,2024,237769.0,-26149.0,-32936.0
5312635,"ООО ""СВ ПРОЕКТ""",5261046993,МОСКОВСКАЯ,2023,109610.0,-21885.0,-21867.0
5312635,"ООО ""СВ ПРОЕКТ""",5261046993,МОСКОВСКАЯ,2022,443494.0,3454.0,4339.0
5312635,"ООО ""СВ ПРОЕКТ""",5261046993,МОСКОВСКАЯ,2021,102918.0,2960.0,3783.0
11766851,"ООО ""СТРОЙ-ДИАЛОГ""",5032337574,МОСКОВСКАЯ,2022,0.0,0.0,0.0
11053121,"ООО ""СТРОЙГРУППА ""ПРОМИНВЕСТ""",7113015160,ТУЛЬСКАЯ,2024,59349.0,406.0,305.0
11053121,"ООО ""СТРОЙГРУППА ""ПРОМИНВЕСТ""",7113015160,ТУЛЬСКАЯ,2023,0.0,0.0,0.0
11053121,"ООО ""СТРОЙГРУППА ""ПРОМИНВЕСТ""",7113015160,ТУЛЬСКАЯ,2022,0.0,0.0,0.0
11053121,"ООО ""СТРОЙГРУППА ""ПРОМИНВЕСТ""",7113015160,ТУЛЬСКАЯ,2021,982.0,9844.0,9843.0
11677088,"ООО ""СЗ ""АРКАДА-ВИТА ОДИН""",9102277093,КРЫМ,2022,0.0,-8.0,-6.0
11677088,"ООО ""СЗ ""АРКАДА-ВИТА ОДИН""",9102277093,КРЫМ,2021,0.0,-9.0,-9.0
11944420,"ООО ""АГРОХОЛДИНГ""",2918012638,АРХАНГЕЛЬСКАЯ,2022,1528.0,975.0,803.0
10151943,"ООО ""ВКС""",7838067126,САНКТ-ПЕТЕРБУРГ,2021,0.0,0.0,0.0
10330469,"ООО ""СТАНДАРТ""",6330078158,САМАРСКАЯ,2024,0.0,0.0,0.0
10330469,"ООО ""СТАНДАРТ""",6330078158,САМАРСКАЯ,2023,0.0,0.0,0.0
10330469,"ООО ""СТАНДАРТ""",6330078158,САМАРСКАЯ,2022,0.0,0.0,0.0
10330469,"ООО ""СТАНДАРТ""",6330078158,САМАРСКАЯ,2021,0.0,0.0,0.0
8426697,"ООО ""КОНСТАНТА""",5405492712,НОВОСИБИРСКАЯ,2023,5570.0,375.0,440.0
8426697,"ООО ""КОНСТАНТА""",5405492712,НОВОСИБИРСКАЯ,2022,5520.0,410.0,362.0
8426697,"ООО ""КОНСТАНТА""",5405492712,НОВОСИБИРСКАЯ,2021,5046.0,-116.0,-116.0
11918616,"ООО ""ПРОМЕТЕЙ""",1839012778,УДМУРТСКАЯ,2022,1470.0,30.0,37.0
9772708,"ООО ""АЛМОССТРОЙ""",7805673989,САНКТ-ПЕТЕРБУРГ,2021,0.0,0.0,0.0
11767197,"ООО ""БАШПРОММОНТАЖ""",263033630,БАШКОРТОСТАН,2022,20821.0,20.0,25.0
12509911,"ООО ""ЭТАЛОН-СВ""",9703187327,МОСКВА,2024,677.0,521.0,391.0
12092404,"ООО ""КАПИТАЛ СТРОЙ""",7456052150,ЧЕЛЯБИНСКАЯ,2024,1665.0,41.0,51.0
12092404,"ООО ""КАПИТАЛ СТРОЙ""",7456052150,ЧЕЛЯБИНСКАЯ,2023,18937.0,510.0,664.0
12119022,"ООО ""КОРОНА""",7720891032,МОСКВА,2024,261111.0,12632.0,15789.0
12119022,"ООО ""КОРОНА""",7720891032,МОСКВА,2023,272535.0,9088.0,11360.0
9618072,"ООО ""СТРОЙКОМПЛЕКТ""",4345436116,КИРОВСКАЯ,2022,0.0,0.0,0.0
9618072,"ООО ""СТРОЙКОМПЛЕКТ""",4345436116,КИРОВСКАЯ,2021,0.0,0.0,0.0
11263004,"ООО ""ГАЗАРТ-СТРОЙ""",2634106441,СТАВРОПОЛЬСКИЙ,2024,27698.0,298.0,430.0
11263004,"ООО ""ГАЗАРТ-СТРОЙ""",2634106441,СТАВРОПОЛЬСКИЙ,2023,49775.0,1179.0,1500.0
11263004,"ООО ""ГАЗАРТ-СТРОЙ""",2634106441,СТАВРОПОЛЬСКИЙ,2022,88134.0,994.0,1243.0
11263004,"ООО ""ГАЗАРТ-СТРОЙ""",2634106441,СТАВРОПОЛЬСКИЙ,2021,966.0,0.0,0.0
11559012,"ООО ""ГОССТРОЙ""",6950249798,ТВЕРСКАЯ,2021,17244.0,513.0,341.0
11060589,"ООО СК""ИСТОКСТРОЙ """,7415102980,ЧЕЛЯБИНСКАЯ,2022,14623.0,2937.0,3672.0
11060589,"ООО СК""ИСТОКСТРОЙ """,7415102980,ЧЕЛЯБИНСКАЯ,2021,7598.0,0.0,0.0
11869658,"ООО ""АМИР""",2724249613,ХАБАРОВСКИЙ,2024,20863.0,213.0,213.0
11869658,"ООО ""АМИР""",2724249613,ХАБАРОВСКИЙ,2023,9019.0,194.0,194.0
11869658,"ООО ""АМИР""",2724249613,ХАБАРОВСКИЙ,2022,2271.0,101.0,101.0
10050929,"ООО ""БЛАГОДОМ""",9102222721,КРЫМ,2022,0.0,0.0,0.0
10050929,"ООО ""БЛАГОДОМ""",9102222721,КРЫМ,2021,0.0,0.0,0.0
12121456,"ООО ""ЛИДЕРСТРОЙ""",572032779,ДАГЕСТАН,2024,5285.0,-463.0,-509.0
12121456,"ООО ""ЛИДЕРСТРОЙ""",572032779,ДАГЕСТАН,2023,14401.0,504.0,378.0
11906544,"ООО ""Д.Л.ГРУПП""",9725091241,МОСКВА,2024,89873.0,4662.0,5829.0
11906544,"ООО ""Д.Л.ГРУПП""",9725091241,МОСКВА,2023,0.0,-38.0,-38.0
11906544,"ООО ""Д.Л.ГРУПП""",9725091241,МОСКВА,2022,0.0,0.0,0.0
11862915,"ООО ""МИА-СТРОЙ""",6685200369,СВЕРДЛОВСКАЯ,2023,27852.0,4757.0,7099.0
11862915,"ООО ""МИА-СТРОЙ""",6685200369,СВЕРДЛОВСКАЯ,2022,26423.0,12093.0,15081.0
11674247,"ООО СК ""СТРЕЛА""",7453342911,ЧЕЛЯБИНСКАЯ,2023,0.0,-117.0,-117.0
11674247,"ООО СК ""СТРЕЛА""",7453342911,ЧЕЛЯБИНСКАЯ,2022,2136.0,-1004.0,-966.0
11674247,"ООО СК ""СТРЕЛА""",7453342911,ЧЕЛЯБИНСКАЯ,2021,5045.0,1579.0,1734.0
7877724,"ООО ""УКР""",6678027586,СВЕРДЛОВСКАЯ,2024,0.0,0.0,0.0
7877724,"ООО ""УКР""",6678027586,СВЕРДЛОВСКАЯ,2023,0.0,0.0,0.0
7877724,"ООО ""УКР""",6678027586,СВЕРДЛОВСКАЯ,2022,0.0,0.0,0.0
7877724,"ООО ""УКР""",6678027586,СВЕРДЛОВСКАЯ,2021,0.0,0.0,0.0
9452245,"ООО ""АРТФАС""",5609178367,ОРЕНБУРГСКАЯ,2022,0.0,0.0,0.0
9452245,"ООО ""АРТФАС""",5609178367,ОРЕНБУРГСКАЯ,2021,159704.0,123.0,92.0
8775379,"ООО ""СМУ-92""",9204000990,САНКТ-ПЕТЕРБУРГ,2021,0.0,0.0,0.0
11759875,"ООО ""МЕЧТА""",1684001675,ТАТАРСТАН,2023,216.0,0.0,0.0
11028708,"ООО ""СМС 2005""",5009119419,МОСКОВСКАЯ,2021,4001.0,20.0,20.0
10735297,"ООО ""МСП""",7727383937,МОСКВА,2023,119287.0,-11786.0,-8942.0
10735297,"ООО ""МСП""",7727383937,МОСКВА,2022,271810.0,662.0,418.0
10735297,"ООО ""МСП""",7727383937,МОСКВА,2021,292416.0,-8233.0,-6469.0
9569367,"ООО ""СПЕЦФУНДАМЕНТСТРОЙ""",7743134649,МОСКВА,2021,20496.0,-8.0,197.0
9843449,"ООО ""АЛЬЯНС""",326547430,БУРЯТИЯ,2024,217161.0,41.0,1578.0
9843449,"ООО ""АЛЬЯНС""",326547430,БУРЯТИЯ,2023,172580.0,615.0,2389.0
9843449,"ООО ""АЛЬЯНС""",326547430,БУРЯТИЯ,2022,121641.0,2810.0,5574.0
9843449,"ООО ""АЛЬЯНС""",326547430,БУРЯТИЯ,2021,72425.0,2345.0,3037.0
9220783,"ООО ""СМК""",6732106140,СМОЛЕНСКАЯ,2024,5566.0,81.0,101.0
9220783,"ООО ""СМК""",6732106140,СМОЛЕНСКАЯ,2023,11803.0,-44.0,22.0
9220783,"ООО ""СМК""",6732106140,СМОЛЕНСКАЯ,2022,4789.0,195.0,321.0
9220783,"ООО ""СМК""",6732106140,СМОЛЕНСКАЯ,2021,23908.0,805.0,1009.0
9576490,"ООО ""ЛЮБИМЫЙ ГОРОД""",1901128463,ХАКАСИЯ,2024,33863.0,-2673.0,-2673.0
9576490,"ООО ""ЛЮБИМЫЙ ГОРОД""",1901128463,ХАКАСИЯ,2023,28446.0,-21239.0,-21239.0
9576490,"ООО ""ЛЮБИМЫЙ ГОРОД""",1901128463,ХАКАСИЯ,2022,25864.0,-3817.0,-3817.0
9576490,"ООО ""ЛЮБИМЫЙ ГОРОД""",1901128463,ХАКАСИЯ,2021,7699.0,-5992.0,-6018.0
12237991,"ООО ""СТК""",5027319379,МОСКОВСКАЯ,2024,21032.0,363.0,426.0
12237991,"ООО ""СТК""",5027319379,МОСКОВСКАЯ,2023,8982.0,1821.0,1903.0
2150280,"ООО ""РЕГИОНСТРОЙ""",7801190740,ЛЕНИНГРАДСКАЯ,2024,87208.0,771.0,-101.0
2150280,"ООО ""РЕГИОНСТРОЙ""",7801190740,ЛЕНИНГРАДСКАЯ,2023,4701.0,4691.0,4691.0
2150280,"ООО ""РЕГИОНСТРОЙ""",7801190740,ЛЕНИНГРАДСКАЯ,2022,10433.0,261.0,406.0
2150280,"ООО ""РЕГИОНСТРОЙ""",7801190740,ЛЕНИНГРАДСКАЯ,2021,429.0,85.0,80.0
12401607,"ООО ""СК-МСК""",7734496226,МОСКВА,2024,0.0,0.0,0.0
12483095,"ООО ""АВИЛОН""",3100033990,БЕЛГОРОДСКАЯ,2024,0.0,0.0,0.0
12275667,"ООО ""ПКМ""",2311355377,КРАСНОДАРСКИЙ,2024,36863.0,8722.0,6512.0
12427568,"ООО ""РСС""",4100050242,КАМЧАТСКИЙ,2024,26015.0,4356.0,4840.0
12279592,"ООО ""ИНВЕСТСТРОЙ""",7733423754,МОСКВА,2024,17244.0,294.0,375.0
12536162,"ООО ""ЧЕХОВ ГРАД""",7224091864,ТЮМЕНСКАЯ,2024,0.0,0.0,0.0
12521129,"ООО ""БК ЛИДЕР""",7743456050,МОСКВА,2024,0.0,-7.0,-7.0
12307126,"ООО ""АРМАДА""",3528339534,ВОЛОГОДСКАЯ,2024,1801.0,134.0,134.0
12527470,"ООО ""ООО ""ТИМАВТО""""",9731140264,МОСКВА,2024,0.0,0.0,0.0
12443609,"ООО ""УМЕТСТРОЙ""",268100866,БАШКОРТОСТАН,2024,167.0,47.0,59.0
12413246,"ООО ""АТА""",2365033295,КРАСНОДАРСКИЙ,2024,5297.0,40.0,49.0
12365277,"ООО ""СТАРСТРОЙ""",6800008017,ТАМБОВСКАЯ,2024,10253.0,6.0,6.0
12516929,"ООО ""ТЭПС""",5017137620,МОСКОВСКАЯ,2024,18030.0,-4088.0,-4070.0
12433701,"ООО ""АНС КАПСТРОЙ""",9717160445,МОСКВА,2024,500.0,152.0,156.0
8061915,"ООО ""АЛЬФА ПЛЮС""",725012250,КАБАРДИНО-БАЛКАРСКАЯ,2024,5184.0,385.0,481.0
11868885,"ООО ""ОЛИМПИЯ""",6320068070,САМАРСКАЯ,2022,31730.0,0.0,0.0
11805203,"МНПК ""ЗОЛОТАЯ ЗВЕЗДА""",9723144890,МОСКВА,2021,0.0,0.0,0.0
11805796,"ООО ""ЭКОСТРОЙ""",2311331584,КРАСНОДАРСКИЙ,2023,0.0,-712.0,-712.0
11805796,"ООО ""ЭКОСТРОЙ""",2311331584,КРАСНОДАРСКИЙ,2022,0.0,-5.0,-5.0
11806475,"ООО ""З""",7714483243,МОСКВА,2022,4573.0,284.0,214.0
11806052,"ООО ""САТУРН""",9703079850,МОСКВА,2022,149239.0,16.0,12.0
11806128,"ООО ""МИР РЕМОНТА""",9703079900,МОСКВА,2023,0.0,0.0,0.0
11806128,"ООО ""МИР РЕМОНТА""",9703079900,МОСКВА,2022,0.0,0.0,0.0
11806988,"ООО ""ВЕКТОР36""",3662299204,ВОРОНЕЖСКАЯ,2022,45618.0,32.0,40.0
11809328,"ООО ""ЛИНК""",9702041646,МОСКВА,2022,29883.0,15.0,11.0
11809791,"ООО ""СК ИНДУСТРИЯ""",9704128733,МОСКВА,2022,733892.0,0.0,0.0
11758856,"ООО СК ""МОЙ ДОМ""",1655470520,ТАТАРСТАН,2023,3899.0,-6312.0,-6312.0
11758856,"ООО СК ""МОЙ ДОМ""",1655470520,ТАТАРСТАН,2022,6322.0,-261.0,-119.0
11759275,"ООО ""КАМАСПЕЦСТРОЙ""",5981009730,ПЕРМСКИЙ,2023,8478.0,1.0,-1.0
11759275,"ООО ""КАМАСПЕЦСТРОЙ""",5981009730,ПЕРМСКИЙ,2022,8145.0,616.0,433.0
11758925,"ООО ""ВЕНЕРА""",9701194470,МОСКВА,2022,9300.0,48.0,60.0
11760576,"ООО ""ЗООЛ""",9725072390,МОСКВА,2022,0.0,0.0,0.0
11760652,"ООО ""НОВАГРУПП""",7716963132,МОСКВА,2023,10068.0,293.0,366.0
11760652,"ООО ""НОВАГРУПП""",7716963132,МОСКВА,2022,37389.0,810.0,1013.0
11760112,"ООО ""СК23""",9717110282,МОСКВА,2022,0.0,-6.0,-6.0
11831532,"ООО ""СМУ-89""",528014403,ДАГЕСТАН,2023,0.0,0.0,0.0
11832608,"ООО ""ГЛОБАЛГРУПП""",9721163167,МОСКВА,2023,1033348.0,107.0,134.0
11832608,"ООО ""ГЛОБАЛГРУПП""",9721163167,МОСКВА,2022,409494.0,49.0,396.0
11833383,"ООО ""ВОСТОК-1""",5404310504,НОВОСИБИРСКАЯ,2023,16374.0,64.0,80.0
11823039,"ООО ""АЛМАЗ""",9703083624,МОСКВА,2022,7223.0,42.0,53.0
12258262,"ООО ""СВС""",5260491945,НИЖЕГОРОДСКАЯ,2023,0.0,-30.0,-30.0
11133806,"ООО ""КВАДРАТНЫЙ МЕТР""",105081550,АДЫГЕЯ,2022,0.0,0.0,0.0
11133806,"ООО ""КВАДРАТНЫЙ МЕТР""",105081550,АДЫГЕЯ,2021,0.0,0.0,0.0
10427683,"ООО ""СТИЛЬСТРОЙ""",6311175702,САМАРСКАЯ,2024,195182.0,896.0,1292.0
10427683,"ООО ""СТИЛЬСТРОЙ""",6311175702,САМАРСКАЯ,2023,288189.0,11806.0,14770.0
10427683,"ООО ""СТИЛЬСТРОЙ""",6311175702,САМАРСКАЯ,2022,88002.0,504.0,646.0
10427683,"ООО ""СТИЛЬСТРОЙ""",6311175702,САМАРСКАЯ,2021,48108.0,578.0,726.0
5036026,"ООО ""ЛИТПРОМСТРОЙ"" , ООО ""ЛПС""",1327155678,МОРДОВИЯ,2024,0.0,0.0,0.0
5036026,"ООО ""ЛИТПРОМСТРОЙ"" , ООО ""ЛПС""",1327155678,МОРДОВИЯ,2023,0.0,0.0,0.0
5036026,"ООО ""ЛИТПРОМСТРОЙ"" , ООО ""ЛПС""",1327155678,МОРДОВИЯ,2022,0.0,0.0,0.0
5036026,"ООО ""ЛИТПРОМСТРОЙ"" , ООО ""ЛПС""",1327155678,МОРДОВИЯ,2021,0.0,0.0,0.0
11999900,"ООО  ""СТРОЙРЕГИОН""",3100009556,БЕЛГОРОДСКАЯ,2024,57389.0,80.0,108.0
11999900,"ООО  ""СТРОЙРЕГИОН""",3100009556,БЕЛГОРОДСКАЯ,2023,139669.0,87.0,164.0
11999900,"ООО  ""СТРОЙРЕГИОН""",3100009556,БЕЛГОРОДСКАЯ,2022,0.0,-8.0,-8.0
9288275,"ООО ""СП-ГРУПП""",7717292769,МОСКВА,2024,0.0,-1285.0,-1285.0
9288275,"ООО ""СП-ГРУПП""",7717292769,МОСКВА,2023,48.0,-13231.0,-13231.0
9288275,"ООО ""СП-ГРУПП""",7717292769,МОСКВА,2022,939.0,-345912.0,-345912.0
9288275,"ООО ""СП-ГРУПП""",7717292769,МОСКВА,2021,1573.0,-10489.0,-10253.0
7834715,"ООО ""РЕГИОНИНВЕСТСТРОЙ""",1659129671,ТАТАРСТАН,2024,151.0,-311.0,-304.0
7834715,"ООО ""РЕГИОНИНВЕСТСТРОЙ""",1659129671,ТАТАРСТАН,2023,7512.0,509.0,580.0
7834715,"ООО ""РЕГИОНИНВЕСТСТРОЙ""",1659129671,ТАТАРСТАН,2022,0.0,0.0,0.0
7834715,"ООО ""РЕГИОНИНВЕСТСТРОЙ""",1659129671,ТАТАРСТАН,2021,0.0,0.0,0.0
10166414,"ООО ""АВАНГАРД С""",5405998097,НОВОСИБИРСКАЯ,2023,0.0,0.0,0.0
10166414,"ООО ""АВАНГАРД С""",5405998097,НОВОСИБИРСКАЯ,2022,0.0,0.0,0.0
12374099,"ООО ""СВЕТИКО""",2700025999,ХАБАРОВСКИЙ,2024,483.0,0.0,0.0
11120212,"ООО ""ГРУППА 100""",277943848,БАШКОРТОСТАН,2024,0.0,0.0,0.0
11120212,"ООО ""ГРУППА 100""",277943848,БАШКОРТОСТАН,2022,0.0,0.0,0.0
11120212,"ООО ""ГРУППА 100""",277943848,БАШКОРТОСТАН,2021,962.0,58.0,73.0
11913702,"ООО ""СТ""",5610246195,ОРЕНБУРГСКАЯ,2024,310058.0,-1660.0,-1660.0
11913702,"ООО ""СТ""",5610246195,ОРЕНБУРГСКАЯ,2023,297087.0,1651.0,2373.0
11913702,"ООО ""СТ""",5610246195,ОРЕНБУРГСКАЯ,2022,0.0,-73.0,-73.0
8156982,"ООО""ДОБРЫЙ ДОМ""",265040383,БАШКОРТОСТАН,2024,0.0,0.0,0.0
8156982,"ООО""ДОБРЫЙ ДОМ""",265040383,БАШКОРТОСТАН,2023,0.0,0.0,0.0
8156982,"ООО""ДОБРЫЙ ДОМ""",265040383,БАШКОРТОСТАН,2022,0.0,0.0,0.0
8156982,"ООО""ДОБРЫЙ ДОМ""",265040383,БАШКОРТОСТАН,2021,0.0,0.0,0.0
8052939,"ООО ""АЛЬП-МАСТЕРСКАЯ""",7839484073,САНКТ-ПЕТЕРБУРГ,2024,0.0,0.0,0.0
8052939,"ООО ""АЛЬП-МАСТЕРСКАЯ""",7839484073,САНКТ-ПЕТЕРБУРГ,2023,0.0,0.0,0.0
8052939,"ООО ""АЛЬП-МАСТЕРСКАЯ""",7839484073,САНКТ-ПЕТЕРБУРГ,2022,0.0,0.0,0.0
8052939,"ООО ""АЛЬП-МАСТЕРСКАЯ""",7839484073,САНКТ-ПЕТЕРБУРГ,2021,0.0,0.0,0.0
11014008,"ООО ""КОМПАНИЯ АЗИМУТ""",6684034292,СВЕРДЛОВСКАЯ,2024,0.0,0.0,0.0
11014008,"ООО ""КОМПАНИЯ АЗИМУТ""",6684034292,СВЕРДЛОВСКАЯ,2023,0.0,0.0,0.0
11014008,"ООО ""КОМПАНИЯ АЗИМУТ""",6684034292,СВЕРДЛОВСКАЯ,2022,0.0,0.0,0.0
11014008,"ООО ""КОМПАНИЯ АЗИМУТ""",6684034292,СВЕРДЛОВСКАЯ,2021,0.0,0.0,0.0
1676184,"ООО ""НИКОСТРОЙ""",3720002166,ИВАНОВСКАЯ,2024,0.0,-9636.0,-9636.0
1676184,"ООО ""НИКОСТРОЙ""",3720002166,ИВАНОВСКАЯ,2023,0.0,-370.0,-370.0
1676184,"ООО ""НИКОСТРОЙ""",3720002166,ИВАНОВСКАЯ,2022,0.0,-369.0,-369.0
1676184,"ООО ""НИКОСТРОЙ""",3720002166,ИВАНОВСКАЯ,2021,0.0,-369.0,-369.0
10581027,"ООО ""СПЕЦТЕХМОНТАЖ""",7327086376,УЛЬЯНОВСКАЯ,2024,0.0,-1293.0,-1293.0
10581027,"ООО ""СПЕЦТЕХМОНТАЖ""",7327086376,УЛЬЯНОВСКАЯ,2023,0.0,0.0,0.0
10581027,"ООО ""СПЕЦТЕХМОНТАЖ""",7327086376,УЛЬЯНОВСКАЯ,2021,70167.0,-6829.0,-6829.0
12333854,"ООО ""ТЕХСТРОЙ""",7447315282,ЧЕЛЯБИНСКАЯ,2024,0.0,0.0,0.0
12333854,"ООО ""ТЕХСТРОЙ""",7447315282,ЧЕЛЯБИНСКАЯ,2023,0.0,0.0,0.0
11064974,"ООО ""ПЕРСПЕКТИВА""",2311290360,КРАСНОДАРСКИЙ,2023,4758.0,284.0,-7.0
11064974,"ООО ""ПЕРСПЕКТИВА""",2311290360,КРАСНОДАРСКИЙ,2022,6354.0,16.0,-176.0
11064974,"ООО ""ПЕРСПЕКТИВА""",2311290360,КРАСНОДАРСКИЙ,2021,18368.0,124.0,58.0
12494096,"ООО ""СБ""",7300034130,УЛЬЯНОВСКАЯ,2024,0.0,-22.0,-18.0
305539,"ООО ""ДИЗАЙНСТРОЙСЕРВИС""",1646014673,ТАТАРСТАН,2024,0.0,0.0,0.0
305539,"ООО ""ДИЗАЙНСТРОЙСЕРВИС""",1646014673,ТАТАРСТАН,2023,0.0,0.0,0.0
305539,"ООО ""ДИЗАЙНСТРОЙСЕРВИС""",1646014673,ТАТАРСТАН,2022,163.0,153.0,163.0
305539,"ООО ""ДИЗАЙНСТРОЙСЕРВИС""",1646014673,ТАТАРСТАН,2021,60.0,56.0,60.0
5732838,"ООО ""ФИРМА ""РЕМСТРОЙ ПЛЮС""",4205025726,КЕМЕРОВСКАЯ ОБЛАСТЬ - КУЗБАСС,2021,0.0,0.0,0.0
5684022,"ООО ""СТРОЙРЕНЕССАНС""",7203222202,СВЕРДЛОВСКАЯ,2021,0.0,0.0,0.0
5685688,"ООО ""СТРОЙГРАД""",7723679620,МОСКВА,2023,1236.0,-1375.0,-1731.0
5685688,"ООО ""СТРОЙГРАД""",7723679620,МОСКВА,2022,29928.0,384.0,274.0
5685688,"ООО ""СТРОЙГРАД""",7723679620,МОСКВА,2021,60931.0,1125.0,926.0
9188242,"ООО ""СТРОЙГАРАНТСЕРВИС""",4345414225,КИРОВСКАЯ,2022,0.0,0.0,0.0
9188242,"ООО ""СТРОЙГАРАНТСЕРВИС""",4345414225,КИРОВСКАЯ,2021,0.0,0.0,0.0
9188744,"ООО ""ОМЕГА-К""",5407222581,НОВОСИБИРСКАЯ,2021,0.0,-1.0,-1.0
9190489,"ООО ""РЕМСТРОЙ""",2013004454,ЧЕЧЕНСКАЯ,2024,0.0,0.0,0.0
9190489,"ООО ""РЕМСТРОЙ""",2013004454,ЧЕЧЕНСКАЯ,2023,0.0,0.0,0.0
9190809,"ООО ""МЕГА""",5504100317,ОМСКАЯ,2022,0.0,0.0,0.0
9190809,"ООО ""МЕГА""",5504100317,ОМСКАЯ,2021,0.0,0.0,0.0
9132614,"ООО ""ВИП СТРОЙ""",5612088667,ОРЕНБУРГСКАЯ,2023,25434.0,533.0,666.0
9132614,"ООО ""ВИП СТРОЙ""",5612088667,ОРЕНБУРГСКАЯ,2022,6331.0,153.0,191.0
9132614,"ООО ""ВИП СТРОЙ""",5612088667,ОРЕНБУРГСКАЯ,2021,3319.0,56.0,70.0
9218067,"ООО ""СК ЛИДЕР""",7718161536,МОСКВА,2023,88.0,-15.0,-15.0
9218067,"ООО ""СК ЛИДЕР""",7718161536,МОСКВА,2022,2170.0,36.0,40.0
9218067,"ООО ""СК ЛИДЕР""",7718161536,МОСКВА,2021,670.0,5.0,6.0
9219478,"ООО ""СИБПОЛИМЕР""",8602257103,ХАНТЫ-МАНСИЙСКИЙ АВТОНОМНЫЙ ОКРУГ - ЮГРА,2021,0.0,-5945.0,-5945.0
9219577,"ООО ""ИСК ""КАЗАНСКИЙ ГИПРОНИИАВИАПРОМ""",1661044640,ТАТАРСТАН,2023,0.0,0.0,0.0
9219577,"ООО ""ИСК ""КАЗАНСКИЙ ГИПРОНИИАВИАПРОМ""",1661044640,ТАТАРСТАН,2022,0.0,0.0,0.0
9219577,"ООО ""ИСК ""КАЗАНСКИЙ ГИПРОНИИАВИАПРОМ""",1661044640,ТАТАРСТАН,2021,0.0,0.0,0.0
9220628,"ООО ""КЦС""",2311191658,КРАСНОДАРСКИЙ,2021,0.0,0.0,0.0
9210096,"ООО ""ЕВРОСТРОЙГАРАНТ""",7727168538,МОСКВА,2021,2531.0,-6.0,25.0
9211622,"ООО ""АРАБЕСКИ""",608038093,ИНГУШЕТИЯ,2021,0.0,1.0,2.0
9204677,"ООО ""ВИЛКОМ""",5040091275,МОСКОВСКАЯ,2023,0.0,-408.0,-408.0
9204677,"ООО ""ВИЛКОМ""",5040091275,МОСКОВСКАЯ,2022,0.0,-425.0,-425.0
9204677,"ООО ""ВИЛКОМ""",5040091275,МОСКОВСКАЯ,2021,0.0,-395.0,-395.0
9204713,"ООО ""ГРАДСТРОЙ""",7610109932,ЯРОСЛАВСКАЯ,2022,425.0,53.0,53.0
9204713,"ООО ""ГРАДСТРОЙ""",7610109932,ЯРОСЛАВСКАЯ,2021,1833.0,110.0,110.0
9296494,ООО МЕОСТРОЙ,7506005285,ЗАБАЙКАЛЬСКИЙ,2024,0.0,0.0,0.0
9296494,ООО МЕОСТРОЙ,7506005285,ЗАБАЙКАЛЬСКИЙ,2023,0.0,0.0,0.0
9296494,ООО МЕОСТРОЙ,7506005285,ЗАБАЙКАЛЬСКИЙ,2022,0.0,0.0,0.0
9297564,"ООО ""НАСЛЕДИЕ""",5022048630,МОСКОВСКАЯ,2022,0.0,0.0,0.0
9297564,"ООО ""НАСЛЕДИЕ""",5022048630,МОСКОВСКАЯ,2021,0.0,0.0,0.0
9297793,"ООО ""ВОКС""",3661082287,ВОРОНЕЖСКАЯ,2021,0.0,0.0,0.0
9318896,"ООО ""СРСГ(РУС)""",7729467766,МОСКВА,2023,0.0,0.0,0.0
9318896,"ООО ""СРСГ(РУС)""",7729467766,МОСКВА,2022,0.0,-5349.0,-5349.0
9318896,"ООО ""СРСГ(РУС)""",7729467766,МОСКВА,2021,169.0,-6882.0,-5161.0
7653410,"ООО ПСК ""МОНОЛИТ""",3305716919,НИЖЕГОРОДСКАЯ,2024,30221.0,35.0,39.0
7653410,"ООО ПСК ""МОНОЛИТ""",3305716919,НИЖЕГОРОДСКАЯ,2023,15053.0,74.0,88.0
7653410,"ООО ПСК ""МОНОЛИТ""",3305716919,НИЖЕГОРОДСКАЯ,2022,17897.0,76.0,69.0
7653410,"ООО ПСК ""МОНОЛИТ""",3305716919,НИЖЕГОРОДСКАЯ,2021,6141.0,145.0,190.0
10932120,"ООО ""ДС СТРОЙ""",3661171811,ВОРОНЕЖСКАЯ,2023,13594.0,57.0,57.0
10932120,"ООО ""ДС СТРОЙ""",3661171811,ВОРОНЕЖСКАЯ,2022,22849.0,2.0,-1.0
10932120,"ООО ""ДС СТРОЙ""",3661171811,ВОРОНЕЖСКАЯ,2021,6682.0,39.0,27.0
11616953,"ООО ""ЭВЕРЕСТ""",2443052266,КРАСНОЯРСКИЙ,2023,4977.0,67.0,67.0
11616953,"ООО ""ЭВЕРЕСТ""",2443052266,КРАСНОЯРСКИЙ,2022,125.0,0.0,0.0
11616953,"ООО ""ЭВЕРЕСТ""",2443052266,КРАСНОЯРСКИЙ,2021,0.0,0.0,0.0
11769981,"ООО ""БАТА""",300002721,БУРЯТИЯ,2023,0.0,0.0,0.0
11769981,"ООО ""БАТА""",300002721,БУРЯТИЯ,2022,0.0,0.0,0.0
5491152,ООО КИРОВСКАЯ МСО,2516000230,ПРИМОРСКИЙ,2024,14127.0,503.0,3885.0
5491152,ООО КИРОВСКАЯ МСО,2516000230,ПРИМОРСКИЙ,2023,673.0,774.0,485.0
5491152,ООО КИРОВСКАЯ МСО,2516000230,ПРИМОРСКИЙ,2022,858.0,259.0,36.0
5491152,ООО КИРОВСКАЯ МСО,2516000230,ПРИМОРСКИЙ,2021,4677.0,-3887.0,-4139.0
11815705,"ООО ""РЕЗИДЕНС""",9728060570,МОСКВА,2023,1495920.0,45.0,34.0
11815705,"ООО ""РЕЗИДЕНС""",9728060570,МОСКВА,2022,0.0,0.0,0.0
8901461,"ООО ""АНИКОМ""",5028031880,МОСКОВСКАЯ,2021,0.0,-404.0,-404.0
10419438,"ООО ""МЕГАСТРОЙ""",6908017360,ТВЕРСКАЯ,2024,0.0,0.0,0.0
10419438,"ООО ""МЕГАСТРОЙ""",6908017360,ТВЕРСКАЯ,2023,0.0,0.0,0.0
10419438,"ООО ""МЕГАСТРОЙ""",6908017360,ТВЕРСКАЯ,2022,0.0,0.0,0.0
10419438,"ООО ""МЕГАСТРОЙ""",6908017360,ТВЕРСКАЯ,2021,0.0,-314.0,-152.0
11900343,"ООО ""ЖСК""",3804116836,ИРКУТСКАЯ,2024,0.0,0.0,0.0
11900343,"ООО ""ЖСК""",3804116836,ИРКУТСКАЯ,2023,874.0,0.0,0.0
11900343,"ООО ""ЖСК""",3804116836,ИРКУТСКАЯ,2022,764.0,0.0,0.0
12477597,"ООО ""ТИГРОЛА""",9717164672,МОСКВА,2024,135183.0,40.0,32.0
11002455,"ООО ""САХАСТИМУЛ""",1435341569,САХА (ЯКУТИЯ),2023,0.0,0.0,0.0
11002455,"ООО ""САХАСТИМУЛ""",1435341569,САХА (ЯКУТИЯ),2021,0.0,-19.0,-19.0
11233926,"ООО ""СЭК ""РАМБОВСТРОЙ""",7819042253,САНКТ-ПЕТЕРБУРГ,2023,2545.0,507.0,627.0
11233926,"ООО ""СЭК ""РАМБОВСТРОЙ""",7819042253,САНКТ-ПЕТЕРБУРГ,2022,16041.0,-863.0,56.0
11233926,"ООО ""СЭК ""РАМБОВСТРОЙ""",7819042253,САНКТ-ПЕТЕРБУРГ,2021,13230.0,931.0,1632.0
3994292,"ООО ""ЭКСО""",4802011036,ВОРОНЕЖСКАЯ,2024,710.0,3.0,4.0
3994292,"ООО ""ЭКСО""",4802011036,ВОРОНЕЖСКАЯ,2023,948.0,97.0,97.0
3994292,"ООО ""ЭКСО""",4802011036,ВОРОНЕЖСКАЯ,2022,1792.0,282.0,212.0
3994292,"ООО ""ЭКСО""",4802011036,ВОРОНЕЖСКАЯ,2021,1337.0,153.0,115.0
11901506,"ООО ""МЕГАСТРОЙ ПРИМ""",2508143644,ПРИМОРСКИЙ,2024,3552.0,4.0,217.0
11901506,"ООО ""МЕГАСТРОЙ ПРИМ""",2508143644,ПРИМОРСКИЙ,2023,2181.0,1643.0,1774.0
11901506,"ООО ""МЕГАСТРОЙ ПРИМ""",2508143644,ПРИМОРСКИЙ,2022,1281.0,1001.0,1078.0
11319687,"ОБЩЕСТВО С ОГРАНИЧЕННОЙ ОТВЕТСТВЕННОСТЬЮ ""СТРАИК""",5752083228,ОРЛОВСКАЯ,2024,0.0,0.0,0.0
11319687,"ОБЩЕСТВО С ОГРАНИЧЕННОЙ ОТВЕТСТВЕННОСТЬЮ ""СТРАИК""",5752083228,ОРЛОВСКАЯ,2023,0.0,0.0,0.0
11319687,"ОБЩЕСТВО С ОГРАНИЧЕННОЙ ОТВЕТСТВЕННОСТЬЮ ""СТРАИК""",5752083228,ОРЛОВСКАЯ,2022,0.0,0.0,0.0
11319687,"ОБЩЕСТВО С ОГРАНИЧЕННОЙ ОТВЕТСТВЕННОСТЬЮ ""СТРАИК""",5752083228,ОРЛОВСКАЯ,2021,1189.0,0.0,0.0
12186280,"ООО ""ХАНН""",1400023029,САХА /ЯКУТИЯ/,2023,920.0,-207.0,-198.0
10699260,"ООО ""МС-ГРУПП""",3911017678,КАЛИНИНГРАДСКАЯ,2024,0.0,0.0,0.0
10699260,"ООО ""МС-ГРУПП""",3911017678,КАЛИНИНГРАДСКАЯ,2023,0.0,0.0,0.0
10699260,"ООО ""МС-ГРУПП""",3911017678,КАЛИНИНГРАДСКАЯ,2021,0.0,0.0,0.0
12108120,"ООО ""ЙОРТСТРОЙ""",1683012160,ТАТАРСТАН,2024,112838.0,119.0,149.0
12108120,"ООО ""ЙОРТСТРОЙ""",1683012160,ТАТАРСТАН,2023,0.0,0.0,0.0
10780153,"ООО ""СИБ-БАЛТ ГРУПП""",5406993694,НОВОСИБИРСКАЯ,2022,105478.0,795.0,596.0
10780153,"ООО ""СИБ-БАЛТ ГРУПП""",5406993694,НОВОСИБИРСКАЯ,2021,243927.0,1598.0,1199.0
11511543,"ООО ""НАФФС ХАУС""",269041652,БАШКОРТОСТАН,2024,0.0,0.0,0.0
11511543,"ООО ""НАФФС ХАУС""",269041652,БАШКОРТОСТАН,2023,0.0,0.0,0.0
11511543,"ООО ""НАФФС ХАУС""",269041652,БАШКОРТОСТАН,2022,0.0,0.0,0.0
11511543,"ООО ""НАФФС ХАУС""",269041652,БАШКОРТОСТАН,2021,337.0,27.0,27.0
10435919,"ООО ""АЛЬТАИР""",2372021967,КРАСНОДАРСКИЙ,2022,0.0,0.0,0.0
10435919,"ООО ""АЛЬТАИР""",2372021967,КРАСНОДАРСКИЙ,2021,0.0,0.0,0.0
8091369,"ООО ""НЕРОСТРОЙ-ЮГ""",6143082115,РОСТОВСКАЯ,2022,0.0,0.0,0.0
8091369,"ООО ""НЕРОСТРОЙ-ЮГ""",6143082115,РОСТОВСКАЯ,2021,0.0,0.0,0.0
11292624,"ОБЩЕСТВО С ОГРАНИЧЕННОЙ ОТВЕТСТВЕННОСТЬЮ ""СМУ №5""",274955933,БАШКОРТОСТАН,2023,228447.0,6.0,17.0
11292624,"ОБЩЕСТВО С ОГРАНИЧЕННОЙ ОТВЕТСТВЕННОСТЬЮ ""СМУ №5""",274955933,БАШКОРТОСТАН,2022,606935.0,38.0,145.0
11292624,"ОБЩЕСТВО С ОГРАНИЧЕННОЙ ОТВЕТСТВЕННОСТЬЮ ""СМУ №5""",274955933,БАШКОРТОСТАН,2021,1050584.0,12025.0,14762.0
6804868,"ООО СК "" СЕВКАВСТРОЙ""",2634038520,СТАВРОПОЛЬСКИЙ,2022,0.0,0.0,0.0
6804868,"ООО СК "" СЕВКАВСТРОЙ""",2634038520,СТАВРОПОЛЬСКИЙ,2021,0.0,0.0,0.0
11610774,"ООО ""АЛЬЯНС-СТРОЙ""",6230120335,РЯЗАНСКАЯ,2022,8518.0,51.0,38.0
10201016,"ООО ""СКАНДИНАВИЯСТРОЙ""",6027179620,САНКТ-ПЕТЕРБУРГ,2021,127817.0,38.0,4140.0
9561016,"ООО ""НОРДСТРОЙ""",6234151870,РЯЗАНСКАЯ,2021,0.0,-1259.0,-1565.0
12399785,"ООО ""ПИТ""",7743443301,МОСКВА,2024,4723.0,116.0,145.0
6350304,"ООО ""ССТ""",6671223528,СВЕРДЛОВСКАЯ,2023,0.0,0.0,0.0
6350304,"ООО ""ССТ""",6671223528,СВЕРДЛОВСКАЯ,2022,388.0,15.0,19.0
6350304,"ООО ""ССТ""",6671223528,СВЕРДЛОВСКАЯ,2021,1562.0,35.0,43.0
11510871,"ООО ""АСТРАХАНЬ-ЛМ""",3019029471,АСТРАХАНСКАЯ,2024,0.0,-178.0,-178.0
11510871,"ООО ""АСТРАХАНЬ-ЛМ""",3019029471,АСТРАХАНСКАЯ,2023,0.0,-105.0,-105.0
11510871,"ООО ""АСТРАХАНЬ-ЛМ""",3019029471,АСТРАХАНСКАЯ,2022,0.0,-3733.0,-3733.0
11510871,"ООО ""АСТРАХАНЬ-ЛМ""",3019029471,АСТРАХАНСКАЯ,2021,0.0,-137.0,-137.0
11588672,"ООО ""БЕТОНСТРОЙСЕРВИС""",7726477195,МОСКВА,2021,8785.0,3398.0,4248.0
9497269,"ООО ""НОВАТЕХ""",7816303355,САНКТ-ПЕТЕРБУРГ,2022,7651.0,-992.0,-922.0
9497269,"ООО ""НОВАТЕХ""",7816303355,САНКТ-ПЕТЕРБУРГ,2021,2772.0,-660.0,-629.0
11261359,"ООО  ""БЕЛХОМ""",2366019134,КРАСНОДАРСКИЙ,2022,0.0,-1.0,-1.0
11261359,"ООО  ""БЕЛХОМ""",2366019134,КРАСНОДАРСКИЙ,2021,579.0,121.0,90.0
7735136,ООО КАДУЦЕЙ,4632173943,МОСКВА,2022,2873.0,-39.0,-39.0
7735136,ООО КАДУЦЕЙ,4632173943,МОСКВА,2021,150.0,20.0,25.0
11148723,"ООО ""СТРОИТЕЛЬНАЯ ЛИГА""",7708361039,МОСКВА,2021,0.0,-35.0,-35.0
3242034,"АО ""ЭСТЕЙТОФИС""",276029529,БАШКОРТОСТАН,2024,88.0,-7988.0,-5308.0
3242034,"АО ""ЭСТЕЙТОФИС""",276029529,БАШКОРТОСТАН,2023,0.0,-601.0,-451.0
3242034,"АО ""ЭСТЕЙТОФИС""",276029529,БАШКОРТОСТАН,2022,5155.0,-386.0,-703.0
3242034,"АО ""ЭСТЕЙТОФИС""",276029529,БАШКОРТОСТАН,2021,18163.0,-18419.0,-16423.0
11263933,"ООО ""КРОКОС""",6027200978,ПСКОВСКАЯ,2023,0.0,0.0,0.0
11263933,"ООО ""КРОКОС""",6027200978,ПСКОВСКАЯ,2022,0.0,0.0,0.0
11263933,"ООО ""КРОКОС""",6027200978,ПСКОВСКАЯ,2021,0.0,0.0,0.0
12076938,"ООО ""РЕМСТРОЙСЕРВИС""",600006766,ИНГУШЕТИЯ,2023,5051.0,60.0,60.0
11384389,"ООО ""ЭКСПО""",2130220152,ЧУВАШСКАЯ РЕСПУБЛИКА -,2021,11522.0,653.0,653.0
11800404,"ООО ""ПРОШКОЛА №82""",9703078342,МОСКВА,2024,0.0,-218.0,-107.0
11800404,"ООО ""ПРОШКОЛА №82""",9703078342,МОСКВА,2023,0.0,-226.0,-159.0
11800404,"ООО ""ПРОШКОЛА №82""",9703078342,МОСКВА,2022,0.0,-206.0,-116.0
11649706,"ООО ""КАПИТАЛСТРОЙ""",5501272950,ОМСКАЯ,2022,3435.0,19.0,14.0
11649706,"ООО ""КАПИТАЛСТРОЙ""",5501272950,ОМСКАЯ,2021,16552.0,21.0,14.0
11649945,"ООО ""АНФАС СТРОЙ""",2465341688,КРАСНОЯРСКИЙ,2021,4000.0,228.0,188.0
11649978,"ООО ""ПИОНЕР ГРУПП""",7726480688,МОСКВА,2021,0.0,0.0,0.0
11682911,"ООО ""МАРВИК""",2312304939,КРАСНОДАРСКИЙ,2022,6168.0,-244.0,39.0
11682911,"ООО ""МАРВИК""",2312304939,КРАСНОДАРСКИЙ,2021,1953.0,54.0,166.0
272269,"ООО ""СОГЛАСИЕ+""",603002287,ИНГУШЕТИЯ,2023,0.0,0.0,0.0
272269,"ООО ""СОГЛАСИЕ+""",603002287,ИНГУШЕТИЯ,2022,0.0,0.0,0.0
272269,"ООО ""СОГЛАСИЕ+""",603002287,ИНГУШЕТИЯ,2021,0.0,0.0,0.0
281501,"ООО ""АТЛАНТ""",6623042338,СВЕРДЛОВСКАЯ,2022,143.0,-219.0,-193.0
281501,"ООО ""АТЛАНТ""",6623042338,СВЕРДЛОВСКАЯ,2021,660.0,-42.0,-32.0
282243,"ООО ""УЛМИС""",7842473970,САНКТ-ПЕТЕРБУРГ,2022,0.0,0.0,0.0
287794,"ЗАО ""ЭНЕРГОСИСТЕМА-ТВЕРЬ""",6950152500,ТВЕРСКАЯ,2022,0.0,0.0,0.0
287794,"ЗАО ""ЭНЕРГОСИСТЕМА-ТВЕРЬ""",6950152500,ТВЕРСКАЯ,2021,0.0,0.0,0.0
309342,"ООО ""ПМК-8""",534030097,ДАГЕСТАН,2023,0.0,0.0,0.0
310524,"МКУ ""ЕСЗ""",534003745,ДАГЕСТАН,2023,8638.0,0.0,0.0
310524,"МКУ ""ЕСЗ""",534003745,ДАГЕСТАН,2022,8233.0,0.0,0.0
310524,"МКУ ""ЕСЗ""",534003745,ДАГЕСТАН,2021,6534.0,0.0,0.0
313901,"ООО ""СТРОЙСИТИ""",4345325720,КИРОВСКАЯ,2023,0.0,0.0,0.0
313901,"ООО ""СТРОЙСИТИ""",4345325720,КИРОВСКАЯ,2022,0.0,0.0,0.0
313901,"ООО ""СТРОЙСИТИ""",4345325720,КИРОВСКАЯ,2021,0.0,0.0,0.0
328695,"ООО ""УС-1""",7725743366,МОСКВА,2022,0.0,0.0,0.0
328695,"ООО ""УС-1""",7725743366,МОСКВА,2021,0.0,0.0,0.0
340907,"ООО ""СОЮЗСТРОЙОТДЕЛКА""",7205023202,ТЮМЕНСКАЯ,2021,0.0,0.0,0.0
344509,"ООО ""АЛЬФАСТРОЙ""",7456010784,ЧЕЛЯБИНСКАЯ,2022,2103.0,238.0,393.0
344509,"ООО ""АЛЬФАСТРОЙ""",7456010784,ЧЕЛЯБИНСКАЯ,2021,5081.0,686.0,755.0
387013,"ООО ""СЕЛЕНА-ГРУПП""",253018009,БАШКОРТОСТАН,2022,33252.0,16417.0,18880.0
387013,"ООО ""СЕЛЕНА-ГРУПП""",253018009,БАШКОРТОСТАН,2021,29785.0,17491.0,20754.0
354598,"ООО СК ""ЭДЕЛЬВЕЙС""",6166063479,РОСТОВСКАЯ,2021,20481.0,2467.0,3084.0
1055142,"ЗАО ""ГАЗСПЕЦСТРОЙ""",4603004316,КУРСКАЯ,2023,6373.0,0.0,0.0
1055142,"ЗАО ""ГАЗСПЕЦСТРОЙ""",4603004316,КУРСКАЯ,2022,2420.0,23.0,23.0
1055142,"ЗАО ""ГАЗСПЕЦСТРОЙ""",4603004316,КУРСКАЯ,2021,2581.0,154.0,154.0
75993,"ООО ""СПЕЦТЕХСТРОЙ""",277081169,БАШКОРТОСТАН,2021,0.0,0.0,0.0
100245,"ООО ""СК ""ПАРТНЕР""",5404455965,НОВОСИБИРСКАЯ,2023,345.0,36.0,57.0
100245,"ООО ""СК ""ПАРТНЕР""",5404455965,НОВОСИБИРСКАЯ,2022,2295.0,188.0,291.0
100245,"ООО ""СК ""ПАРТНЕР""",5404455965,НОВОСИБИРСКАЯ,2021,15785.0,1917.0,2728.0
102636,"ООО ""СТЕЛС""",4703124342,ЛЕНИНГРАДСКАЯ,2021,0.0,0.0,0.0
11522209,"ООО ""ПРОФСТРОЙ ЛИДЕР""",7722497232,МОСКВА,2024,0.0,-46.0,-46.0
11522209,"ООО ""ПРОФСТРОЙ ЛИДЕР""",7722497232,МОСКВА,2023,98.0,12.0,14.0
11522209,"ООО ""ПРОФСТРОЙ ЛИДЕР""",7722497232,МОСКВА,2022,69.0,-34.0,-33.0
11522209,"ООО ""ПРОФСТРОЙ ЛИДЕР""",7722497232,МОСКВА,2021,1941.0,83.0,102.0
11522645,"ООО ""КЕНТЕК""",3528327507,ВОЛОГОДСКАЯ,2021,9843.0,13.0,17.0
11522255,"ООО ""СТАММ""",9704048301,МОСКВА,2021,0.0,0.0,0.0
11534598,"ООО ""ПРОФИ""",9721119986,МОСКВА,2021,13281.0,110.0,138.0
11536087,"ООО ""ИТК""",2367018341,КРАСНОДАРСКИЙ,2022,0.0,0.0,0.0
11536087,"ООО ""ИТК""",2367018341,КРАСНОДАРСКИЙ,2021,0.0,0.0,0.0
11529314,"ООО ""БРИГИТ""",9724038534,МОСКВА,2022,2578.0,924.0,1155.0
11529314,"ООО ""БРИГИТ""",9724038534,МОСКВА,2021,258.0,5.0,6.0
11530242,"ООО ""ДОМОСТРОЙ-СЕРВИС""",2511115326,ПРИМОРСКИЙ,2021,1997.0,1851.0,1971.0
11530290,"ООО ""БЛАГОСТРОЙ""",9704050156,МОСКВА,2022,6371.0,8.0,10.0
11530290,"ООО ""БЛАГОСТРОЙ""",9704050156,МОСКВА,2021,19794.0,52.0,65.0
11530293,"ООО ""ТСК ""ЛЕНИНГРАД""",4703181460,ЛЕНИНГРАДСКАЯ,2022,0.0,-3.0,-3.0
11530293,"ООО ""ТСК ""ЛЕНИНГРАД""",4703181460,ЛЕНИНГРАДСКАЯ,2021,1207.0,-30.0,-30.0
11530339,"ООО ""ПРАЙМСЕРВИС""",4205395420,КЕМЕРОВСКАЯ ОБЛАСТЬ - КУЗБАСС,2021,33963.0,113.0,141.0
11530448,"ООО ""ИНФРАТЕК""",9701171667,МОСКВА,2021,101291.0,94.0,70.0
11530806,"ООО ""СПЕКТР""",7805776159,САНКТ-ПЕТЕРБУРГ,2022,293025.0,71.0,176.0
11530806,"ООО ""СПЕКТР""",7805776159,САНКТ-ПЕТЕРБУРГ,2021,1455.0,66.0,77.0
11525743,"ООО ""СТРОЙ ДОМ""",274963758,БАШКОРТОСТАН,2023,0.0,0.0,0.0
11525743,"ООО ""СТРОЙ ДОМ""",274963758,БАШКОРТОСТАН,2022,42172.0,2676.0,2676.0
11525743,"ООО ""СТРОЙ ДОМ""",274963758,БАШКОРТОСТАН,2021,0.0,0.0,0.0
11525872,"ООО ""ПРОМСТРОЙГРУПП""",3525468771,ВОЛОГОДСКАЯ,2021,9278.0,11.0,14.0
11527214,"ООО ""ПСК КОНТРАКТ""",1658230693,ТАТАРСТАН,2022,0.0,0.0,0.0
11527214,"ООО ""ПСК КОНТРАКТ""",1658230693,ТАТАРСТАН,2021,0.0,0.0,0.0
11527302,"ООО ""СЗ ""КОВЫЛЬ""",9102270926,КРЫМ,2022,0.0,0.0,0.0
11527302,"ООО ""СЗ ""КОВЫЛЬ""",9102270926,КРЫМ,2021,0.0,0.0,0.0
11527848,"ООО ""НОРГРУПП""",5252046690,НИЖЕГОРОДСКАЯ,2021,9957.0,234.0,292.0
11528456,"ООО ""СК ЛАЙН ВИКТОРИ""",7806582935,САНКТ-ПЕТЕРБУРГ,2023,0.0,0.0,0.0
11528456,"ООО ""СК ЛАЙН ВИКТОРИ""",7806582935,САНКТ-ПЕТЕРБУРГ,2022,0.0,0.0,0.0
11528456,"ООО ""СК ЛАЙН ВИКТОРИ""",7806582935,САНКТ-ПЕТЕРБУРГ,2021,113325.0,-186.0,-232.0
11542077,"ООО ""ПЕГАС""",9704052851,МОСКВА,2021,12075.0,28.0,21.0
11542080,"ООО ""ФОРТИС""",2222891016,АЛТАЙСКИЙ,2021,5944.0,-14.0,-14.0
12410571,"ООО ""МЕГАСТРОЙ""",7708433413,МОСКВА,2024,0.0,0.0,0.0
12361677,"ООО ""УЮТХАУС""",6679172956,СВЕРДЛОВСКАЯ,2024,2981.0,9.0,11.0
12474170,"ООО ""ЭМИР ГРУПП""",9719069079,МОСКВА,2024,0.0,-1786.0,-1435.0
12454144,"ООО ""МЕГАПОЛИС ПРОЕКТ""",5003163235,МОСКОВСКАЯ,2024,2913.0,386.0,484.0
11851430,"ООО ""УТД""",3906413154,КАЛИНИНГРАДСКАЯ,2024,0.0,0.0,0.0
10956057,"ООО ""ДОМОСТРОЙ""",272912500,БАШКОРТОСТАН,2024,0.0,0.0,0.0
10956057,"ООО ""ДОМОСТРОЙ""",272912500,БАШКОРТОСТАН,2023,0.0,0.0,0.0
10956057,"ООО ""ДОМОСТРОЙ""",272912500,БАШКОРТОСТАН,2022,0.0,0.0,0.0
10956057,"ООО ""ДОМОСТРОЙ""",272912500,БАШКОРТОСТАН,2021,0.0,0.0,0.0
5442817,"ООО ""НОРД СТАР""",5102045793,МУРМАНСКАЯ,2024,1033.0,115.0,125.0
5442817,"ООО ""НОРД СТАР""",5102045793,МУРМАНСКАЯ,2023,5182.0,1010.0,1036.0
5442817,"ООО ""НОРД СТАР""",5102045793,МУРМАНСКАЯ,2022,6341.0,2045.0,2045.0
5442817,"ООО ""НОРД СТАР""",5102045793,МУРМАНСКАЯ,2021,4793.0,664.0,712.0
11675120,"ООО ""ОНИКС""",7807251100,САНКТ-ПЕТЕРБУРГ,2024,4000.0,139.0,174.0
11675120,"ООО ""ОНИКС""",7807251100,САНКТ-ПЕТЕРБУРГ,2023,13216.0,70.0,87.0
11675120,"ООО ""ОНИКС""",7807251100,САНКТ-ПЕТЕРБУРГ,2022,10433.0,161.0,202.0
11675120,"ООО ""ОНИКС""",7807251100,САНКТ-ПЕТЕРБУРГ,2021,3697.0,70.0,87.0
12145840,"ООО СЗ ""ТЕНГЕР""",800007439,КАЛМЫКИЯ,2024,0.0,0.0,0.0
12145840,"ООО СЗ ""ТЕНГЕР""",800007439,КАЛМЫКИЯ,2023,0.0,0.0,0.0
10949695,"ООО ""РУСБАЙКАЛСТРОЙ""",3812526770,ИРКУТСКАЯ,2024,65317.0,2018.0,2079.0
10949695,"ООО ""РУСБАЙКАЛСТРОЙ""",3812526770,ИРКУТСКАЯ,2023,62699.0,1921.0,1609.0
10949695,"ООО ""РУСБАЙКАЛСТРОЙ""",3812526770,ИРКУТСКАЯ,2022,16665.0,424.0,530.0
10949695,"ООО ""РУСБАЙКАЛСТРОЙ""",3812526770,ИРКУТСКАЯ,2021,3769.0,36.0,49.0
8058295,"ООО ""СПЕЦСТРОЙ-ИНВЕСТ""",5001095068,МОСКОВСКАЯ,2024,0.0,0.0,0.0
8058295,"ООО ""СПЕЦСТРОЙ-ИНВЕСТ""",5001095068,МОСКОВСКАЯ,2023,0.0,0.0,0.0
8058295,"ООО ""СПЕЦСТРОЙ-ИНВЕСТ""",5001095068,МОСКОВСКАЯ,2022,0.0,0.0,0.0
8058295,"ООО ""СПЕЦСТРОЙ-ИНВЕСТ""",5001095068,МОСКОВСКАЯ,2021,0.0,0.0,0.0
12170687,"ООО ""ПОБЕДА""",7000006157,ТОМСКАЯ,2024,0.0,0.0,0.0
12170687,"ООО ""ПОБЕДА""",7000006157,ТОМСКАЯ,2023,939.0,34.0,43.0
9296605,"ООО ""СОФИЯ""",7603062105,ЯРОСЛАВСКАЯ,2024,0.0,0.0,0.0
9296605,"ООО ""СОФИЯ""",7603062105,ЯРОСЛАВСКАЯ,2023,0.0,0.0,0.0
9296605,"ООО ""СОФИЯ""",7603062105,ЯРОСЛАВСКАЯ,2022,0.0,11.0,15.0
9296605,"ООО ""СОФИЯ""",7603062105,ЯРОСЛАВСКАЯ,2021,8919.0,-179.0,-102.0
7059779,"ООО ""МОНТАЖСТРОЙ-СВЯЗЬ""",7810159641,САНКТ-ПЕТЕРБУРГ,2024,0.0,0.0,0.0
7059779,"ООО ""МОНТАЖСТРОЙ-СВЯЗЬ""",7810159641,САНКТ-ПЕТЕРБУРГ,2023,0.0,0.0,0.0
7059779,"ООО ""МОНТАЖСТРОЙ-СВЯЗЬ""",7810159641,САНКТ-ПЕТЕРБУРГ,2022,0.0,0.0,0.0
7059779,"ООО ""МОНТАЖСТРОЙ-СВЯЗЬ""",7810159641,САНКТ-ПЕТЕРБУРГ,2021,0.0,0.0,0.0
11825259,"ООО ""СК УЮТНЫЙ ДОМ""",3702267466,ИВАНОВСКАЯ,2024,53693.0,35814.0,36364.0
11825259,"ООО ""СК УЮТНЫЙ ДОМ""",3702267466,ИВАНОВСКАЯ,2023,20733.0,1473.0,3038.0
11825259,"ООО ""СК УЮТНЫЙ ДОМ""",3702267466,ИВАНОВСКАЯ,2022,1499.0,232.0,1092.0
11916224,"ООО ""СИММЕТРИЯ""",6686144491,СВЕРДЛОВСКАЯ,2024,762.0,205.0,256.0
11916224,"ООО ""СИММЕТРИЯ""",6686144491,СВЕРДЛОВСКАЯ,2023,2923.0,55.0,69.0
11916224,"ООО ""СИММЕТРИЯ""",6686144491,СВЕРДЛОВСКАЯ,2022,0.0,0.0,0.0
5272019,"ООО ""СТРОЙКОМ""",5916025620,ПЕРМСКИЙ,2024,0.0,-3.0,-3.0
5272019,"ООО ""СТРОЙКОМ""",5916025620,ПЕРМСКИЙ,2023,2783.0,83.0,104.0
5272019,"ООО ""СТРОЙКОМ""",5916025620,ПЕРМСКИЙ,2022,872.0,49.0,69.0
5272019,"ООО ""СТРОЙКОМ""",5916025620,ПЕРМСКИЙ,2021,1366.0,64.0,95.0
9395527,"ООО ""НСК-НН""",5259119316,НИЖЕГОРОДСКАЯ,2024,3250.0,45.0,58.0
9395527,"ООО ""НСК-НН""",5259119316,НИЖЕГОРОДСКАЯ,2023,11570.0,-161.0,-137.0
9395527,"ООО ""НСК-НН""",5259119316,НИЖЕГОРОДСКАЯ,2022,17281.0,69.0,52.0
9395527,"ООО ""НСК-НН""",5259119316,НИЖЕГОРОДСКАЯ,2021,16592.0,70.0,53.0
11226705,"ООО ""ДЕЛЬТА""",7726461558,МОСКВА,2024,0.0,0.0,0.0
11226705,"ООО ""ДЕЛЬТА""",7726461558,МОСКВА,2023,0.0,0.0,0.0
11226705,"ООО ""ДЕЛЬТА""",7726461558,МОСКВА,2022,45580.0,297.0,371.0
11226705,"ООО ""ДЕЛЬТА""",7726461558,МОСКВА,2021,41234.0,45.0,56.0
11624366,"ООО СК ""ГОРОД - 85""",9704075697,МОСКВА,2024,0.0,0.0,0.0
11624366,"ООО СК ""ГОРОД - 85""",9704075697,МОСКВА,2023,0.0,0.0,0.0
11624366,"ООО СК ""ГОРОД - 85""",9704075697,МОСКВА,2022,0.0,0.0,0.0
11624366,"ООО СК ""ГОРОД - 85""",9704075697,МОСКВА,2021,0.0,0.0,0.0
9474608,"ООО ""ВЫМПЕЛ Р""",2455036614,КРАСНОЯРСКИЙ,2024,0.0,0.0,0.0
9474608,"ООО ""ВЫМПЕЛ Р""",2455036614,КРАСНОЯРСКИЙ,2023,0.0,0.0,0.0
9474608,"ООО ""ВЫМПЕЛ Р""",2455036614,КРАСНОЯРСКИЙ,2022,0.0,0.0,0.0
9474608,"ООО ""ВЫМПЕЛ Р""",2455036614,КРАСНОЯРСКИЙ,2021,0.0,0.0,0.0
10849669,"ООО ""СМУ 2""",274942099,БАШКОРТОСТАН,2022,0.0,0.0,0.0
10849669,"ООО ""СМУ 2""",274942099,БАШКОРТОСТАН,2021,0.0,0.0,0.0
11207160,"ООО ""РЕСПУБЛИКА УРАЛ""",6678105604,СВЕРДЛОВСКАЯ,2022,18437.0,4683.0,4898.0
11207160,"ООО ""РЕСПУБЛИКА УРАЛ""",6678105604,СВЕРДЛОВСКАЯ,2021,5286.0,464.0,624.0
10824355,"ООО ""АБСОЛЮТ""",7447285888,ЧЕЛЯБИНСКАЯ,2024,347.0,3.0,3.0
10824355,"ООО ""АБСОЛЮТ""",7447285888,ЧЕЛЯБИНСКАЯ,2023,595.0,17.0,17.0
10824355,"ООО ""АБСОЛЮТ""",7447285888,ЧЕЛЯБИНСКАЯ,2022,8303.0,40.0,40.0
10824355,"ООО ""АБСОЛЮТ""",7447285888,ЧЕЛЯБИНСКАЯ,2021,190.0,9.0,9.0
11986720,"ООО ""ПРОМСФЕРАСТРОЙ""",2454030899,КРАСНОЯРСКИЙ,2024,21304.0,1483.0,1898.0
11986720,"ООО ""ПРОМСФЕРАСТРОЙ""",2454030899,КРАСНОЯРСКИЙ,2023,15429.0,990.0,1206.0
1587591,"ООО""ОТДЕЛТРЕСТ""",2901134620,АРХАНГЕЛЬСКАЯ,2022,16468.0,-21212.0,-20713.0
1587591,"ООО""ОТДЕЛТРЕСТ""",2901134620,АРХАНГЕЛЬСКАЯ,2021,35589.0,614.0,1205.0
1243685,"ООО ""КЛЕММА""",6163078597,РОСТОВСКАЯ,2021,533547.0,47151.0,44125.0
11036904,"ООО ""ДСК-ЛИДЕР""",2801250020,АМУРСКАЯ,2022,171361.0,9262.0,12350.0
11036904,"ООО ""ДСК-ЛИДЕР""",2801250020,АМУРСКАЯ,2021,0.0,-5.0,-5.0
10488889,"ООО ""СТРОЙОТДЕЛ""",7724426572,МОСКВА,2021,6319.0,156.0,115.0
10809907,"ООО ""ИНТЕКОР СТРОЙ""",2466196240,КРАСНОЯРСКИЙ,2021,67360.0,280.0,389.0
12041513,"ООО ""ЮЖНЫЙ ПОРОГ""",9710106858,МОСКВА,2024,368309.0,115.0,92.0
12041513,"ООО ""ЮЖНЫЙ ПОРОГ""",9710106858,МОСКВА,2022,0.0,0.0,0.0
12393333,"ООО ""СТРАТЕГИЯ""",9718249512,МОСКВА,2024,19882.0,3594.0,6185.0
11545107,"ООО ""ЭЛДИС""",9703029218,МОСКВА,2021,158.0,0.0,0.0
12146488,"ООО ""Р-СТРОЙ""",3662304454,ВОРОНЕЖСКАЯ,2024,0.0,0.0,0.0
12146488,"ООО ""Р-СТРОЙ""",3662304454,ВОРОНЕЖСКАЯ,2023,0.0,-1.0,-1.0
11872789,"ООО ""ВЕСТА-М""",7707468491,МОСКВА,2024,39120.0,61.0,61.0
11872789,"ООО ""ВЕСТА-М""",7707468491,МОСКВА,2022,0.0,-1.0,-1.0
11831745,"ООО ""АРТЕКССТРОЙ""",1683004761,ТАТАРСТАН,2024,8182.0,27.0,34.0
11831745,"ООО ""АРТЕКССТРОЙ""",1683004761,ТАТАРСТАН,2023,161.0,1.0,1.0
11831745,"ООО ""АРТЕКССТРОЙ""",1683004761,ТАТАРСТАН,2022,5745.0,16.0,20.0
11916490,"ООО ""АСК""",5948065150,ПЕРМСКИЙ,2024,0.0,0.0,0.0
11916490,"ООО ""АСК""",5948065150,ПЕРМСКИЙ,2023,21023.0,273.0,341.0
11916490,"ООО ""АСК""",5948065150,ПЕРМСКИЙ,2022,67100.0,45.0,56.0
12418013,"ООО ""ФЭМЕЛИХАУС""",4400019035,КОСТРОМСКАЯ,2024,21200.0,11400.0,11400.0
11607607,"ООО ""СТРОЙКОНСТРУКЦИЯ""",9200004288,СЕВАСТОПОЛЬ,2024,21953.0,-87663.0,-87619.0
11607607,"ООО ""СТРОЙКОНСТРУКЦИЯ""",9200004288,СЕВАСТОПОЛЬ,2023,370458.0,-793.0,710.0
11607607,"ООО ""СТРОЙКОНСТРУКЦИЯ""",9200004288,СЕВАСТОПОЛЬ,2022,479096.0,69113.0,70355.0
11607607,"ООО ""СТРОЙКОНСТРУКЦИЯ""",9200004288,СЕВАСТОПОЛЬ,2021,156630.0,26526.0,28682.0
9367003,"ООО ""СПЕЦСТРОЙ""",7733246047,МОСКОВСКАЯ,2024,418735.0,3502.0,2620.0
9367003,"ООО ""СПЕЦСТРОЙ""",7733246047,МОСКОВСКАЯ,2023,89087.0,2075.0,452.0
9367003,"ООО ""СПЕЦСТРОЙ""",7733246047,МОСКОВСКАЯ,2022,105044.0,3612.0,1272.0
9367003,"ООО ""СПЕЦСТРОЙ""",7733246047,МОСКОВСКАЯ,2021,373581.0,7250.0,5158.0
10367462,"ООО ""ППН""",6678086609,СВЕРДЛОВСКАЯ,2024,6287.0,3.0,4.0
10367462,"ООО ""ППН""",6678086609,СВЕРДЛОВСКАЯ,2023,29794.0,59.0,74.0
10367462,"ООО ""ППН""",6678086609,СВЕРДЛОВСКАЯ,2022,28605.0,109.0,140.0
10367462,"ООО ""ППН""",6678086609,СВЕРДЛОВСКАЯ,2021,41883.0,371.0,464.0
1944853,"ООО ""ЭТАЛОН-СЕРВИС""",1834051685,УДМУРТСКАЯ,2024,0.0,0.0,0.0
1944853,"ООО ""ЭТАЛОН-СЕРВИС""",1834051685,УДМУРТСКАЯ,2023,0.0,0.0,0.0
1944853,"ООО ""ЭТАЛОН-СЕРВИС""",1834051685,УДМУРТСКАЯ,2022,0.0,0.0,0.0
9975956,"ООО ""АСК СЕРВИС""",7709978635,МОСКОВСКАЯ,2024,58967.0,410.0,2959.0
9975956,"ООО ""АСК СЕРВИС""",7709978635,МОСКОВСКАЯ,2023,21053.0,4073.0,4786.0
9975956,"ООО ""АСК СЕРВИС""",7709978635,МОСКОВСКАЯ,2022,2692.0,-2174.0,-2071.0
9975956,"ООО ""АСК СЕРВИС""",7709978635,МОСКОВСКАЯ,2021,162.0,-2452.0,-2291.0
11212273,"ООО ""СК ВМ-СТРОЙ""",3525451714,ВОЛОГОДСКАЯ,2024,40.0,13.0,15.0
11212273,"ООО ""СК ВМ-СТРОЙ""",3525451714,ВОЛОГОДСКАЯ,2023,105.0,4.0,5.0
11212273,"ООО ""СК ВМ-СТРОЙ""",3525451714,ВОЛОГОДСКАЯ,2022,236.0,4.0,6.0
11212273,"ООО ""СК ВМ-СТРОЙ""",3525451714,ВОЛОГОДСКАЯ,2021,258.0,1.0,4.0
10112769,"ООО ""ЭЙИМ""",1435317608,САХА /ЯКУТИЯ/,2024,4005.0,0.0,32.0
10112769,"ООО ""ЭЙИМ""",1435317608,САХА /ЯКУТИЯ/,2023,5490.0,89.0,144.0
10112769,"ООО ""ЭЙИМ""",1435317608,САХА /ЯКУТИЯ/,2022,1877.0,24.0,43.0
10112769,"ООО ""ЭЙИМ""",1435317608,САХА /ЯКУТИЯ/,2021,600.0,31.0,35.0
9788267,"ООО ""СПЕЦИАЛИЗИРОВАННЫЙ ЗАСТРОЙЩИК ""СЕВЕРНЫЙ КВАРТАЛ""",7203385831,ТЮМЕНСКАЯ,2024,3327.0,-3210.0,-2146.0
9788267,"ООО ""СПЕЦИАЛИЗИРОВАННЫЙ ЗАСТРОЙЩИК ""СЕВЕРНЫЙ КВАРТАЛ""",7203385831,ТЮМЕНСКАЯ,2023,37676.0,34945.0,34759.0
9788267,"ООО ""СПЕЦИАЛИЗИРОВАННЫЙ ЗАСТРОЙЩИК ""СЕВЕРНЫЙ КВАРТАЛ""",7203385831,ТЮМЕНСКАЯ,2022,29807.0,22293.0,20752.0
9788267,"ООО ""СПЕЦИАЛИЗИРОВАННЫЙ ЗАСТРОЙЩИК ""СЕВЕРНЫЙ КВАРТАЛ""",7203385831,ТЮМЕНСКАЯ,2021,24648.0,30403.0,29341.0
11637842,"ООО ""НОВАСТРОЙ""",2348043014,КРАСНОДАРСКИЙ,2024,0.0,-7828.0,-7738.0
11637842,"ООО ""НОВАСТРОЙ""",2348043014,КРАСНОДАРСКИЙ,2023,2865.0,-1775.0,-1719.0
11637842,"ООО ""НОВАСТРОЙ""",2348043014,КРАСНОДАРСКИЙ,2022,2783.0,466.0,501.0
11580591,"ООО ""ГОЛДЕН МАРКЕТ""",5405063939,НОВОСИБИРСКАЯ,2024,35397.0,4.0,3.0
11580591,"ООО ""ГОЛДЕН МАРКЕТ""",5405063939,НОВОСИБИРСКАЯ,2023,0.0,-151.0,-151.0
11580591,"ООО ""ГОЛДЕН МАРКЕТ""",5405063939,НОВОСИБИРСКАЯ,2022,3899.0,275.0,407.0
11580591,"ООО ""ГОЛДЕН МАРКЕТ""",5405063939,НОВОСИБИРСКАЯ,2021,4697.0,-110.0,-331.0
8253142,"ООО ""2О2""",5256125978,НИЖЕГОРОДСКАЯ,2023,1203.0,9.0,11.0
8253142,"ООО ""2О2""",5256125978,НИЖЕГОРОДСКАЯ,2022,0.0,0.0,0.0
8253142,"ООО ""2О2""",5256125978,НИЖЕГОРОДСКАЯ,2021,0.0,-257.0,-257.0
2153361,"ООО ""ТОНСТРОЙ""",7703547625,МОСКВА,2022,130847.0,946.0,1183.0
2153361,"ООО ""ТОНСТРОЙ""",7703547625,МОСКВА,2021,719332.0,4642.0,3481.0
10455006,"ООО ""ГК ""ЭКОМИР""",7751122485,МОСКВА,2024,6143.0,-10498.0,-10461.0
10455006,"ООО ""ГК ""ЭКОМИР""",7751122485,МОСКВА,2023,22617.0,155.0,372.0
10455006,"ООО ""ГК ""ЭКОМИР""",7751122485,МОСКВА,2022,2009.0,-1673.0,-1525.0
10455006,"ООО ""ГК ""ЭКОМИР""",7751122485,МОСКВА,2021,54146.0,9662.0,9663.0
11719169,"ООО ""М-КОНТАКТ""",9728050966,МОСКВА,2023,16192.0,75.0,75.0
11719169,"ООО ""М-КОНТАКТ""",9728050966,МОСКВА,2022,12203.0,-178.0,-178.0
11719169,"ООО ""М-КОНТАКТ""",9728050966,МОСКВА,2021,7681.0,7607.0,7607.0
9400153,"ООО ""НИКС""",2801211991,АМУРСКАЯ,2022,5164.0,963.0,1119.0
9400153,"ООО ""НИКС""",2801211991,АМУРСКАЯ,2021,6923.0,1655.0,1432.0
11365114,"ООО ""СПЕЦ-Н""",5410084765,НОВОСИБИРСКАЯ,2021,23205.0,269.0,202.0
10794213,"ООО СК ""КРОНОС""",7536172727,ЗАБАЙКАЛЬСКИЙ,2023,650.0,43.0,50.0
10794213,"ООО СК ""КРОНОС""",7536172727,ЗАБАЙКАЛЬСКИЙ,2022,10268.0,478.0,580.0
10794213,"ООО СК ""КРОНОС""",7536172727,ЗАБАЙКАЛЬСКИЙ,2021,2460.0,1550.0,1599.0
9888153,"ООО ""СВАРОГ-Ф""",1513061554,СЕВЕРНАЯ ОСЕТИЯ - АЛАНИЯ,2022,0.0,0.0,0.0
9888153,"ООО ""СВАРОГ-Ф""",1513061554,СЕВЕРНАЯ ОСЕТИЯ - АЛАНИЯ,2021,0.0,0.0,0.0
12009024,"ООО ""ОЛИВКА""",9724110413,МОСКВА,2023,4940.0,1424.0,2580.0
12484264,"ООО ""СК АВРОРА""",2222907700,АЛТАЙСКИЙ,2024,1954.0,-1963.0,-1917.0
11850674,"ООО ""СРТ ПЛЮС""",5045068103,МОСКОВСКАЯ,2022,3792.0,251.0,314.0
10595554,"ООО ""СПЕЦОДЕЖДАТОРГ""",3702196511,ИВАНОВСКАЯ,2021,0.0,-20.0,-19.0
11638750,"ООО ""СТРОЙВИП""",9728042161,МОСКВА,2022,202017.0,6.0,8.0
11638750,"ООО ""СТРОЙВИП""",9728042161,МОСКВА,2021,32371.0,6.0,8.0
11242820,"ООО ""КОНСАЛТИНГ И КО""",9701154125,МОСКВА,2022,812.0,297.0,346.0
11242820,"ООО ""КОНСАЛТИНГ И КО""",9701154125,МОСКВА,2021,121.0,-62.0,-55.0
11590291,"ООО ""БСП-СТРОЙ""",6671165058,СВЕРДЛОВСКАЯ,2021,333.0,49.0,53.0
6582505,"ООО ""РПС""",7603014670,ЯРОСЛАВСКАЯ,2024,9033.0,21.0,26.0
6582505,"ООО ""РПС""",7603014670,ЯРОСЛАВСКАЯ,2023,0.0,-18.0,0.0
6582505,"ООО ""РПС""",7603014670,ЯРОСЛАВСКАЯ,2022,599.0,114.0,103.0
6582505,"ООО ""РПС""",7603014670,ЯРОСЛАВСКАЯ,2021,1057.0,-243.0,-275.0
10992281,"ООО ""ЭНЕРГОСТРОЙ""",2724233980,ХАБАРОВСКИЙ,2023,1039.0,-625.0,-625.0
10992281,"ООО ""ЭНЕРГОСТРОЙ""",2724233980,ХАБАРОВСКИЙ,2022,201.0,-524.0,-524.0
10992281,"ООО ""ЭНЕРГОСТРОЙ""",2724233980,ХАБАРОВСКИЙ,2021,24963.0,1136.0,850.0
7858417,"ООО ""ЭКОПОСЕЛОК""",2635819653,СТАВРОПОЛЬСКИЙ,2022,0.0,-61.0,-61.0
7858417,"ООО ""ЭКОПОСЕЛОК""",2635819653,СТАВРОПОЛЬСКИЙ,2021,0.0,-209.0,-209.0
9625956,"ООО ""СОЮЗ СТРОЙ""",2536291926,ПРИМОРСКИЙ,2022,5998.0,1207.0,1253.0
9625956,"ООО ""СОЮЗ СТРОЙ""",2536291926,ПРИМОРСКИЙ,2021,3352.0,-1673.0,-1544.0
11981556,"ООО ""ИНТЕГРАЛ""",1838026859,УДМУРТСКАЯ,2024,52117.0,1002.0,1682.0
11981556,"ООО ""ИНТЕГРАЛ""",1838026859,УДМУРТСКАЯ,2023,11324.0,385.0,1058.0
11981556,"ООО ""ИНТЕГРАЛ""",1838026859,УДМУРТСКАЯ,2022,773.0,77.0,31.0
12496527,"ООО ""СПЕЦИАЛИЗИРОВАННЫЙ ЗАСТРОЙЩИК ""СТРОЙ-ДЕВЕЛОПМЕНТ""",1500018657,СЕВЕРНАЯ ОСЕТИЯ - АЛАНИЯ,2024,0.0,0.0,0.0
11819535,"ООО ""БИЗНЕС ПОКОЛЕНИЕ""",6725036012,МОСКВА,2024,0.0,0.0,0.0
11819535,"ООО ""БИЗНЕС ПОКОЛЕНИЕ""",6725036012,МОСКВА,2023,4018.0,-796.0,-796.0
11819535,"ООО ""БИЗНЕС ПОКОЛЕНИЕ""",6725036012,МОСКВА,2022,11521.0,1976.0,1426.0
12424925,"ООО ""СТРОЙГАРАНТ""",272924263,БАШКОРТОСТАН,2024,378.0,179.0,224.0
12234410,"ООО ""ТЕПЛОЭНЕРГОСТРОЙ ТМ""",7840107560,САНКТ-ПЕТЕРБУРГ,2024,0.0,0.0,0.0
12234410,"ООО ""ТЕПЛОЭНЕРГОСТРОЙ ТМ""",7840107560,САНКТ-ПЕТЕРБУРГ,2023,32.0,0.0,0.0
12469241,"ООО ""АЛЬФА ГРУПП""",9718260675,МОСКВА,2024,0.0,0.0,0.0
11767896,"ООО ""ПЕРСПЕКТИВА""",6234198692,РЯЗАНСКАЯ,2022,0.0,0.0,0.0
8326503,"ООО ""ТЕХНОПРЕМИУМ""",7727826057,МОСКВА,2022,7624.0,457.0,343.0
8326503,"ООО ""ТЕХНОПРЕМИУМ""",7727826057,МОСКВА,2021,0.0,0.0,0.0
11104108,"ООО ""ЮНИОН""",7727425545,МОСКВА,2021,0.0,-195.0,-195.0
11527224,"ООО ""СТРОЙЛИДЕР""",7801695212,САНКТ-ПЕТЕРБУРГ,2024,0.0,0.0,0.0
11527224,"ООО ""СТРОЙЛИДЕР""",7801695212,САНКТ-ПЕТЕРБУРГ,2023,14488.0,218.0,272.0
11527224,"ООО ""СТРОЙЛИДЕР""",7801695212,САНКТ-ПЕТЕРБУРГ,2022,16652.0,109.0,139.0
11527224,"ООО ""СТРОЙЛИДЕР""",7801695212,САНКТ-ПЕТЕРБУРГ,2021,20718.0,96.0,120.0
12532841,"ООО ""ПРОФСПКСТРОЙ""",5031158100,МОСКОВСКАЯ,2024,1294.0,-88.0,-88.0
12001104,"ООО ""КОМАНДА""",9704179248,МОСКВА,2024,160248.0,195.0,156.0
12001104,"ООО ""КОМАНДА""",9704179248,МОСКВА,2023,499084.0,15.0,11.0
12001104,"ООО ""КОМАНДА""",9704179248,МОСКВА,2022,0.0,0.0,0.0
11613318,"ООО ""НАЙС-ГРУПП-ХОЛДИНГ""",6507015816,САХАЛИНСКАЯ,2022,0.0,-581.0,-581.0
11613318,"ООО ""НАЙС-ГРУПП-ХОЛДИНГ""",6507015816,САХАЛИНСКАЯ,2021,3088.0,-311.0,-280.0
11216413,"ООО ""СК МИГ""",5038151921,МОСКОВСКАЯ,2023,48568.0,-984.0,-984.0
11216413,"ООО ""СК МИГ""",5038151921,МОСКОВСКАЯ,2022,35153.0,-988.0,-988.0
11216413,"ООО ""СК МИГ""",5038151921,МОСКОВСКАЯ,2021,44651.0,-66.0,-91.0
12045174,"ООО ""ЕРСТРОЙ""",7751240721,МОСКВА,2023,393993.0,17.0,17.0
12001663,"ООО ""ВОТОРУС""",9702049772,МОСКВА,2023,498830.0,16.0,12.0
12001663,"ООО ""ВОТОРУС""",9702049772,МОСКВА,2022,0.0,0.0,0.0
12260824,"ООО ""СТРОЙМОНТАЖ-76""",7720907290,МОСКВА,2024,0.0,0.0,0.0
12260824,"ООО ""СТРОЙМОНТАЖ-76""",7720907290,МОСКВА,2023,0.0,0.0,0.0
12104814,"ООО ""ОЛИМП-СТРОЙ""",300011677,БУРЯТИЯ,2023,7570.0,157.0,157.0
10226267,"ООО ""ИНЖСТРОЙГРУПП""",5503174796,ОМСКАЯ,2022,0.0,0.0,0.0
10226267,"ООО ""ИНЖСТРОЙГРУПП""",5503174796,ОМСКАЯ,2021,0.0,0.0,0.0
10229386,"ООО ""ЭНЕРГОДОСТУП""",6671073576,СВЕРДЛОВСКАЯ,2021,0.0,0.0,0.0
10222890,"ООО ""ТСС""",2315995057,КРАСНОДАРСКИЙ,2023,1455.0,19.0,16.0
10222890,"ООО ""ТСС""",2315995057,КРАСНОДАРСКИЙ,2022,4369.0,28.0,23.0
10232545,"ООО ""СТРОЙ-ИНВЕСТ""",3121007581,БЕЛГОРОДСКАЯ,2021,48.0,-1030.0,-1030.0
10248386,"ООО ""ПРОФИСТРОЙ""",6143089872,РОСТОВСКАЯ,2022,101163.0,10219.0,10219.0
10248386,"ООО ""ПРОФИСТРОЙ""",6143089872,РОСТОВСКАЯ,2021,26528.0,4775.0,4775.0
10249020,"ООО ""СОЛОВЕЦКАЯ САЛМА""",2921127928,АРХАНГЕЛЬСКАЯ,2022,0.0,0.0,0.0
10249020,"ООО ""СОЛОВЕЦКАЯ САЛМА""",2921127928,АРХАНГЕЛЬСКАЯ,2021,0.0,0.0,0.0
10250879,"ЖСК ""САБУР""",546024676,ДАГЕСТАН,2024,0.0,0.0,0.0
10250879,"ЖСК ""САБУР""",546024676,ДАГЕСТАН,2023,0.0,0.0,0.0
10250879,"ЖСК ""САБУР""",546024676,ДАГЕСТАН,2022,2068.0,1062.0,1082.0
10250994,"ЖСК ""СОЦИАЛЬНОЕ ЖИЛЬЁ""",554003013,ДАГЕСТАН,2021,0.0,0.0,0.0
10247765,"ООО ""ВАПА""",7725376853,МОСКВА,2021,0.0,0.0,0.0
10493389,"ООО ""ДЮРИД""",1832147293,УДМУРТСКАЯ,2021,0.0,0.0,0.0
10494778,"ООО СК ""МСД""",5911078730,ПЕРМСКИЙ,2023,386.0,19.0,15.0
10494778,"ООО СК ""МСД""",5911078730,ПЕРМСКИЙ,2022,0.0,0.0,0.0
10494778,"ООО СК ""МСД""",5911078730,ПЕРМСКИЙ,2021,1589.0,386.0,386.0
10412360,"ООО ""ИРИС""",6321438446,САМАРСКАЯ,2021,3597.0,-1749.0,-1709.0
10412531,"ООО ""МЕГАПОЛИС""",6164117425,РОСТОВСКАЯ,2021,15634.0,885.0,1618.0
10413165,"ООО ""ВЫСОТА""",5050134785,МОСКОВСКАЯ,2021,0.0,0.0,0.0
10417002,"ООО ""АСК ""АТРИУМ""",7801338789,САНКТ-ПЕТЕРБУРГ,2022,533.0,0.0,0.0
10417245,"ООО ""ЭВЕЙЛ""",7707396293,МОСКВА,2021,0.0,0.0,0.0
10505249,"ООО ПТСК ""ВЫСОТА""",7460040380,ЧЕЛЯБИНСКАЯ,2022,0.0,0.0,0.0
10505249,"ООО ПТСК ""ВЫСОТА""",7460040380,ЧЕЛЯБИНСКАЯ,2021,0.0,0.0,0.0
10505943,"ООО ""МВС""",3305798157,ВЛАДИМИРСКАЯ,2021,5373.0,52.0,374.0
10506316,"ООО ""СИНЕРГИЯ""",4703153657,ЛЕНИНГРАДСКАЯ,2021,8037.0,126.0,145.0
10513204,"ООО ""СГ-ГРУПП""",6316241116,САМАРСКАЯ,2021,2631.0,11.0,11.0
10819784,"ООО ""УСК""",3459077187,ВОЛГОГРАДСКАЯ,2024,385.0,-9709.0,-9709.0
10819784,"ООО ""УСК""",3459077187,ВОЛГОГРАДСКАЯ,2023,3785.0,-1072.0,-1084.0
10819784,"ООО ""УСК""",3459077187,ВОЛГОГРАДСКАЯ,2022,15403.0,88.0,31.0
10819784,"ООО ""УСК""",3459077187,ВОЛГОГРАДСКАЯ,2021,13610.0,73.0,16.0
11594095,"ООО""ЭД ИНВЕСТ""",2311319178,КРАСНОДАРСКИЙ,2024,0.0,0.0,0.0
11594095,"ООО""ЭД ИНВЕСТ""",2311319178,КРАСНОДАРСКИЙ,2023,0.0,0.0,0.0
11594095,"ООО""ЭД ИНВЕСТ""",2311319178,КРАСНОДАРСКИЙ,2022,0.0,0.0,0.0
11594095,"ООО""ЭД ИНВЕСТ""",2311319178,КРАСНОДАРСКИЙ,2021,0.0,-1.0,-1.0
10697290,"ООО ""СК ДИНАМИКА""",7805728130,САНКТ-ПЕТЕРБУРГ,2024,4902.0,-3.0,-3.0
10697290,"ООО ""СК ДИНАМИКА""",7805728130,САНКТ-ПЕТЕРБУРГ,2023,9604.0,124.0,124.0
10697290,"ООО ""СК ДИНАМИКА""",7805728130,САНКТ-ПЕТЕРБУРГ,2022,2700.0,81.0,101.0
10697290,"ООО ""СК ДИНАМИКА""",7805728130,САНКТ-ПЕТЕРБУРГ,2021,3939.0,58.0,73.0
11913315,"ООО ""4 СЕЗОНА""",2311337459,КРАСНОДАРСКИЙ,2024,43908.0,653.0,889.0
11913315,"ООО ""4 СЕЗОНА""",2311337459,КРАСНОДАРСКИЙ,2023,18381.0,44.0,170.0
11913315,"ООО ""4 СЕЗОНА""",2311337459,КРАСНОДАРСКИЙ,2022,4792.0,11.0,13.0
11416268,"ООО ""СИСТЕМА.ЛТД""",1660351279,ТАТАРСТАН,2024,0.0,0.0,0.0
11416268,"ООО ""СИСТЕМА.ЛТД""",1660351279,ТАТАРСТАН,2023,0.0,0.0,0.0
11416268,"ООО ""СИСТЕМА.ЛТД""",1660351279,ТАТАРСТАН,2022,0.0,0.0,0.0
12500695,"ООО ""КОНСТРУКТИВ ГРУПП""",7842224050,САНКТ-ПЕТЕРБУРГ,2024,6746.0,76.0,95.0
12600119,"ООО ""ДИОНИС-СТРОЙ""",9723245538,МОСКВА,2024,0.0,-3.0,0.0
12576472,"ОБЩЕСТВО С ОГРАНИЧЕННОЙ ОТВЕТСТВЕННОСТЬЮ ""СК ВИКТОРИЯ""",2367040040,КРАСНОДАРСКИЙ,2024,1442.0,67.0,84.0
11524718,"ООО ""ПН-СТРОЙ""",9718169360,МОСКВА,2024,0.0,-32.0,-32.0
11524718,"ООО ""ПН-СТРОЙ""",9718169360,МОСКВА,2023,0.0,-25.0,-25.0
11524718,"ООО ""ПН-СТРОЙ""",9718169360,МОСКВА,2022,4791.0,3569.0,3966.0
11524718,"ООО ""ПН-СТРОЙ""",9718169360,МОСКВА,2021,2309.0,-2228.0,-2228.0
11935470,"ООО ""ЭМ.СТРОЙ""",700005420,КАБАРДИНО-БАЛКАРСКАЯ,2024,0.0,-994.0,-835.0
12350490,"ООО ""ЛЮКС КОНСТРАКШН""",7730316507,МОСКВА,2024,0.0,0.0,0.0
11829970,"ООО ""МОБИТЕКС""",5403069445,НОВОСИБИРСКАЯ,2024,204699.0,14194.0,10646.0
11829970,"ООО ""МОБИТЕКС""",5403069445,НОВОСИБИРСКАЯ,2023,32935.0,12867.0,13074.0
11829970,"ООО ""МОБИТЕКС""",5403069445,НОВОСИБИРСКАЯ,2022,4806.0,767.0,767.0
6573400,"ООО ""ЭЛИТА-В""",7709304185,МОСКВА,2024,0.0,-13.0,-13.0
6573400,"ООО ""ЭЛИТА-В""",7709304185,МОСКВА,2023,0.0,-14.0,-14.0
6573400,"ООО ""ЭЛИТА-В""",7709304185,МОСКВА,2022,0.0,1442.0,1442.0
6573400,"ООО ""ЭЛИТА-В""",7709304185,МОСКВА,2021,0.0,1354.0,1354.0
9909727,"ООО ""СИБИРСКИЙ ПАРК""",7203395460,ТЮМЕНСКАЯ,2024,3809.0,2206.0,2273.0
9909727,"ООО ""СИБИРСКИЙ ПАРК""",7203395460,ТЮМЕНСКАЯ,2023,10881.0,6255.0,6519.0
9909727,"ООО ""СИБИРСКИЙ ПАРК""",7203395460,ТЮМЕНСКАЯ,2022,1628.0,-55.0,29.0
9909727,"ООО ""СИБИРСКИЙ ПАРК""",7203395460,ТЮМЕНСКАЯ,2021,1151.0,-1964.0,-1842.0
8975962,"ООО ""СТРОЙУНИВЕРСАЛ""",2130146928,ЧУВАШСКАЯ РЕСПУБЛИКА -,2024,0.0,-8.0,-8.0
8975962,"ООО ""СТРОЙУНИВЕРСАЛ""",2130146928,ЧУВАШСКАЯ РЕСПУБЛИКА -,2023,0.0,-4.0,-4.0
8975962,"ООО ""СТРОЙУНИВЕРСАЛ""",2130146928,ЧУВАШСКАЯ РЕСПУБЛИКА -,2022,0.0,-6.0,-6.0
8975962,"ООО ""СТРОЙУНИВЕРСАЛ""",2130146928,ЧУВАШСКАЯ РЕСПУБЛИКА -,2021,0.0,-3.0,-3.0
11654882,"ООО ""БЕЛСТАЛЬ""",9722006270,МОСКВА,2024,0.0,0.0,0.0
11654882,"ООО ""БЕЛСТАЛЬ""",9722006270,МОСКВА,2023,0.0,0.0,0.0
11654882,"ООО ""БЕЛСТАЛЬ""",9722006270,МОСКВА,2021,0.0,0.0,0.0
11181661,"ООО ""ПСМ-25""",6324106336,САМАРСКАЯ,2024,0.0,-73.0,-73.0
11181661,"ООО ""ПСМ-25""",6324106336,САМАРСКАЯ,2023,1500.0,-480.0,-506.0
11181661,"ООО ""ПСМ-25""",6324106336,САМАРСКАЯ,2022,1794.0,929.0,880.0
11181661,"ООО ""ПСМ-25""",6324106336,САМАРСКАЯ,2021,352.0,42.0,32.0
11491964,"ООО ""ПСК ПРОГРЕСС""",3123476412,БЕЛГОРОДСКАЯ,2024,29132.0,-8272.0,-8984.0
11491964,"ООО ""ПСК ПРОГРЕСС""",3123476412,БЕЛГОРОДСКАЯ,2023,34667.0,-749.0,-1412.0
11491964,"ООО ""ПСК ПРОГРЕСС""",3123476412,БЕЛГОРОДСКАЯ,2022,75939.0,6031.0,5343.0
11491964,"ООО ""ПСК ПРОГРЕСС""",3123476412,БЕЛГОРОДСКАЯ,2021,25393.0,8503.0,8007.0
9684091,"ООО ""АВАНГАРД""",7743147567,МОСКВА,2024,8306.0,4297.0,5147.0
9684091,"ООО ""АВАНГАРД""",7743147567,МОСКВА,2023,14263.0,1203.0,1474.0
9684091,"ООО ""АВАНГАРД""",7743147567,МОСКВА,2022,20993.0,1993.0,2448.0
9684091,"ООО ""АВАНГАРД""",7743147567,МОСКВА,2021,14834.0,13240.0,14004.0
11452534,"ООО ""ПСО ""ВЕРШИНА""",5028036609,МОСКОВСКАЯ,2024,76361.0,151.0,172.0
11452534,"ООО ""ПСО ""ВЕРШИНА""",5028036609,МОСКОВСКАЯ,2023,82411.0,3562.0,4498.0
11452534,"ООО ""ПСО ""ВЕРШИНА""",5028036609,МОСКОВСКАЯ,2022,36371.0,202.0,162.0
11452534,"ООО ""ПСО ""ВЕРШИНА""",5028036609,МОСКОВСКАЯ,2021,47611.0,33.0,25.0
11301009,"ООО ""ЭНЕРГОРЕМСТРОЙ""",7813643988,САНКТ-ПЕТЕРБУРГ,2021,417.0,3.0,5.0
11301663,"ООО ""ВЕКТРА""",1658225090,ТАТАРСТАН,2021,29829.0,496.0,372.0
11299738,"ООО ""ВИЛОН""",6686124537,СВЕРДЛОВСКАЯ,2021,101116.0,1008.0,1260.0
11297893,"ООО ""СТМ777""",5027285360,МОСКОВСКАЯ,2023,0.0,-1163.0,-1163.0
11297893,"ООО ""СТМ777""",5027285360,МОСКОВСКАЯ,2022,888.0,-579.0,-579.0
11297893,"ООО ""СТМ777""",5027285360,МОСКОВСКАЯ,2021,12670.0,471.0,589.0
11300572,"ООО ""СТМ""",1655436343,ТАТАРСТАН,2021,20492.0,68.0,85.0
11300773,"ООО ""ВЕРОНА""",1660342972,ТАТАРСТАН,2021,16427.0,54.0,67.0
11295146,"ООО ""СК ""РЕНЕССАНС""",6165224998,РОСТОВСКАЯ,2023,38066.0,1753.0,2196.0
11295146,"ООО ""СК ""РЕНЕССАНС""",6165224998,РОСТОВСКАЯ,2022,0.0,0.0,0.0
11295146,"ООО ""СК ""РЕНЕССАНС""",6165224998,РОСТОВСКАЯ,2021,0.0,0.0,0.0
11323515,"ООО ""СНИП""",7814776099,САНКТ-ПЕТЕРБУРГ,2021,30591.0,924.0,1181.0
11323735,"ООО ""СХ-ЛИДЕР""",7751180511,МОСКВА,2021,181026.0,2947.0,3222.0
11318363,"ООО ""СТРОЙГРУПП""",1840096998,УДМУРТСКАЯ,2021,11129.0,24.0,28.0
11319651,"ООО ""РИНГ""",268090640,БАШКОРТОСТАН,2024,0.0,0.0,0.0
11319651,"ООО ""РИНГ""",268090640,БАШКОРТОСТАН,2023,0.0,-713.0,-713.0
11319651,"ООО ""РИНГ""",268090640,БАШКОРТОСТАН,2022,7089.0,402.0,331.0
11319651,"ООО ""РИНГ""",268090640,БАШКОРТОСТАН,2021,1023.0,-9.0,-19.0
11319853,"ООО ""ССС""",2207011027,АЛТАЙСКИЙ,2021,980.0,23.0,74.0
11315713,"ООО ""СТГ 52""",5249171910,НИЖЕГОРОДСКАЯ,2022,12550.0,273.0,389.0
11315713,"ООО ""СТГ 52""",5249171910,НИЖЕГОРОДСКАЯ,2021,8474.0,234.0,293.0
11316069,"ООО ""ЛСМ-ГРУПП""",7802707100,САНКТ-ПЕТЕРБУРГ,2021,9766.0,90.0,112.0
11316638,"ООО ГРУППА КОМПАНИЙ ""ЯРГ""",5836693484,ПЕНЗЕНСКАЯ,2024,0.0,0.0,0.0
11316638,"ООО ГРУППА КОМПАНИЙ ""ЯРГ""",5836693484,ПЕНЗЕНСКАЯ,2023,0.0,0.0,0.0
11420765,"ООО ""ПАНОРАМА ГРУПП""",7811751674,САНКТ-ПЕТЕРБУРГ,2021,11875.0,-119.0,-86.0
11421742,"ООО ""ВЕК""",3702249876,ИВАНОВСКАЯ,2021,124618.0,298.0,373.0
11422513,"ООО ""ХЕТТИ""",9704033746,МОСКВА,2021,44241.0,15.0,19.0
11423813,"ООО ""ИНТЕЛСТРОЙ""",7842185309,САНКТ-ПЕТЕРБУРГ,2021,24774.0,126.0,268.0
11423874,"ООО ""КРИПТОН""",3528322121,ВОЛОГОДСКАЯ,2021,495.0,3.0,4.0
52739,"ООО ""АГРОСТРОЙ""",259009434,БАШКОРТОСТАН,2024,19.0,2.0,2.0
52739,"ООО ""АГРОСТРОЙ""",259009434,БАШКОРТОСТАН,2023,10283.0,3.0,3.0
52739,"ООО ""АГРОСТРОЙ""",259009434,БАШКОРТОСТАН,2022,17721.0,0.0,0.0
52739,"ООО ""АГРОСТРОЙ""",259009434,БАШКОРТОСТАН,2021,8382.0,0.0,0.0
8073780,"ООО ""ЭВЕНТУССТРОЙ""",5032269726,МОСКОВСКАЯ,2023,498973.0,0.0,0.0
8073780,"ООО ""ЭВЕНТУССТРОЙ""",5032269726,МОСКОВСКАЯ,2022,0.0,0.0,0.0
8073780,"ООО ""ЭВЕНТУССТРОЙ""",5032269726,МОСКОВСКАЯ,2021,1775.0,-87.0,-87.0
11340997,"ООО ""АКВА МЕХАНИКА""",7733355913,МОСКВА,2023,0.0,0.0,0.0
11340997,"ООО ""АКВА МЕХАНИКА""",7733355913,МОСКВА,2022,0.0,0.0,0.0
11340997,"ООО ""АКВА МЕХАНИКА""",7733355913,МОСКВА,2021,0.0,0.0,0.0
11663067,"ООО ""СВАРОГ""",7720853693,МОСКВА,2023,1802.0,1358.0,1460.0
11663067,"ООО ""СВАРОГ""",7720853693,МОСКВА,2022,0.0,0.0,0.0
11663067,"ООО ""СВАРОГ""",7720853693,МОСКВА,2021,0.0,0.0,0.0
11362819,"ООО ""АДДЭН""",400014745,АЛТАЙ,2024,0.0,0.0,0.0
11362819,"ООО ""АДДЭН""",400014745,АЛТАЙ,2023,0.0,0.0,0.0
11362819,"ООО ""АДДЭН""",400014745,АЛТАЙ,2022,0.0,0.0,0.0
11362819,"ООО ""АДДЭН""",400014745,АЛТАЙ,2021,1532.0,0.0,0.0
9256571,"ООО ""СПЕЦФУНДАМЕНТ""",7751006030,МОСКВА,2022,363597.0,-7435.0,-4698.0
9256571,"ООО ""СПЕЦФУНДАМЕНТ""",7751006030,МОСКВА,2021,459530.0,14505.0,12480.0
11768477,"ООО СК ""КСМ""",7716963407,МОСКВА,2023,189721.0,5976.0,7171.0
11768477,"ООО СК ""КСМ""",7716963407,МОСКВА,2022,191470.0,5758.0,7198.0
11540558,"ООО ""СТРОИТЕЛЬСТВО И БЛАГОУСТРОЙСТВО""",7722498324,МОСКВА,2024,0.0,-286.0,-286.0
11540558,"ООО ""СТРОИТЕЛЬСТВО И БЛАГОУСТРОЙСТВО""",7722498324,МОСКВА,2023,0.0,-152.0,-110.0
11540558,"ООО ""СТРОИТЕЛЬСТВО И БЛАГОУСТРОЙСТВО""",7722498324,МОСКВА,2022,8880.0,598.0,1050.0
11540558,"ООО ""СТРОИТЕЛЬСТВО И БЛАГОУСТРОЙСТВО""",7722498324,МОСКВА,2021,18416.0,1143.0,2170.0
1531088,"ООО ""ДВ СТРОЙТРАНСПОРТ""",2703047415,ХАБАРОВСКИЙ,2023,3247.0,6.0,103.0
1531088,"ООО ""ДВ СТРОЙТРАНСПОРТ""",2703047415,ХАБАРОВСКИЙ,2022,5540.0,568.0,781.0
1531088,"ООО ""ДВ СТРОЙТРАНСПОРТ""",2703047415,ХАБАРОВСКИЙ,2021,5408.0,1627.0,1882.0
9490820,"ООО СК ""СЕЛАР""",5405965782,НОВОСИБИРСКАЯ,2024,0.0,0.0,0.0
9490820,"ООО СК ""СЕЛАР""",5405965782,НОВОСИБИРСКАЯ,2023,0.0,0.0,0.0
9490820,"ООО СК ""СЕЛАР""",5405965782,НОВОСИБИРСКАЯ,2022,0.0,0.0,0.0
9490820,"ООО СК ""СЕЛАР""",5405965782,НОВОСИБИРСКАЯ,2021,0.0,0.0,0.0
10845923,"ООО ""ИНВЕСТСТРОЙ""",7704465301,МОСКВА,2023,3904.0,5.0,-198.0
10845923,"ООО ""ИНВЕСТСТРОЙ""",7704465301,МОСКВА,2022,3656.0,21.0,19.0
10845923,"ООО ""ИНВЕСТСТРОЙ""",7704465301,МОСКВА,2021,79.0,10.0,7.0
11380733,"ООО ""МАСТЕР""",6501310533,САХАЛИНСКАЯ,2023,0.0,0.0,0.0
11380733,"ООО ""МАСТЕР""",6501310533,САХАЛИНСКАЯ,2022,2900.0,199.0,234.0
11380733,"ООО ""МАСТЕР""",6501310533,САХАЛИНСКАЯ,2021,31407.0,2069.0,2386.0
171396,"ООО ""БОНУМ""",7715678781,МОСКВА,2023,2841.0,58.0,72.0
171396,"ООО ""БОНУМ""",7715678781,МОСКВА,2022,8209.0,446.0,328.0
171396,"ООО ""БОНУМ""",7715678781,МОСКВА,2021,86928.0,1770.0,1327.0
8101385,"ООО ""ЭКОДОМ ИНВЕСТ""",7202253906,ТЮМЕНСКАЯ,2024,0.0,0.0,0.0
8101385,"ООО ""ЭКОДОМ ИНВЕСТ""",7202253906,ТЮМЕНСКАЯ,2022,0.0,-3683.0,-3683.0
8101385,"ООО ""ЭКОДОМ ИНВЕСТ""",7202253906,ТЮМЕНСКАЯ,2021,0.0,0.0,0.0
8207287,"ООО ""УПРАВЛЯЮЩАЯ КОМПАНИЯ ""ФЕНИКС""",7726734935,МОСКВА,2023,0.0,0.0,0.0
8207287,"ООО ""УПРАВЛЯЮЩАЯ КОМПАНИЯ ""ФЕНИКС""",7726734935,МОСКВА,2022,0.0,0.0,0.0
11337249,"ООО ""МОНТАЖСПЕЦСТРОЙ""",7810796320,РОСТОВСКАЯ,2023,63383.0,541.0,406.0
11337249,"ООО ""МОНТАЖСПЕЦСТРОЙ""",7810796320,РОСТОВСКАЯ,2022,32196.0,2093.0,1570.0
11337249,"ООО ""МОНТАЖСПЕЦСТРОЙ""",7810796320,РОСТОВСКАЯ,2021,10289.0,2.0,1.0
10364609,"ООО ""ГАРАНТТЕХСТРОЙ""",5433963963,НОВОСИБИРСКАЯ,2023,0.0,0.0,0.0
10364609,"ООО ""ГАРАНТТЕХСТРОЙ""",5433963963,НОВОСИБИРСКАЯ,2022,0.0,0.0,0.0
10364609,"ООО ""ГАРАНТТЕХСТРОЙ""",5433963963,НОВОСИБИРСКАЯ,2021,1243.0,23.0,29.0
11800419,"ООО ""ПРОШКОЛА №84""",9703078381,МОСКВА,2024,0.0,-242.0,-120.0
11800419,"ООО ""ПРОШКОЛА №84""",9703078381,МОСКВА,2023,0.0,-247.0,-174.0
11800419,"ООО ""ПРОШКОЛА №84""",9703078381,МОСКВА,2022,0.0,-226.0,-127.0
11678750,"ООО ""ГОЛД""",6671184501,ТАТАРСТАН,2023,1292.0,40.0,53.0
11678750,"ООО ""ГОЛД""",6671184501,ТАТАРСТАН,2021,3128.0,502.0,540.0
11681862,"ООО ""СТК 21 ВЕК""",7840097720,САНКТ-ПЕТЕРБУРГ,2023,408.0,41.0,51.0
11681862,"ООО ""СТК 21 ВЕК""",7840097720,САНКТ-ПЕТЕРБУРГ,2022,495.0,6.0,4.0
11681862,"ООО ""СТК 21 ВЕК""",7840097720,САНКТ-ПЕТЕРБУРГ,2021,0.0,0.0,0.0
12204917,"ООО ""ЛИРА-М""",9721209189,МОСКВА,2023,35135.0,309.0,430.0
12110997,"ООО ""ТРИВАНТИС""",9726038160,МОСКВА,2023,997645.0,18.0,14.0
11576625,"ООО ""СМУ-82""",9106014962,КРЫМ,2022,20700.0,6262.0,6577.0
11576625,"ООО ""СМУ-82""",9106014962,КРЫМ,2021,13091.0,4910.0,5383.0
6017846,"ООО ""СЕНТЯБРЬ-ДВА""",6321101026,САМАРСКАЯ,2021,0.0,-756992.0,-756992.0
8346185,"ООО ""БИГСИТИБАЙК""",7722834079,МОСКВА,2024,65394.0,9.0,-1002.0
8346185,"ООО ""БИГСИТИБАЙК""",7722834079,МОСКВА,2023,48856.0,1742.0,2201.0
8346185,"ООО ""БИГСИТИБАЙК""",7722834079,МОСКВА,2022,43759.0,244.0,244.0
8346185,"ООО ""БИГСИТИБАЙК""",7722834079,МОСКВА,2021,12186.0,684.0,766.0
10682024,"ООО ""А4""",7751143414,МОСКВА,2023,187757.0,2341.0,1755.0
10682024,"ООО ""А4""",7751143414,МОСКВА,2022,227786.0,1930.0,1447.0
10682024,"ООО ""А4""",7751143414,МОСКВА,2021,301.0,-203.0,-201.0
8997826,"ООО ""АРМА-ГРУПП""",9104002746,КРЫМ,2021,0.0,0.0,0.0
8718798,"ООО ""У НАС ТЕПЛО""",7715440877,МОСКВА,2021,683435.0,3279.0,4099.0
12256176,"ООО ""ПАРАДИГМА-СК""",9705207032,МОСКВА,2023,0.0,0.0,0.0
11609230,"ООО ""РЕМСТРОЙ ЛИДЕР""",5424952108,НОВОСИБИРСКАЯ,2021,0.0,0.0,0.0
10426426,"ООО ""ЭСД""",1659185771,ТАТАРСТАН,2022,36516.0,163.0,204.0
10426426,"ООО ""ЭСД""",1659185771,ТАТАРСТАН,2021,27492.0,351.0,439.0
11579635,"ООО ""КЛАПЕЙДА""",9701176400,МОСКВА,2023,2462.0,126.0,147.0
11579635,"ООО ""КЛАПЕЙДА""",9701176400,МОСКВА,2022,130.0,19.0,19.0
11579635,"ООО ""КЛАПЕЙДА""",9701176400,МОСКВА,2021,142.0,0.0,0.0
11790730,"ООО ""БАРЬЕР""",9724073747,МОСКВА,2022,0.0,0.0,0.0
10899110,"ООО ""СПЭР""",2457084444,КРАСНОЯРСКИЙ,2024,0.0,0.0,0.0
10899110,"ООО ""СПЭР""",2457084444,КРАСНОЯРСКИЙ,2023,69000.0,-43578.0,-43578.0
10899110,"ООО ""СПЭР""",2457084444,КРАСНОЯРСКИЙ,2022,209918.0,43403.0,47743.0
10899110,"ООО ""СПЭР""",2457084444,КРАСНОЯРСКИЙ,2021,152990.0,16880.0,26896.0
11402875,"ООО ""СДР""",9703017780,МОСКВА,2022,0.0,0.0,0.0
11402875,"ООО ""СДР""",9703017780,МОСКВА,2021,0.0,0.0,0.0
10464039,ЖСК №62,2536051748,ПРИМОРСКИЙ,2024,0.0,0.0,0.0
10464039,ЖСК №62,2536051748,ПРИМОРСКИЙ,2023,0.0,0.0,0.0
10464039,ЖСК №62,2536051748,ПРИМОРСКИЙ,2022,0.0,0.0,0.0
10464039,ЖСК №62,2536051748,ПРИМОРСКИЙ,2021,0.0,0.0,0.0
11708115,"ООО ""СВ-СТРОЙ""",9701188607,МОСКВА,2022,0.0,0.0,0.0
11672002,"ООО ""РИМФЭЙЛ""",2543160152,ПРИМОРСКИЙ,2024,0.0,0.0,0.0
11672002,"ООО ""РИМФЭЙЛ""",2543160152,ПРИМОРСКИЙ,2023,0.0,0.0,0.0
11672002,"ООО ""РИМФЭЙЛ""",2543160152,ПРИМОРСКИЙ,2022,0.0,-154.0,-154.0
11672002,"ООО ""РИМФЭЙЛ""",2543160152,ПРИМОРСКИЙ,2021,0.0,-113.0,-113.0
9416678,"ООО  ""МОНТАЖСТРОЙТОРГ-ДВ""",2721219265,ХАБАРОВСКИЙ,2021,0.0,-52.0,-52.0
9416678,"ООО  ""МОНТАЖСТРОЙТОРГ-ДВ""",2721219265,ХАБАРОВСКИЙ,2022,100.0,-440.0,133.0
11617611,"ООО ""МПФ ЛИГА""",3019030149,АСТРАХАНСКАЯ,2024,14272.0,1131.0,848.0
11617611,"ООО ""МПФ ЛИГА""",3019030149,АСТРАХАНСКАЯ,2023,0.0,0.0,0.0
11617611,"ООО ""МПФ ЛИГА""",3019030149,АСТРАХАНСКАЯ,2022,0.0,0.0,0.0
10715613,"ООО ""СРУБЫ ДЛЯ ВСЕХ СУРГУТ""",8602286827,ХАНТЫ-МАНСИЙСКИЙ АВТОНОМНЫЙ ОКРУГ - ЮГРА,2023,0.0,-21.0,-21.0
10715613,"ООО ""СРУБЫ ДЛЯ ВСЕХ СУРГУТ""",8602286827,ХАНТЫ-МАНСИЙСКИЙ АВТОНОМНЫЙ ОКРУГ - ЮГРА,2022,6586.0,148.0,215.0
10715613,"ООО ""СРУБЫ ДЛЯ ВСЕХ СУРГУТ""",8602286827,ХАНТЫ-МАНСИЙСКИЙ АВТОНОМНЫЙ ОКРУГ - ЮГРА,2021,1173.0,-128.0,-118.0
11238700,"ООО ""МОНТАЖ КМС""",2703100718,ХАБАРОВСКИЙ,2023,0.0,0.0,0.0
11238700,"ООО ""МОНТАЖ КМС""",2703100718,ХАБАРОВСКИЙ,2022,0.0,0.0,0.0
11238700,"ООО ""МОНТАЖ КМС""",2703100718,ХАБАРОВСКИЙ,2021,0.0,0.0,0.0
5604284,"ООО ""СТРОЙПОДРЯДЧИК""",2816007847,АМУРСКАЯ,2022,0.0,0.0,0.0
5604284,"ООО ""СТРОЙПОДРЯДЧИК""",2816007847,АМУРСКАЯ,2021,0.0,-21780.0,-21780.0
4036485,"НП ""САМОСТРОЙ""",5044047365,МОСКОВСКАЯ,2022,0.0,0.0,0.0
11534829,"ООО ""ЕРЕМИНО""",9718170157,МОСКВА,2022,462.0,-18.0,-18.0
11534829,"ООО ""ЕРЕМИНО""",9718170157,МОСКВА,2021,0.0,-72.0,-54.0
11362969,"АО СЗ ""ИЗУМРУДНЫЙ ПАРК""",9725033930,МОСКОВСКАЯ,2022,0.0,-372.0,-362.0
11362969,"АО СЗ ""ИЗУМРУДНЫЙ ПАРК""",9725033930,МОСКОВСКАЯ,2021,0.0,0.0,0.0
11582338,"ООО ""МЕРКУРИЙ""",2367019585,КРАСНОДАРСКИЙ,2022,0.0,-15.0,-15.0
11582338,"ООО ""МЕРКУРИЙ""",2367019585,КРАСНОДАРСКИЙ,2021,0.0,0.0,0.0
11567930,"ООО ""СИМСТРОЙ""",7328108826,УЛЬЯНОВСКАЯ,2023,0.0,-7.0,-6.0
11567930,"ООО ""СИМСТРОЙ""",7328108826,УЛЬЯНОВСКАЯ,2022,162984.0,-904.0,-1217.0
11567930,"ООО ""СИМСТРОЙ""",7328108826,УЛЬЯНОВСКАЯ,2021,161459.0,2869.0,2156.0
11674943,"ООО ""СПЕКТР""",9728046399,МОСКВА,2023,0.0,0.0,0.0
11674943,"ООО ""СПЕКТР""",9728046399,МОСКВА,2022,5368.0,-12.0,-10.0
11674943,"ООО ""СПЕКТР""",9728046399,МОСКВА,2021,3249.0,22.0,27.0
5724956,"ООО ""ИНЖЕНЕРИНГ-МАКС""",3305056571,КАЛИНИНГРАДСКАЯ,2022,0.0,0.0,0.0
5724956,"ООО ""ИНЖЕНЕРИНГ-МАКС""",3305056571,КАЛИНИНГРАДСКАЯ,2021,0.0,0.0,0.0
9149993,"ООО ""ТИТАН""",549001236,ДАГЕСТАН,2021,1972.0,1816.0,1816.0
9822042,"ООО ""ВОЛГАТЕХСТРОЙ""",9717032387,МОСКВА,2021,69.0,-9386.0,-9386.0
8231487,"ООО ""РЕМСТРОЙ КОМПАНИ""",2508117468,ПРИМОРСКИЙ,2022,0.0,0.0,0.0
8231487,"ООО ""РЕМСТРОЙ КОМПАНИ""",2508117468,ПРИМОРСКИЙ,2021,0.0,0.0,0.0
11701926,"ООО ""СТРОЙ-АЛЬЯНС""",7203528254,ТЮМЕНСКАЯ,2021,3553.0,676.0,640.0
6595062,"ООО ""СК ПОЛИМЕРМАШ""",7606061950,ЯРОСЛАВСКАЯ,2021,0.0,0.0,0.0
10813139,"ООО ""ТРИУМФ СК""",2308260076,КРАСНОДАРСКИЙ,2022,191572.0,2414.0,2963.0
10813139,"ООО ""ТРИУМФ СК""",2308260076,КРАСНОДАРСКИЙ,2021,119439.0,804.0,1042.0
11434447,"ООО ""ЮГСТРОЙСИСТЕМЫ""",6166120832,РОСТОВСКАЯ,2022,86741.0,2059.0,1544.0
11434447,"ООО ""ЮГСТРОЙСИСТЕМЫ""",6166120832,РОСТОВСКАЯ,2021,27967.0,1031.0,773.0
1269116,"ООО ""МАСТЕРСТРОЙ""",2318034816,КРАСНОДАРСКИЙ,2023,0.0,0.0,0.0
1269116,"ООО ""МАСТЕРСТРОЙ""",2318034816,КРАСНОДАРСКИЙ,2022,0.0,0.0,0.0
1269116,"ООО ""МАСТЕРСТРОЙ""",2318034816,КРАСНОДАРСКИЙ,2021,0.0,0.0,0.0
6444684,"ООО ""СПЕЦРЕМСТРОЙ""",6904024729,ТВЕРСКАЯ,2022,1652.0,137.0,97.0
6444684,"ООО ""СПЕЦРЕМСТРОЙ""",6904024729,ТВЕРСКАЯ,2021,2012.0,295.0,216.0
8305958,"ООО ""ПЛАЗА КОНСТРАКШН""",7717774160,УДМУРТСКАЯ,2022,0.0,0.0,0.0
8305958,"ООО ""ПЛАЗА КОНСТРАКШН""",7717774160,УДМУРТСКАЯ,2021,0.0,0.0,0.0
7960979,"ООО ""ЭКСТРА ГОРОД""",1655270480,ТАТАРСТАН,2021,0.0,0.0,0.0
7951253,"ООО ""СТРОЙТЕХИНЖИНИРИНГ""",5260360318,НИЖЕГОРОДСКАЯ,2021,200.0,59.0,76.0
8024715,"ООО ""ВЕК""",278202786,БАШКОРТОСТАН,2022,0.0,0.0,0.0
8024715,"ООО ""ВЕК""",278202786,БАШКОРТОСТАН,2021,0.0,0.0,0.0
8025449,"ООО ""ЦЕНТРСТРОЙ""",3528205019,ВОЛОГОДСКАЯ,2022,470.0,-65.0,-65.0
8025449,"ООО ""ЦЕНТРСТРОЙ""",3528205019,ВОЛОГОДСКАЯ,2021,0.0,0.0,0.0
7995220,"ООО ""РЕСПЕКТ""",5720020602,ОРЛОВСКАЯ,2022,0.0,0.0,0.0
7995220,"ООО ""РЕСПЕКТ""",5720020602,ОРЛОВСКАЯ,2021,0.0,0.0,0.0
8149463,"ООО ""ЯР.ТЕПЛОТЕХНИК""",7627040076,ЯРОСЛАВСКАЯ,2021,0.0,0.0,0.0
8149893,"ООО ""СТРОЙТОРГ""",5003107745,МОСКВА,2021,0.0,-12.0,-12.0
8179155,"ООО ""ЮРДЕН""",7840496972,САНКТ-ПЕТЕРБУРГ,2021,6539.0,81.0,101.0
8153770,"ООО ""СТРОЙ-СЕРВИС""",7725807926,МОСКВА,2022,0.0,0.0,0.0
8153770,"ООО ""СТРОЙ-СЕРВИС""",7725807926,МОСКВА,2021,0.0,0.0,0.0
8155800,"ООО ""ИМХОТЕП""",7717766955,МОСКВА,2022,0.0,0.0,0.0
8155800,"ООО ""ИМХОТЕП""",7717766955,МОСКВА,2021,0.0,0.0,0.0
8162958,"ООО ""ИННОВАЦИОННЫЕ ИНЖЕНЕРНЫЕ ТЕХНОЛОГИИ""",7751514972,МОСКВА,2023,0.0,-386.0,-386.0
8162958,"ООО ""ИННОВАЦИОННЫЕ ИНЖЕНЕРНЫЕ ТЕХНОЛОГИИ""",7751514972,МОСКВА,2022,0.0,-11.0,-11.0
8162958,"ООО ""ИННОВАЦИОННЫЕ ИНЖЕНЕРНЫЕ ТЕХНОЛОГИИ""",7751514972,МОСКВА,2021,0.0,0.0,0.0
8163230,"ООО ""РЕСПЕКТ""",3328493031,ВЛАДИМИРСКАЯ,2022,0.0,0.0,0.0
8163230,"ООО ""РЕСПЕКТ""",3328493031,ВЛАДИМИРСКАЯ,2021,0.0,0.0,0.0
8157509,"ООО ""РЕТРОФОРМА""",7726732007,МОСКВА,2021,111596.0,39.0,49.0
8327049,"ООО ""ВИРТЕКС КОНСТРАКШН""",7707825200,МОСКВА,2021,0.0,0.0,0.0
8331529,"ООО ""СМК""",277134029,БАШКОРТОСТАН,2023,0.0,0.0,0.0
8331529,"ООО ""СМК""",277134029,БАШКОРТОСТАН,2022,0.0,0.0,0.0
8331529,"ООО ""СМК""",277134029,БАШКОРТОСТАН,2021,0.0,0.0,0.0
8331911,"ООО ""КАПИТАЛ-СТРОЙ""",2465307214,КРАСНОЯРСКИЙ,2021,0.0,0.0,0.0
8132208,"ООО ""ГАРАНТСТРОЙ""",7804517377,САНКТ-ПЕТЕРБУРГ,2021,0.0,-9.0,-11.0
8134051,"ООО ""ПАВАЗ""",5029179127,МОСКОВСКАЯ,2022,0.0,-2.0,-2.0
8134051,"ООО ""ПАВАЗ""",5029179127,МОСКОВСКАЯ,2021,0.0,-883.0,-883.0
8135735,"ООО ""ПСК"" СТРОЙИНДУСТРИЯ""",4028055247,КАЛУЖСКАЯ,2024,0.0,0.0,0.0
8135735,"ООО ""ПСК"" СТРОЙИНДУСТРИЯ""",4028055247,КАЛУЖСКАЯ,2023,0.0,-5.0,-5.0
8135735,"ООО ""ПСК"" СТРОЙИНДУСТРИЯ""",4028055247,КАЛУЖСКАЯ,2022,1525.0,-45.0,-60.0
8135735,"ООО ""ПСК"" СТРОЙИНДУСТРИЯ""",4028055247,КАЛУЖСКАЯ,2021,847.0,-138.0,-146.0
8317740,"ООО ""ЕВРАЗИЯ-КОНСАЛТ""",7702831376,МОСКВА,2021,84965.0,86.0,108.0
12212710,"ООО ""ГЕФЕСТ""",6165236601,РОСТОВСКАЯ,2024,0.0,-212.0,-212.0
12212710,"ООО ""ГЕФЕСТ""",6165236601,РОСТОВСКАЯ,2023,7857.0,46.0,57.0
12514468,"ООО ""ТАГОС""",1655504113,ТАТАРСТАН,2024,100.0,-2051.0,-2051.0
12273459,"ООО ""ДСС""",6143101953,РОСТОВСКАЯ,2024,1711.0,9.0,11.0
12273459,"ООО ""ДСС""",6143101953,РОСТОВСКАЯ,2023,0.0,0.0,0.0
11126244,"ООО ""МСМ""",5032311248,МОСКОВСКАЯ,2024,20536.0,564.0,705.0
11126244,"ООО ""МСМ""",5032311248,МОСКОВСКАЯ,2023,3034.0,89.0,89.0
11126244,"ООО ""МСМ""",5032311248,МОСКОВСКАЯ,2022,0.0,0.0,0.0
11126244,"ООО ""МСМ""",5032311248,МОСКОВСКАЯ,2021,0.0,0.0,0.0
6757143,"ООО ""СК""",2315097600,КРАСНОДАРСКИЙ,2024,0.0,0.0,0.0
6757143,"ООО ""СК""",2315097600,КРАСНОДАРСКИЙ,2023,0.0,-4.0,-4.0
6757143,"ООО ""СК""",2315097600,КРАСНОДАРСКИЙ,2022,0.0,-4.0,-4.0
6757143,"ООО ""СК""",2315097600,КРАСНОДАРСКИЙ,2021,0.0,-15.0,-15.0
9678987,"ООО СК ""МЕРКУРИЙ""",7716820720,МОСКВА,2024,236.0,-1586.0,-1586.0
9678987,"ООО СК ""МЕРКУРИЙ""",7716820720,МОСКВА,2023,3313.0,-1344.0,-1344.0
9678987,"ООО СК ""МЕРКУРИЙ""",7716820720,МОСКВА,2022,2833.0,-195.0,-150.0
9678987,"ООО СК ""МЕРКУРИЙ""",7716820720,МОСКВА,2021,6003.0,300.0,340.0
6505372,"ООО ""НОВО ГРУПП""",7727574794,МОСКВА,2024,137601.0,59.0,1406.0
6505372,"ООО ""НОВО ГРУПП""",7727574794,МОСКВА,2023,167753.0,607.0,7474.0
6505372,"ООО ""НОВО ГРУПП""",7727574794,МОСКВА,2022,3227.0,135.0,107.0
6505372,"ООО ""НОВО ГРУПП""",7727574794,МОСКВА,2021,7439.0,134.0,-92.0
9046941,"ООО ""ФИРМА ""ВИКТОРИЯ""",9201503748,СЕВАСТОПОЛЬ,2024,0.0,0.0,0.0
9046941,"ООО ""ФИРМА ""ВИКТОРИЯ""",9201503748,СЕВАСТОПОЛЬ,2023,0.0,0.0,0.0
9046941,"ООО ""ФИРМА ""ВИКТОРИЯ""",9201503748,СЕВАСТОПОЛЬ,2022,0.0,0.0,0.0
9046941,"ООО ""ФИРМА ""ВИКТОРИЯ""",9201503748,СЕВАСТОПОЛЬ,2021,0.0,0.0,0.0
9336766,"ООО ""АЛЬТЕРА СТИЛЛ""",5020078893,МОСКОВСКАЯ,2024,0.0,0.0,0.0
9336766,"ООО ""АЛЬТЕРА СТИЛЛ""",5020078893,МОСКОВСКАЯ,2023,0.0,0.0,0.0
9336766,"ООО ""АЛЬТЕРА СТИЛЛ""",5020078893,МОСКОВСКАЯ,2022,16318.0,-112.0,-43.0
9336766,"ООО ""АЛЬТЕРА СТИЛЛ""",5020078893,МОСКОВСКАЯ,2021,56944.0,479.0,634.0
10806302,"ОБЩЕСТВО С ОГРАНИЧЕННОЙ ОТВЕТСТВЕННОСТЬЮ ""СТИМУЛ""",5048049652,МОСКОВСКАЯ,2024,1473.0,0.0,0.0
10806302,"ОБЩЕСТВО С ОГРАНИЧЕННОЙ ОТВЕТСТВЕННОСТЬЮ ""СТИМУЛ""",5048049652,МОСКОВСКАЯ,2023,118049.0,1227.0,1498.0
10806302,"ОБЩЕСТВО С ОГРАНИЧЕННОЙ ОТВЕТСТВЕННОСТЬЮ ""СТИМУЛ""",5048049652,МОСКОВСКАЯ,2022,0.0,-86.0,-86.0
10806302,"ОБЩЕСТВО С ОГРАНИЧЕННОЙ ОТВЕТСТВЕННОСТЬЮ ""СТИМУЛ""",5048049652,МОСКОВСКАЯ,2021,0.0,-58.0,-57.0
11547186,"ООО ""АКСОДИЯ""",5948062688,ПЕРМСКИЙ,2024,2405.0,-7687.0,-6988.0
11547186,"ООО ""АКСОДИЯ""",5948062688,ПЕРМСКИЙ,2023,13586.0,724.0,874.0
11547186,"ООО ""АКСОДИЯ""",5948062688,ПЕРМСКИЙ,2022,11321.0,2765.0,2935.0
11547186,"ООО ""АКСОДИЯ""",5948062688,ПЕРМСКИЙ,2021,919.0,-146.0,-52.0
9681134,"ООО ""СК ""СПЕЦСТРОЙМОНТАЖ""",2465142481,КРАСНОЯРСКИЙ,2024,0.0,0.0,0.0
9681134,"ООО ""СК ""СПЕЦСТРОЙМОНТАЖ""",2465142481,КРАСНОЯРСКИЙ,2023,0.0,0.0,0.0
9681134,"ООО ""СК ""СПЕЦСТРОЙМОНТАЖ""",2465142481,КРАСНОЯРСКИЙ,2022,0.0,0.0,0.0
9681134,"ООО ""СК ""СПЕЦСТРОЙМОНТАЖ""",2465142481,КРАСНОЯРСКИЙ,2021,0.0,-232.0,-220.0
11949537,"ООО ""АРОМ-СТРОЙ""",5904402859,ПЕРМСКИЙ,2024,2558.0,2376.0,2478.0
11949537,"ООО ""АРОМ-СТРОЙ""",5904402859,ПЕРМСКИЙ,2023,237.0,232.0,236.0
11949537,"ООО ""АРОМ-СТРОЙ""",5904402859,ПЕРМСКИЙ,2022,170.0,162.0,164.0
10346196,"ООО ""СПЕЦМОНТАЖСТРОЙ""",2543116361,МОСКОВСКАЯ,2024,3556.0,-1037.0,-1037.0
10346196,"ООО ""СПЕЦМОНТАЖСТРОЙ""",2543116361,МОСКОВСКАЯ,2023,9444.0,-1148.0,-516.0
10346196,"ООО ""СПЕЦМОНТАЖСТРОЙ""",2543116361,МОСКОВСКАЯ,2022,7498.0,-121.0,615.0
10346196,"ООО ""СПЕЦМОНТАЖСТРОЙ""",2543116361,МОСКОВСКАЯ,2021,37354.0,-321.0,-68.0
11203617,"ООО ""ПРАЙМ""",5916035360,ПЕРМСКИЙ,2024,0.0,0.0,0.0
11203617,"ООО ""ПРАЙМ""",5916035360,ПЕРМСКИЙ,2023,0.0,0.0,0.0
11203617,"ООО ""ПРАЙМ""",5916035360,ПЕРМСКИЙ,2022,2454.0,6.0,7.0
11203617,"ООО ""ПРАЙМ""",5916035360,ПЕРМСКИЙ,2021,7489.0,23.0,23.0
11878915,"ООО ""МОЛОТОК""",2536334143,ПРИМОРСКИЙ,2024,0.0,0.0,0.0
11878915,"ООО ""МОЛОТОК""",2536334143,ПРИМОРСКИЙ,2023,0.0,0.0,0.0
10290645,"ООО ""УК ""ОЙКОС""",5024177045,МОСКОВСКАЯ,2024,0.0,0.0,0.0
10290645,"ООО ""УК ""ОЙКОС""",5024177045,МОСКОВСКАЯ,2023,0.0,0.0,0.0
10290645,"ООО ""УК ""ОЙКОС""",5024177045,МОСКОВСКАЯ,2022,0.0,0.0,0.0
10290645,"ООО ""УК ""ОЙКОС""",5024177045,МОСКОВСКАЯ,2021,0.0,0.0,0.0
9478508,"ЖСК ""ФЕДОРОВСКАЯ 1""",6450090911,САРАТОВСКАЯ,2024,0.0,0.0,0.0
9478508,"ЖСК ""ФЕДОРОВСКАЯ 1""",6450090911,САРАТОВСКАЯ,2023,0.0,0.0,0.0
9478508,"ЖСК ""ФЕДОРОВСКАЯ 1""",6450090911,САРАТОВСКАЯ,2022,0.0,0.0,0.0
12001847,"ООО ""МИР СТРОЙ""",2372031323,КРАСНОДАРСКИЙ,2024,14491.0,2010.0,1507.0
12001847,"ООО ""МИР СТРОЙ""",2372031323,КРАСНОДАРСКИЙ,2023,0.0,0.0,0.0
12001847,"ООО ""МИР СТРОЙ""",2372031323,КРАСНОДАРСКИЙ,2022,692.0,415.0,277.0
12151258,"ООО ""УНР-90""",7814821626,САНКТ-ПЕТЕРБУРГ,2024,0.0,-215.0,-215.0
12151258,"ООО ""УНР-90""",7814821626,САНКТ-ПЕТЕРБУРГ,2023,13777.0,199.0,249.0
10512706,"ООО ""СТРОЙРЕСУРС""",3121008151,БЕЛГОРОДСКАЯ,2024,0.0,0.0,0.0
10512706,"ООО ""СТРОЙРЕСУРС""",3121008151,БЕЛГОРОДСКАЯ,2023,8107.0,73.0,55.0
10512706,"ООО ""СТРОЙРЕСУРС""",3121008151,БЕЛГОРОДСКАЯ,2022,16120.0,970.0,702.0
10512706,"ООО ""СТРОЙРЕСУРС""",3121008151,БЕЛГОРОДСКАЯ,2021,56594.0,-2747.0,-2060.0
9002809,"ООО ""ЭНЕРГОПРОМСЕРВИС""",6732082700,СМОЛЕНСКАЯ,2024,17249.0,921.0,434.0
9002809,"ООО ""ЭНЕРГОПРОМСЕРВИС""",6732082700,СМОЛЕНСКАЯ,2023,15018.0,762.0,318.0
9002809,"ООО ""ЭНЕРГОПРОМСЕРВИС""",6732082700,СМОЛЕНСКАЯ,2021,12814.0,390.0,-161.0
12274261,"ООО ""СТРОЙУРАЛ""",247012369,БАШКОРТОСТАН,2024,4204.0,-42.0,0.0
12274261,"ООО ""СТРОЙУРАЛ""",247012369,БАШКОРТОСТАН,2023,0.0,0.0,0.0
12400306,"ООО ""ТРОЙКА""",8911033319,ЯМАЛО-НЕНЕЦКИЙ,2024,0.0,0.0,0.0
12391351,"ООО ""СИБРУ""",8602313460,ХАНТЫ-МАНСИЙСКИЙ АВТОНОМНЫЙ ОКРУГ - ЮГРА,2024,43704.0,15478.0,15478.0
12381885,"ООО ""РЭМ""",3100028968,БЕЛГОРОДСКАЯ,2024,15000.0,15.0,15.0
12057636,"ООО ""НИЖСТРОЙ""",2311342917,КРАСНОДАРСКИЙ,2024,43474.0,74.0,74.0
12293456,"ООО ""ЦЕНТР СОВРЕМЕННЫХ СТРОИТЕЛЬНЫХ РЕШЕНИЙ""",5043083191,МОСКОВСКАЯ,2024,0.0,-7.0,-7.0
11326502,"ООО ""СК БАЗИС""",7802707686,САНКТ-ПЕТЕРБУРГ,2024,143025.0,-40508.0,-40508.0
11326502,"ООО ""СК БАЗИС""",7802707686,САНКТ-ПЕТЕРБУРГ,2023,196453.0,1552.0,1552.0
11326502,"ООО ""СК БАЗИС""",7802707686,САНКТ-ПЕТЕРБУРГ,2022,269635.0,9453.0,11888.0
11326502,"ООО ""СК БАЗИС""",7802707686,САНКТ-ПЕТЕРБУРГ,2021,190343.0,4599.0,5654.0
9023405,"ООО ""АБА-СТРОЙ""",3525338814,ВОЛОГОДСКАЯ,2024,0.0,0.0,0.0
9023405,"ООО ""АБА-СТРОЙ""",3525338814,ВОЛОГОДСКАЯ,2023,4422.0,2835.0,2861.0
9023405,"ООО ""АБА-СТРОЙ""",3525338814,ВОЛОГОДСКАЯ,2022,2257.0,-406.0,-470.0
9023405,"ООО ""АБА-СТРОЙ""",3525338814,ВОЛОГОДСКАЯ,2021,4351.0,710.0,471.0
12247825,"ООО ""СТРОЙРАЗВИТИЕ""",7801726083,САНКТ-ПЕТЕРБУРГ,2024,59931.0,2510.0,2874.0
12247825,"ООО ""СТРОЙРАЗВИТИЕ""",7801726083,САНКТ-ПЕТЕРБУРГ,2023,0.0,-2594.0,-2591.0
8851861,"ООО ""ТЕХКОМ""",4253024183,КЕМЕРОВСКАЯ ОБЛАСТЬ - КУЗБАСС,2024,0.0,0.0,0.0
8851861,"ООО ""ТЕХКОМ""",4253024183,КЕМЕРОВСКАЯ ОБЛАСТЬ - КУЗБАСС,2023,0.0,0.0,0.0
8851861,"ООО ""ТЕХКОМ""",4253024183,КЕМЕРОВСКАЯ ОБЛАСТЬ - КУЗБАСС,2022,0.0,0.0,0.0
8851861,"ООО ""ТЕХКОМ""",4253024183,КЕМЕРОВСКАЯ ОБЛАСТЬ - КУЗБАСС,2021,0.0,0.0,0.0
10740183,"ООО ""ИНКОМ""",5918216757,ПЕРМСКИЙ,2024,0.0,0.0,0.0
10740183,"ООО ""ИНКОМ""",5918216757,ПЕРМСКИЙ,2023,0.0,0.0,0.0
10740183,"ООО ""ИНКОМ""",5918216757,ПЕРМСКИЙ,2022,0.0,0.0,0.0
10740183,"ООО ""ИНКОМ""",5918216757,ПЕРМСКИЙ,2021,19212.0,4742.0,5032.0
9151995,"ООО ""БИЗНЕС-ЕДИНИЦА""",6325065763,САМАРСКАЯ,2024,3567.0,-32.0,-42.0
9151995,"ООО ""БИЗНЕС-ЕДИНИЦА""",6325065763,САМАРСКАЯ,2023,3968.0,-70.0,-109.0
9151995,"ООО ""БИЗНЕС-ЕДИНИЦА""",6325065763,САМАРСКАЯ,2022,3586.0,5.0,-30.0
9151995,"ООО ""БИЗНЕС-ЕДИНИЦА""",6325065763,САМАРСКАЯ,2021,497.0,-7.0,-12.0
12244094,"ООО ""КЕНТАВР""",2225230374,АЛТАЙСКИЙ,2024,20473.0,121.0,152.0
12244094,"ООО ""КЕНТАВР""",2225230374,АЛТАЙСКИЙ,2023,2053.0,13.0,24.0
11874880,"ООО ""КРЫМСПАН""",9200010980,СЕВАСТОПОЛЬ,2024,1913.0,17.0,21.0
11874880,"ООО ""КРЫМСПАН""",9200010980,СЕВАСТОПОЛЬ,2023,15288.0,159.0,436.0
11874880,"ООО ""КРЫМСПАН""",9200010980,СЕВАСТОПОЛЬ,2022,5112.0,682.0,508.0
11159296,"ООО ""ФОРПОСТ""",5044117291,МОСКВА,2024,150380.0,685.0,803.0
11159296,"ООО ""ФОРПОСТ""",5044117291,МОСКВА,2023,0.0,0.0,0.0
11159296,"ООО ""ФОРПОСТ""",5044117291,МОСКВА,2021,6388.0,51.0,51.0
11434021,"ООО ""ФАВОРИТ""",7801689723,САНКТ-ПЕТЕРБУРГ,2024,20.0,4.0,4.0
11434021,"ООО ""ФАВОРИТ""",7801689723,САНКТ-ПЕТЕРБУРГ,2023,20297.0,557.0,717.0
11434021,"ООО ""ФАВОРИТ""",7801689723,САНКТ-ПЕТЕРБУРГ,2022,8965.0,31.0,43.0
11434021,"ООО ""ФАВОРИТ""",7801689723,САНКТ-ПЕТЕРБУРГ,2021,2644.0,61.0,77.0
8204472,"ООО ""НАЯДА РОСТОВ""",6168070707,РОСТОВСКАЯ,2024,10566.0,114.0,143.0
8204472,"ООО ""НАЯДА РОСТОВ""",6168070707,РОСТОВСКАЯ,2023,33655.0,313.0,391.0
8204472,"ООО ""НАЯДА РОСТОВ""",6168070707,РОСТОВСКАЯ,2022,17836.0,231.0,289.0
8204472,"ООО ""НАЯДА РОСТОВ""",6168070707,РОСТОВСКАЯ,2021,11632.0,135.0,169.0
12135022,"ООО ""ДЖЕНТЛЬМЕН""",2636221231,СТАВРОПОЛЬСКИЙ,2024,0.0,-786.0,-786.0
12135022,"ООО ""ДЖЕНТЛЬМЕН""",2636221231,СТАВРОПОЛЬСКИЙ,2023,0.0,0.0,0.0
11934111,"ООО ""АРМСТРОЙ-НН""",5262387869,НИЖЕГОРОДСКАЯ,2022,9139.0,99.0,123.0
11994231,"ООО ""ФЕНИКС""",7707477707,МОСКВА,2023,3356.0,1.0,1.0
3705155,"ООО ""ГРАНАТ""",6165138788,РОСТОВСКАЯ,2023,0.0,0.0,0.0
3705155,"ООО ""ГРАНАТ""",6165138788,РОСТОВСКАЯ,2022,0.0,0.0,0.0
3705155,"ООО ""ГРАНАТ""",6165138788,РОСТОВСКАЯ,2021,0.0,-150.0,-150.0
11219045,"ООО ""ЗАСТРОЙ""",3460077738,ВОЛГОГРАДСКАЯ,2023,0.0,0.0,0.0
11219045,"ООО ""ЗАСТРОЙ""",3460077738,ВОЛГОГРАДСКАЯ,2022,0.0,0.0,0.0
12040265,"ООО ""АЗИМУТ""",9701230930,МОСКВА,2022,1637.0,2.0,2.0
11966948,"ООО ""ИНСАЙТ-СТРОЙ""",6732237785,СМОЛЕНСКАЯ,2023,8522.0,6.0,8.0
11932998,"ООО ""ГРИН""",9723166438,МОСКВА,2022,30006.0,7.0,9.0
12008839,"ООО ""ЭЙЯ""",9724110300,МОСКВА,2022,0.0,0.0,0.0
9429088,"ООО ""СТРОЙИМПЕРИЯ""",7117028890,ТУЛЬСКАЯ,2021,0.0,0.0,0.0
12358344,"ООО ""АССТРОЙ""",5027324851,МОСКОВСКАЯ,2024,0.0,-10.0,-10.0
10289868,"ООО ""ВЕКОВАЯ УСАДЬБА""",7724414778,МОСКВА,2021,0.0,0.0,0.0
11926353,"ООО ""СТРОЙКОМПЛЕКТ""",9724095740,МОСКВА,2022,0.0,0.0,0.0
11930872,"ООО ""НОРВУД""",9727007365,МОСКВА,2022,0.0,0.0,0.0
11737976,"ООО ""ТРИБУС""",9715411171,МОСКВА,2023,1406.0,-98.0,-98.0
11737976,"ООО ""ТРИБУС""",9715411171,МОСКВА,2022,32020.0,450.0,570.0
11536922,"ООО ""МОДУЛЬ""",3804114797,ИРКУТСКАЯ,2022,1938.0,246.0,362.0
11536922,"ООО ""МОДУЛЬ""",3804114797,ИРКУТСКАЯ,2021,3394.0,482.0,679.0
3036232,"ООО ""ТЕМА""",7701270495,МОСКВА,2024,0.0,0.0,0.0
3036232,"ООО ""ТЕМА""",7701270495,МОСКВА,2023,0.0,-174.0,-174.0
3036232,"ООО ""ТЕМА""",7701270495,МОСКВА,2022,42524.0,686.0,511.0
3036232,"ООО ""ТЕМА""",7701270495,МОСКВА,2021,0.0,0.0,0.0
8026024,"ООО ""СВОЯ ТЕРРИТОРИЯ""",7202252162,ТЮМЕНСКАЯ,2021,0.0,0.0,0.0
11896023,"ООО ""АЛЬЯНС ГРУПП""",9728069082,МОСКВА,2022,592.0,218.0,164.0
12532951,"ООО ""ПРОМТЕХСТРОЙ""",9701296377,МОСКВА,2024,847.0,15.0,16.0
11687353,"ООО ""ПРОМТЕХНОСТРОЙ""",3102050581,БЕЛГОРОДСКАЯ,2021,2030.0,85.0,207.0
11687512,"ООО ""ТРИНИТИ""",7714477070,МОСКВА,2021,41447.0,131.0,98.0
11687581,"ООО ""МСС""",9729314379,МОСКВА,2021,4416.0,36.0,45.0
11687596,"ООО ""ЭЛИТСТРОЙ""",3662297133,ВОРОНЕЖСКАЯ,2021,0.0,0.0,0.0
11688379,"ООО ""БЕЛЫЕ НОЧИ""",7814798399,САНКТ-ПЕТЕРБУРГ,2023,0.0,0.0,0.0
11688379,"ООО ""БЕЛЫЕ НОЧИ""",7814798399,САНКТ-ПЕТЕРБУРГ,2021,0.0,0.0,0.0
11688724,"ООО ""ГАРАНТ""",1841101129,УДМУРТСКАЯ,2021,3959.0,1.0,1.0
11660435,"ООО ""КАПЕЛЛА 20""",3663157361,ВОРОНЕЖСКАЯ,2021,3476.0,7.0,5.0
11660131,"ООО ""ПРОМТЕХТРАНЗИТ""",7720853502,МОСКВА,2022,10148.0,141.0,107.0
11660131,"ООО ""ПРОМТЕХТРАНЗИТ""",7720853502,МОСКВА,2021,412.0,-79.0,-79.0
11660642,"ООО ""ГАРСИЯ""",9704085568,МОСКВА,2021,12330.0,90.0,105.0
11660976,"ООО ""КАРМАТ""",9724056780,МОСКВА,2021,5516.0,14.0,10.0
11661000,"ООО ""СЗ ""Ф1""",7727471799,МОСКВА,2021,0.0,-179.0,-179.0
11661802,"ООО ""СОДРУЖЕСТВО""",4632284403,КУРСКАЯ,2021,0.0,0.0,0.0
11662253,"ООО ""ФЕРРА""",9722006946,МОСКВА,2022,19027.0,83.0,104.0
11662253,"ООО ""ФЕРРА""",9722006946,МОСКВА,2021,3851.0,19.0,23.0
11662438,"ООО ""ГАНДАР""",9704085906,МОСКВА,2021,8503.0,8.0,6.0
11662578,"ООО ""БАРБЕРА""",9703045883,МОСКВА,2021,0.0,0.0,0.0
11662729,"ООО ""АРТЕЛЬ""",275926389,БАШКОРТОСТАН,2021,3583.0,35.0,26.0
11663022,"ООО ""ЭНСО ГРУПП""",9724056967,МОСКВА,2021,0.0,0.0,0.0
11663049,"ООО ""СТРОЙТЕХ""",1326257317,МОРДОВИЯ,2021,0.0,0.0,0.0
11663271,"ООО ""ИНЖСЕРВИС""",800000610,КАЛМЫКИЯ,2023,0.0,-38.0,-38.0
11663271,"ООО ""ИНЖСЕРВИС""",800000610,КАЛМЫКИЯ,2022,0.0,-124.0,-124.0
11663271,"ООО ""ИНЖСЕРВИС""",800000610,КАЛМЫКИЯ,2021,680.0,49.0,52.0
11663529,"ООО ""УПРАВЛЯЮЩАЯ КОМПАНИЯ ""КРИСТАЛЛ ЛАЙН""",9721141981,МОСКВА,2021,2899.0,256.0,321.0
6916477,"АО ""СП-04""",5610054133,ОРЕНБУРГСКАЯ,2021,0.0,0.0,0.0
6926832,"ЗАО ""СТРОИТЕЛЬНАЯ ФИРМА ТРЕСТ - 5""",5506049240,ОМСКАЯ,2021,4610.0,-69631.0,-135445.0
2638830,"ООО ""СФЕРА-К""",1655180780,ТАТАРСТАН,2022,0.0,0.0,0.0
2638830,"ООО ""СФЕРА-К""",1655180780,ТАТАРСТАН,2021,0.0,0.0,0.0
2618687,"ООО ""КАСКАД-М""",5904064423,ПЕРМСКИЙ,2022,1027.0,-486.0,-496.0
2618687,"ООО ""КАСКАД-М""",5904064423,ПЕРМСКИЙ,2021,56.0,-1399.0,-1400.0
2641054,"ООО ""СТРОЙКОМ-МЕТ""",7447111666,ЧЕЛЯБИНСКАЯ,2022,0.0,-99.0,-77.0
2641054,"ООО ""СТРОЙКОМ-МЕТ""",7447111666,ЧЕЛЯБИНСКАЯ,2021,0.0,256.0,272.0
2626655,"ООО ""ГСМ""",7715534613,МОСКОВСКАЯ,2022,1377.0,2.0,6.0
2626655,"ООО ""ГСМ""",7715534613,МОСКОВСКАЯ,2021,3754.0,-107.0,-94.0
2588574,"ООО СК ""ССС""",7203236692,ТЮМЕНСКАЯ,2022,0.0,0.0,0.0
2588574,"ООО СК ""ССС""",7203236692,ТЮМЕНСКАЯ,2021,0.0,0.0,0.0
2331237,"ООО ""ПРОМСТРОЙ""",6658291014,СВЕРДЛОВСКАЯ,2021,0.0,0.0,0.0
2332400,"ООО ""ДРАЙВ-СТРОЙ""",323350676,БУРЯТИЯ,2021,0.0,0.0,0.0
2337237,"ООО ""ВЕКТОР КОНСТРАКШН""",7705835298,МОСКВА,2021,6599.0,-33680.0,-33680.0
2489212,"ООО ""КОНТАКТ""",6321160871,САМАРСКАЯ,2021,35938.0,0.0,0.0
2468265,"ООО ""КД-КВАДРО""",5260080818,НИЖЕГОРОДСКАЯ,2023,0.0,0.0,0.0
2468265,"ООО ""КД-КВАДРО""",5260080818,НИЖЕГОРОДСКАЯ,2022,1396.0,15.0,19.0
2468265,"ООО ""КД-КВАДРО""",5260080818,НИЖЕГОРОДСКАЯ,2021,681.0,3.0,4.0
2417338,"ООО ""КАРАВАН""",6671387734,СВЕРДЛОВСКАЯ,2022,114802.0,94286.0,95932.0
2417338,"ООО ""КАРАВАН""",6671387734,СВЕРДЛОВСКАЯ,2021,16439.0,672.0,957.0
2440933,"ООО ""ЗЕТГРУПП""",7804454624,САНКТ-ПЕТЕРБУРГ,2022,0.0,0.0,0.0
2475786,"ООО ""МВК-РЕГИОН""",7453239287,ЧЕЛЯБИНСКАЯ,2022,0.0,0.0,0.0
2475786,"ООО ""МВК-РЕГИОН""",7453239287,ЧЕЛЯБИНСКАЯ,2021,0.0,0.0,0.0
2371516,"ООО ""СТРОЙМАСТЕР""",6906009074,ТВЕРСКАЯ,2021,1047.0,0.0,0.0
2813824,"ООО ""ПОЗИТИВ-ДИЗАЙН""",7714653801,МОСКВА,2021,0.0,-511.0,-511.0
2814979,"ООО ""ВЕСНА""",6672305460,СВЕРДЛОВСКАЯ,2021,0.0,0.0,0.0
2815646,"ООО ""ГОЛДИНГ""",1327013264,МОРДОВИЯ,2021,17537.0,0.0,175.0
2782807,"ООО ""ДОМА СИБИРИ""",7714793608,МОСКВА,2021,6226.0,31.0,43.0
6206684,"ООО ""ТЕХМОНТАЖ-М""",2320146034,КРАСНОДАРСКИЙ,2022,0.0,0.0,0.0
6206684,"ООО ""ТЕХМОНТАЖ-М""",2320146034,КРАСНОДАРСКИЙ,2021,0.0,0.0,0.0
6231754,"ООО ""РЕМСПЕЦТЕХ""",7816404755,САНКТ-ПЕТЕРБУРГ,2023,408582.0,6846.0,5135.0
6231754,"ООО ""РЕМСПЕЦТЕХ""",7816404755,САНКТ-ПЕТЕРБУРГ,2022,331404.0,879.0,659.0
6231754,"ООО ""РЕМСПЕЦТЕХ""",7816404755,САНКТ-ПЕТЕРБУРГ,2021,182671.0,1950.0,1463.0
6186499,"ООО ""НОВОСТРОЙ""",323826683,БУРЯТИЯ,2021,0.0,0.0,0.0
6151489,"ЗАО ""УРАЛ-ХОЛДИНГ""",7446039819,ЧЕЛЯБИНСКАЯ,2021,0.0,0.0,0.0
6160352,"ООО ""КУЛЬТБЫТСТРОЙ-М""",2464106522,КРАСНОЯРСКИЙ,2023,0.0,0.0,0.0
6160352,"ООО ""КУЛЬТБЫТСТРОЙ-М""",2464106522,КРАСНОЯРСКИЙ,2022,0.0,0.0,0.0
6160352,"ООО ""КУЛЬТБЫТСТРОЙ-М""",2464106522,КРАСНОЯРСКИЙ,2021,0.0,0.0,0.0
6164084,"ООО ""РЕАЛСТРОЙ - УЛЬЯНОВСК""",7325071166,УЛЬЯНОВСКАЯ,2021,0.0,27.0,27.0
6140306,"ООО ""ЧЕРНОМОРСКАЯ СТРОИТЕЛЬНАЯ КОМПАНИЯ""",2319037954,КРАСНОДАРСКИЙ,2021,604.0,4.0,16.0
6144999,"ООО ""УНИВЕРСАЛ-СТРОЙ""",7328048609,УЛЬЯНОВСКАЯ,2023,191.0,0.0,0.0
6144999,"ООО ""УНИВЕРСАЛ-СТРОЙ""",7328048609,УЛЬЯНОВСКАЯ,2022,253.0,0.0,0.0
6144999,"ООО ""УНИВЕРСАЛ-СТРОЙ""",7328048609,УЛЬЯНОВСКАЯ,2021,167.0,-117.0,-117.0
6145421,"ООО ""НГ ИНЖИНИРИНГ""",2466145573,КРАСНОЯРСКИЙ,2021,0.0,-2.0,-5.0
6001500,"ООО ""НЕЗАВИСИМОСТЬ""",1831123677,УДМУРТСКАЯ,2022,7513.0,14.0,17.0
6001500,"ООО ""НЕЗАВИСИМОСТЬ""",1831123677,УДМУРТСКАЯ,2021,5692.0,7.0,9.0
6008645,"ООО  ""АЛЕКСЕЙ""",4345204027,КИРОВСКАЯ,2021,0.0,-107.0,-107.0
5923401,"АО ""ФИРМА ТРЕСТ""",5020001820,МОСКОВСКАЯ,2021,617.0,497.0,373.0
5973238,"ООО ""СБМ-ИНВЕСТ""",5047055702,МОСКОВСКАЯ,2023,0.0,0.0,0.0
5973238,"ООО ""СБМ-ИНВЕСТ""",5047055702,МОСКОВСКАЯ,2022,0.0,109.0,72.0
5973238,"ООО ""СБМ-ИНВЕСТ""",5047055702,МОСКОВСКАЯ,2021,0.0,90.0,37.0
5982820,"ООО ""СК ""ТЕПЛОРЕСУРС""",5022086787,МОСКОВСКАЯ,2022,0.0,0.0,0.0
5982820,"ООО ""СК ""ТЕПЛОРЕСУРС""",5022086787,МОСКОВСКАЯ,2021,0.0,0.0,0.0
6279712,"ООО ""3К""",7704640747,МОСКВА,2021,0.0,0.0,0.0
6364308,"ООО ""ТЕРЦИЯ-ГРОЗНЫЙ""",2013430879,ЧЕЧЕНСКАЯ,2021,0.0,0.0,0.0
12312046,"ООО ""СССР""",9724155855,МОСКВА,2024,0.0,0.0,0.0
12312165,"ООО ""ГЛК""",8603250206,ХАНТЫ-МАНСИЙСКИЙ АВТОНОМНЫЙ ОКРУГ - ЮГРА,2023,575.0,180.0,221.0
12112329,"ООО ""СТАРТ""",2632121483,СТАВРОПОЛЬСКИЙ,2024,188.0,119.0,119.0
12112329,"ООО ""СТАРТ""",2632121483,СТАВРОПОЛЬСКИЙ,2023,0.0,0.0,0.0
11709731,"ООО ""ИСКРА""",6679146730,СВЕРДЛОВСКАЯ,2021,0.0,0.0,0.0
11711876,"ООО ""ГОНЕРА""",9723128792,МОСКВА,2021,0.0,0.0,0.0
11828384,"ООО ""СТРОИТЕЛЬНАЯ КОМПАНИЯ БЕЛГЕРИШ""",6432026984,САРАТОВСКАЯ,2023,4984.0,-2811.0,-2811.0
11828384,"ООО ""СТРОИТЕЛЬНАЯ КОМПАНИЯ БЕЛГЕРИШ""",6432026984,САРАТОВСКАЯ,2022,768.0,-187.0,-187.0
11828522,"ООО ""ВВК ХОЛДИНГ""",9729322556,МОСКВА,2022,13191.0,49.0,61.0
11829830,"ООО ""СТК""",5032340143,МОСКОВСКАЯ,2022,0.0,-3.0,-3.0
11830998,"ООО ""БЕТТА""",7727491788,МОСКВА,2022,8764.0,29.0,36.0
11831258,"ООО ""СТРОЙ СЕРВИС""",7452159279,ЧЕЛЯБИНСКАЯ,2022,904.0,-603.0,-603.0
11725642,"ООО ""СТИНМА""",9715410241,МОСКВА,2021,0.0,0.0,0.0
11727541,"ООО ""СТРОЙРЕСУРС""",9724064679,МОСКВА,2021,0.0,0.0,0.0
11727624,"ООО ""МЕЛДИС""",9725067866,МОСКВА,2021,0.0,0.0,0.0
11727139,"ООО ""ИКС""",7805786929,САНКТ-ПЕТЕРБУРГ,2021,0.0,0.0,0.0
11726861,"ООО ""АРКАДА""",6320061902,САМАРСКАЯ,2022,9151.0,65.0,76.0
11726861,"ООО ""АРКАДА""",6320061902,САМАРСКАЯ,2021,2573.0,12.0,14.0
11726905,"ООО ""БЕЛЛА""",6312210491,САМАРСКАЯ,2021,1970.0,6.0,8.0
11727818,"ООО ""СУТАН""",9715410410,МОСКВА,2021,0.0,0.0,0.0
11727883,"ООО ""ГАРДА""",5834128039,ПЕНЗЕНСКАЯ,2022,0.0,0.0,0.0
11727883,"ООО ""ГАРДА""",5834128039,ПЕНЗЕНСКАЯ,2021,0.0,0.0,0.0
11728013,"ООО ""КЕЙСИО""",9721151517,МОСКВА,2022,129413.0,5.0,7.0
11870083,"ООО ""АВСАТИ""",9731093977,МОСКВА,2022,0.0,0.0,0.0
11870627,"ООО ""БЭКГРАУНД""",9722023444,МОСКВА,2022,2270.0,1.0,1.0
11871039,"ООО ""ВЕСТИКО""",9729324930,МОСКВА,2022,18791.0,196.0,196.0
11871897,"ООО ""НСК""",9200010940,СЕВАСТОПОЛЬ,2022,8950.0,-58.0,-58.0
8635667,ООО СПЕЦМОНТАЖ,2464263691,КРАСНОЯРСКИЙ,2023,7428.0,240.0,525.0
8635667,ООО СПЕЦМОНТАЖ,2464263691,КРАСНОЯРСКИЙ,2022,10095.0,33.0,11.0
8635667,ООО СПЕЦМОНТАЖ,2464263691,КРАСНОЯРСКИЙ,2021,9873.0,79.0,54.0
8637412,"ООО ""ОТДЕЛОЧНИК-Л""",4824080322,ЛИПЕЦКАЯ,2021,0.0,-143.0,-74.0
8819924,"ООО ""ЛИГАР""",3906333903,КАЛИНИНГРАДСКАЯ,2021,0.0,0.0,0.0
8834979,"ООО ""СОДРУЖЕСТВО ""АЛЬФА""",9102024649,КРЫМ,2021,5.0,-5418.0,-3527.0
8835151,"ООО  ""МФИС""",7810377174,САНКТ-ПЕТЕРБУРГ,2021,29361.0,153.0,903.0
8823175,"ООО ""СОЮЗ ЧЕРНОБЫЛЬЦЕВ""",2014801149,ЧЕЧЕНСКАЯ,2022,0.0,0.0,0.0
8823175,"ООО ""СОЮЗ ЧЕРНОБЫЛЬЦЕВ""",2014801149,ЧЕЧЕНСКАЯ,2021,0.0,0.0,0.0
8827740,"ООО СК ""КЕМПАС""",3811182741,ИРКУТСКАЯ,2021,10040.0,128.0,160.0
8829377,"ООО ""КФ СТРОЙ""",7718997610,МОСКВА,2021,0.0,-7.0,-7.0
8841454,"ООО ""СТРОЙСИБИРЬ""",5405501639,НОВОСИБИРСКАЯ,2021,16024.0,2.0,3.0
8842071,"ООО ""СПГ АГРУП""",6166150241,РОСТОВСКАЯ,2023,1519.0,-6031.0,-6025.0
8842071,"ООО ""СПГ АГРУП""",6166150241,РОСТОВСКАЯ,2022,2264.0,179.0,198.0
8842071,"ООО ""СПГ АГРУП""",6166150241,РОСТОВСКАЯ,2021,5840.0,-996.0,-1232.0
8813601,"ООО ""ДОРСТРОЙ-СИБИРЬ НСК""",5406789057,НОВОСИБИРСКАЯ,2021,0.0,0.0,0.0
8847598,"ООО ""НИКОГРУПП""",6324053490,САМАРСКАЯ,2023,0.0,0.0,0.0
8847598,"ООО ""НИКОГРУПП""",6324053490,САМАРСКАЯ,2021,0.0,0.0,0.0
8849162,"ООО ""РУСМОСТСТРОЙ""",7713795257,МОСКВА,2023,0.0,6256.0,6256.0
8849162,"ООО ""РУСМОСТСТРОЙ""",7713795257,МОСКВА,2022,0.0,0.0,0.0
8849162,"ООО ""РУСМОСТСТРОЙ""",7713795257,МОСКВА,2021,0.0,0.0,0.0
8805268,"ООО ""СТАРВИСТА КРЫМ""",9103003560,КРЫМ,2022,0.0,-451.0,-221.0
8805268,"ООО ""СТАРВИСТА КРЫМ""",9103003560,КРЫМ,2021,0.0,-7184.0,-1273.0
8805391,"ООО ""НОВЫЙ ГОРОД""",7709961430,МОСКВА,2021,0.0,0.0,0.0
8809866,"ООО ""ПДСК""",9102022095,КРЫМ,2021,0.0,0.0,0.0
8564764,"ООО ""СТРОЙПОЛ 14""",2511088707,ПРИМОРСКИЙ,2021,18261.0,9.0,1.0
8409111,"ООО ""ШАНС""",5832005810,ПЕНЗЕНСКАЯ,2021,0.0,0.0,0.0
8410396,"ООО ""ИНТЕРСТРОЙ""",274185385,БАШКОРТОСТАН,2022,0.0,0.0,0.0
8410396,"ООО ""ИНТЕРСТРОЙ""",274185385,БАШКОРТОСТАН,2021,0.0,0.0,0.0
8412662,"ООО ""ПОДРЯДЧИК""",6501262417,САХАЛИНСКАЯ,2021,6159.0,408.0,501.0
11035354,"ООО ""МИЛАНА-СК""",6454119167,САРАТОВСКАЯ,2021,480.0,0.0,0.0
11084581,"ООО ""СТРОЙПОЛИС""",1658219308,ТАТАРСТАН,2024,42456.0,212.0,159.0
11084581,"ООО ""СТРОЙПОЛИС""",1658219308,ТАТАРСТАН,2023,78227.0,222.0,166.0
11084581,"ООО ""СТРОЙПОЛИС""",1658219308,ТАТАРСТАН,2022,78386.0,279.0,209.0
11084581,"ООО ""СТРОЙПОЛИС""",1658219308,ТАТАРСТАН,2021,56592.0,196.0,147.0
6523302,"ООО ""КОВЧЕГ""",7701678502,МОСКОВСКАЯ,2024,0.0,-616148.0,-495471.0
6523302,"ООО ""КОВЧЕГ""",7701678502,МОСКОВСКАЯ,2023,0.0,-7624.0,-5718.0
6523302,"ООО ""КОВЧЕГ""",7701678502,МОСКОВСКАЯ,2022,101668.0,66.0,-317.0
6523302,"ООО ""КОВЧЕГ""",7701678502,МОСКОВСКАЯ,2021,415219.0,-159711.0,-121235.0
11768993,"ООО ""МОДЕРН""",4400006798,КОСТРОМСКАЯ,2022,4101.0,256.0,256.0
11446128,"ООО ""ПК ФРАНКО""",9721110020,МОСКВА,2021,0.0,0.0,0.0
10959046,"ООО ""ЭМИР ГРУПП""",7714440923,МОСКВА,2021,4423.0,765.0,637.0
4748521,"ООО ""ДЕЛЬТА ПРОФИ""",1660121123,ТАТАРСТАН,2022,153.0,-2.0,0.0
4748521,"ООО ""ДЕЛЬТА ПРОФИ""",1660121123,ТАТАРСТАН,2021,850.0,204.0,227.0
7164398,"ООО ""НЬЮ-ЙОРК"" ДИЗАЙН-СТРОЙ""87""",8603183310,ХАНТЫ-МАНСИЙСКИЙ АВТОНОМНЫЙ ОКРУГ - ЮГРА,2021,736.0,36.0,36.0
905032,"ООО ""ИСК ""ЭКОДОМ""",5004024146,МОСКВА,2021,491.0,41.0,31.0
9467015,"ООО ""СЭЙФТИ""",9715223548,МОСКВА,2023,14684.0,0.0,1938.0
9467015,"ООО ""СЭЙФТИ""",9715223548,МОСКВА,2022,22000.0,14.0,19.0
9467015,"ООО ""СЭЙФТИ""",9715223548,МОСКВА,2021,48215.0,1158.0,1450.0
5338733,"ООО ""ГАЗСТРОЙПОЛИМЕР""",7733098328,МОСКВА,2021,0.0,0.0,0.0
12157489,"ООО ""ССП-ДВ""",2540276247,ПРИМОРСКИЙ,2023,13518.0,129.0,150.0
1787416,"ООО ""ДОРРЕМСТРОЙ""",7445028525,ЧЕЛЯБИНСКАЯ,2022,0.0,0.0,0.0
1787416,"ООО ""ДОРРЕМСТРОЙ""",7445028525,ЧЕЛЯБИНСКАЯ,2021,0.0,0.0,0.0
9145944,"ООО ""СНХМ""",268063830,БАШКОРТОСТАН,2024,0.0,0.0,0.0
9145944,"ООО ""СНХМ""",268063830,БАШКОРТОСТАН,2023,0.0,0.0,0.0
9145944,"ООО ""СНХМ""",268063830,БАШКОРТОСТАН,2021,9620.0,-16.0,-20.0
11887371,"ООО ""РЕСУРССТРОЙ""",9724088870,МОСКВА,2022,293.0,218.0,163.0
1010110,"ООО ""СТМР""",4501096879,СВЕРДЛОВСКАЯ,2022,0.0,1038.0,1115.0
1010110,"ООО ""СТМР""",4501096879,СВЕРДЛОВСКАЯ,2021,0.0,12306.0,12630.0
11602144,"ООО ""ТМК""",2540261642,ПРИМОРСКИЙ,2024,787808.0,-9529.0,-6667.0
11602144,"ООО ""ТМК""",2540261642,ПРИМОРСКИЙ,2023,111737.0,-1847.0,-1398.0
11602144,"ООО ""ТМК""",2540261642,ПРИМОРСКИЙ,2022,0.0,0.0,0.0
11602144,"ООО ""ТМК""",2540261642,ПРИМОРСКИЙ,2021,0.0,0.0,0.0
12511246,"ООО ""СТРОЙ-СИТИ""",9303038465,ДОНЕЦКАЯ НАРОДНАЯ,2024,0.0,-40.0,-40.0
11067357,"ООО ""ИМПУЛЬС""",7734427007,МОСКВА,2023,0.0,0.0,0.0
10994697,"ООО ""ЭКОРЕНОВАЦИЯ""",7805748923,САНКТ-ПЕТЕРБУРГ,2022,3540.0,13.0,10.0
10994697,"ООО ""ЭКОРЕНОВАЦИЯ""",7805748923,САНКТ-ПЕТЕРБУРГ,2021,19015.0,57.0,46.0
11152800,"ООО ""РЕГИОНАЛЬНАЯ СТРОИТЕЛЬНАЯ КОМПАНИЯ""",4025454941,КАЛУЖСКАЯ,2022,6664.0,-443.0,-381.0
11152800,"ООО ""РЕГИОНАЛЬНАЯ СТРОИТЕЛЬНАЯ КОМПАНИЯ""",4025454941,КАЛУЖСКАЯ,2021,3446.0,-122.0,-85.0
11041553,"ООО ""КСИ""",2308265740,КРАСНОДАРСКИЙ,2022,0.0,0.0,0.0
11041553,"ООО ""КСИ""",2308265740,КРАСНОДАРСКИЙ,2021,0.0,0.0,0.0
11042970,"ООО ""СК ЦИРКОН""",2130211359,ЧУВАШСКАЯ РЕСПУБЛИКА -,2021,0.0,0.0,0.0
11052451,"ООО ""БСТ-ДВ""",2722127698,ХАБАРОВСКИЙ,2021,0.0,0.0,0.0
11052504,"ООО ГК ""МЕГААЛЬЯНС""",1001342418,КАРЕЛИЯ,2021,8015.0,64.0,48.0
11053112,"ООО ""ГРЭЙПС""",5903142020,ПЕРМСКИЙ,2022,0.0,0.0,0.0
11053112,"ООО ""ГРЭЙПС""",5903142020,ПЕРМСКИЙ,2021,0.0,0.0,0.0
11052926,"ООО ""РОДНОЙ ДОМ""",3525443311,ВОЛОГОДСКАЯ,2021,0.0,0.0,0.0
11145969,"ООО ""СТАРТ-Р""",6234186390,РЯЗАНСКАЯ,2024,17868.0,8925.0,8974.0
11145969,"ООО ""СТАРТ-Р""",6234186390,РЯЗАНСКАЯ,2023,13548.0,-9097.0,-8916.0
11145969,"ООО ""СТАРТ-Р""",6234186390,РЯЗАНСКАЯ,2022,9052.0,586.0,732.0
11145969,"ООО ""СТАРТ-Р""",6234186390,РЯЗАНСКАЯ,2021,0.0,-3.0,-3.0
11147013,"ООО ""А-МЕГА""",7802696233,САНКТ-ПЕТЕРБУРГ,2021,16379.0,343.0,429.0
11154377,"ООО ""СТРОЙПРОГРЕСС""",5404095328,НОВОСИБИРСКАЯ,2021,0.0,0.0,0.0
11155476,"ООО ""АРТСТРОЙПРОЕКТ""",5835134620,МОСКВА,2024,363872.0,4090.0,3067.0
11155476,"ООО ""АРТСТРОЙПРОЕКТ""",5835134620,МОСКВА,2023,440854.0,3586.0,2690.0
11155476,"ООО ""АРТСТРОЙПРОЕКТ""",5835134620,МОСКВА,2022,295566.0,3502.0,2626.0
11155476,"ООО ""АРТСТРОЙПРОЕКТ""",5835134620,МОСКВА,2021,166570.0,2511.0,1883.0
11150463,"ООО ""СК СОЮЗ""",5029251133,МОСКВА,2021,112794.0,-42.0,-42.0
11150544,"ООО ""ОРБИ МАСТЕР ГРУПП""",7604360351,ЯРОСЛАВСКАЯ,2022,33852.0,856.0,1076.0
11150544,"ООО ""ОРБИ МАСТЕР ГРУПП""",7604360351,ЯРОСЛАВСКАЯ,2021,2027.0,17.0,21.0
11151105,"ООО ""АТЛАНТ""",7203490096,ТЮМЕНСКАЯ,2021,0.0,-11.0,-11.0
11140419,"ООО ""АЙСТРОЙ""",7751170489,МОСКВА,2021,0.0,0.0,0.0
11140842,"ООО ""АФРОСТРОЙ""",7730253575,МОСКВА,2021,0.0,0.0,0.0
11140615,"ООО ""АЛЕКСПЛИТ""",7707434132,МОСКВА,2021,75804.0,409.0,409.0
11141443,"ООО ""ГСК""",6633028131,СВЕРДЛОВСКАЯ,2021,0.0,-12.0,-12.0
11141943,"ООО ""ГК ТЕРРИТОРИЯ-БИЗНЕСА""",2632114623,СТАВРОПОЛЬСКИЙ,2023,11881.0,684.0,563.0
11141943,"ООО ""ГК ТЕРРИТОРИЯ-БИЗНЕСА""",2632114623,СТАВРОПОЛЬСКИЙ,2022,48792.0,3170.0,2611.0
11141943,"ООО ""ГК ТЕРРИТОРИЯ-БИЗНЕСА""",2632114623,СТАВРОПОЛЬСКИЙ,2021,10720.0,622.0,512.0
11143310,"ООО ""БАШСТРОЙСНАБ""",250017991,БАШКОРТОСТАН,2022,35569.0,49.0,61.0
11143310,"ООО ""БАШСТРОЙСНАБ""",250017991,БАШКОРТОСТАН,2021,0.0,0.0,0.0
2571882,"ООО ""Р.О.С. ХАНТЕР""",7730517010,МОСКВА,2023,127723.0,305.0,381.0
2571882,"ООО ""Р.О.С. ХАНТЕР""",7730517010,МОСКВА,2022,142681.0,353.0,441.0
2571882,"ООО ""Р.О.С. ХАНТЕР""",7730517010,МОСКВА,2021,360.0,10.0,33.0
8903440,"ООО ""КОМФОРТСЕРВИС""",7811592914,САНКТ-ПЕТЕРБУРГ,2022,0.0,-48.0,-48.0
8903440,"ООО ""КОМФОРТСЕРВИС""",7811592914,САНКТ-ПЕТЕРБУРГ,2021,0.0,34.0,42.0
12158290,"ООО ""АРКАДА ИНВЕСТ ГРУПП""",6684044090,СВЕРДЛОВСКАЯ,2023,0.0,0.0,0.0
11043608,"ООО ""АЛЬФА СТРОЙ""",5048055014,МОСКОВСКАЯ,2022,18625.0,326.0,418.0
11043608,"ООО ""АЛЬФА СТРОЙ""",5048055014,МОСКОВСКАЯ,2021,9844.0,-29.0,25.0
11815364,"ООО ""СТРОЙЦЕНТР""",274971639,БАШКОРТОСТАН,2024,0.0,0.0,0.0
11815364,"ООО ""СТРОЙЦЕНТР""",274971639,БАШКОРТОСТАН,2023,0.0,0.0,0.0
11815364,"ООО ""СТРОЙЦЕНТР""",274971639,БАШКОРТОСТАН,2022,221064.0,33.0,25.0
12262046,"ООО ""ПЕРСПЕКТИВА""",9701259417,МОСКВА,2023,0.0,0.0,0.0
12258290,"ООО ""САРСТРОЙ 064""",7751266487,МОСКВА,2023,0.0,0.0,0.0
11097000,"ООО ""АБИН""",9705135300,МОСКВА,2023,0.0,0.0,0.0
11097000,"ООО ""АБИН""",9705135300,МОСКВА,2022,0.0,0.0,0.0
11097000,"ООО ""АБИН""",9705135300,МОСКВА,2021,0.0,0.0,0.0
10135693,"ООО ""ФАВОРИТ""",7724403705,МОСКВА,2021,12209.0,433.0,610.0
12135499,"ООО ""ДОРМАЛАН""",7720893390,МОСКВА,2023,0.0,0.0,0.0
1887384,"ООО ""АЛАМБИК""",3812127888,ИРКУТСКАЯ,2022,8336.0,-565.0,-483.0
1887384,"ООО ""АЛАМБИК""",3812127888,ИРКУТСКАЯ,2021,11681.0,990.0,1000.0
11953438,"ООО ""РЕМКОМ""",7733392552,МОСКВА,2023,0.0,0.0,0.0
11953438,"ООО ""РЕМКОМ""",7733392552,МОСКВА,2022,0.0,0.0,0.0
5379665,"ООО ""ОТС""",5244016815,НИЖЕГОРОДСКАЯ,2022,0.0,0.0,0.0
5379665,"ООО ""ОТС""",5244016815,НИЖЕГОРОДСКАЯ,2021,0.0,0.0,0.0
10940571,"ООО ""ФРОНТОН""",5835131933,ПЕНЗЕНСКАЯ,2021,0.0,0.0,0.0
12433126,"ООО ""ЗАГОРОДНЫЙ ДОМ""",9722074745,МОСКВА,2024,0.0,0.0,0.0
12050040,"ООО ""СТРОЙ КАПИТАЛ""",7716974960,МОСКВА,2024,44272.0,921.0,691.0
12050040,"ООО ""СТРОЙ КАПИТАЛ""",7716974960,МОСКВА,2023,20101.0,66.0,50.0
10748428,"ООО ""МОНОЛИТ""",7203454725,ТЮМЕНСКАЯ,2021,0.0,0.0,0.0
11854761,"ООО ""АРМАДА""",7100021857,ТУЛЬСКАЯ,2022,0.0,0.0,0.0
11125257,"ООО ""ФОРВАРД СИТИ""",7610130701,ЯРОСЛАВСКАЯ,2023,17273.0,42.0,53.0
11125257,"ООО ""ФОРВАРД СИТИ""",7610130701,ЯРОСЛАВСКАЯ,2022,15746.0,109.0,131.0
11125257,"ООО ""ФОРВАРД СИТИ""",7610130701,ЯРОСЛАВСКАЯ,2021,0.0,0.0,0.0
12045166,"ООО ""ФОРСАЖ""",9717125384,МОСКВА,2023,23878.0,109.0,82.0
10176501,"ООО ""АЙЛАНД""",5027251339,МОСКОВСКАЯ,2021,0.0,0.0,0.0
9100846,"ООО ""МИР БАССЕЙНОВ""",2320227460,КРАСНОДАРСКИЙ,2022,0.0,-31.0,-31.0
9100846,"ООО ""МИР БАССЕЙНОВ""",2320227460,КРАСНОДАРСКИЙ,2021,0.0,0.0,0.0
3245454,"ООО ""ПРОМСТРОЙСВЯЗЬ""",278038695,БАШКОРТОСТАН,2021,120602.0,285.0,332.0
8402262,"ООО ""ЕВРО ОКНА""",2103002010,ЧУВАШСКАЯ РЕСПУБЛИКА -,2021,0.0,0.0,0.0
8285554,"ООО ""АЛАН-СТРОЙ""",3025009829,АСТРАХАНСКАЯ,2021,0.0,0.0,0.0
9816141,"ООО ""ДЕЛОВОЙ РАЗГОВОР""",5403018948,НОВОСИБИРСКАЯ,2022,0.0,0.0,0.0
9816141,"ООО ""ДЕЛОВОЙ РАЗГОВОР""",5403018948,НОВОСИБИРСКАЯ,2021,5678.0,-47.0,-104.0
10838090,"ООО ""ГИС""",2311279415,КРАСНОДАРСКИЙ,2021,0.0,0.0,0.0
4643993,"ООО ""НЕВСКИЙ СТИЛЬ""",7802360988,САНКТ-ПЕТЕРБУРГ,2021,365.0,-115.0,-104.0
6768545,"ООО ""АННА""",2310017103,КРАСНОДАРСКИЙ,2022,0.0,-57.0,-57.0
6768545,"ООО ""АННА""",2310017103,КРАСНОДАРСКИЙ,2021,13207.0,253.0,-417.0
7436260,"ООО""МИС""",2315174597,КРАСНОДАРСКИЙ,2022,0.0,0.0,0.0
7436260,"ООО""МИС""",2315174597,КРАСНОДАРСКИЙ,2021,0.0,0.0,0.0
9580250,"ООО ""ПОРТМАН""",7733265522,МОСКВА,2021,0.0,-18.0,-17.0
4189356,"ООО ""СИНТЕЗ-ПК""",7448101692,ЧЕЛЯБИНСКАЯ,2021,0.0,-29.0,-31.0
10834121,"ООО ""ПРОГРЕСС""",275916207,БАШКОРТОСТАН,2022,3847.0,0.0,0.0
10834121,"ООО ""ПРОГРЕСС""",275916207,БАШКОРТОСТАН,2021,28198.0,6.0,5.0
8485803,"ООО ""СК БАСТИОН""",7447238870,ЧЕЛЯБИНСКАЯ,2022,0.0,0.0,0.0
8485803,"ООО ""СК БАСТИОН""",7447238870,ЧЕЛЯБИНСКАЯ,2021,0.0,0.0,0.0
10167341,"ООО ""ПСК ""МАСТЕР-СТРОЙ 01""",1841070248,УДМУРТСКАЯ,2021,0.0,0.0,0.0
9690213,"ООО ""РУБИН""",6685110355,СВЕРДЛОВСКАЯ,2022,0.0,0.0,0.0
9690213,"ООО ""РУБИН""",6685110355,СВЕРДЛОВСКАЯ,2021,0.0,0.0,0.0
7943019,"ООО ""СМИРНА ГРУПП""",7842497756,САНКТ-ПЕТЕРБУРГ,2022,0.0,0.0,0.0
7943019,"ООО ""СМИРНА ГРУПП""",7842497756,САНКТ-ПЕТЕРБУРГ,2021,0.0,-15.0,-15.0
10962437,"ООО ""СИТИСТРОЙ""",7708344957,МОСКВА,2021,0.0,0.0,0.0
5096405,"ООО ""ТЕХНИЧЕСКИЕ СИСТЕМЫ""",1215081410,МАРИЙ ЭЛ,2021,0.0,0.0,0.0
